phase,index,client,operation,submission_us,latency_us,schedule_lag_us,error
baseline,0,0,read,18483.141,38824.933,4331.752,
baseline,1,1,read,498.493,21805.473,24319.39,
baseline,2,2,read,943.298,23106.674,14828.752,
baseline,3,0,read,307.91,13177.915,5781.698,
baseline,4,1,read,1292.594,33353.011,1488.085,
baseline,5,2,read,1034.797,18367.096,706.869,
baseline,6,0,read,392.988,6912.281,51.796,
baseline,7,1,write,2701.884,27799.425,1036.319,
baseline,8,2,write,8927.694,33113.666,353.485,
baseline,9,0,write,485.949,14805.63,427.953,
baseline,10,1,read,1798.831,13190.679,49.842,
baseline,11,2,read,3145.686,26481.173,273.937,
baseline,12,0,read,522.549,9737.515,111.215,
baseline,13,1,read,566.189,15091.44,96.068,
baseline,14,2,read,371.989,9612.313,310.915,
baseline,15,0,read,268.006,18209.143,104.684,
baseline,16,1,read,302.98,20302.549,838.313,
baseline,17,2,write,454.823,30667.035,1158.806,
baseline,18,0,write,638.04,15168.761,200.532,
baseline,19,1,write,382.529,18363.9,915.986,
baseline,20,2,read,239.444,8595.84,87.211,
baseline,21,0,read,707.921,19283.202,144.728,
baseline,22,1,read,642.279,13604.275,155.077,
baseline,23,2,read,275.55,19968.331,118.85,
baseline,24,0,read,393.499,9646.465,2565.842,
baseline,25,1,read,329.35,9110.092,769.054,
baseline,26,2,read,420.349,13470.858,210.099,
baseline,27,0,write,363.392,36862.96,200.412,
baseline,28,1,write,403.907,36449.675,1931.187,
baseline,29,2,write,380.455,35139.899,377.679,
baseline,30,0,read,692.954,16293.646,772.24,
baseline,31,1,read,2889.461,21459.884,51.816,
baseline,32,2,read,270.321,12196.228,82.803,
baseline,33,0,read,459.661,12628.618,376.678,
baseline,34,1,read,437.591,9316.955,565.648,
baseline,35,2,read,447.65,7580.489,107.649,
baseline,36,0,read,387.518,9035.283,304.674,
baseline,37,1,write,295.106,21537.948,188.86,
baseline,38,2,write,341.633,18868.214,360.738,
baseline,39,0,write,269.399,21427.904,198.588,
baseline,40,1,read,419.437,10269.239,204.489,
baseline,41,2,read,280.479,8977.326,135.01,
baseline,42,0,read,591.425,13327.663,177.559,
baseline,43,1,read,837.481,11093.695,251.486,
baseline,44,2,read,416.021,8908.248,105.956,
baseline,45,0,read,298.513,7896.263,125.513,
baseline,46,1,read,289.246,7138.26,274.619,
baseline,47,2,write,352.462,24174.421,164.615,
baseline,48,0,write,430.858,18404.646,299.525,
baseline,49,1,write,439.775,18770.474,1172.15,
baseline,50,2,read,319.412,9345.979,523.509,
baseline,51,0,read,222.282,8705.793,58.979,
baseline,52,1,read,191.775,9624.745,86.721,
baseline,53,2,read,263.027,9730.892,94.786,
baseline,54,0,read,160.717,6665.023,88.044,
baseline,55,1,read,263.909,6953.909,106.687,
baseline,56,2,read,743.286,10908.823,24.796,
baseline,57,0,write,266.454,24298.832,279.167,
baseline,58,1,write,287.412,21788.522,213.576,
baseline,59,2,write,379.092,14690.537,369.515,
baseline,60,0,read,236.619,4498.21,115.574,
baseline,61,1,read,335.852,9323.518,230.136,
baseline,62,2,read,230.577,5890.519,79.578,
baseline,63,0,read,334.399,11338.428,317.949,
baseline,64,1,read,666.634,8469.275,363.113,
baseline,65,2,read,201.925,9517.426,123.649,
baseline,66,0,read,254.892,16727.59,217.803,
baseline,67,1,write,362.542,35368.663,325.793,
baseline,68,2,write,735.783,25639.364,372.64,
baseline,69,0,write,347.544,43656.09,214.067,
baseline,70,1,read,360.067,12300.581,304.033,
baseline,71,2,read,721.446,10159.235,195.402,
baseline,72,0,read,1203.398,9797.134,467.336,
baseline,73,1,read,177.538,12386.69,337.786,
baseline,74,2,read,396.034,5379.523,80.399,
baseline,75,0,read,300.457,6912.132,85.919,
baseline,76,1,read,291.379,6227.754,88.675,
baseline,77,2,write,1243.994,12845.44,217.794,
baseline,78,0,write,1743.199,11024.257,238.121,
baseline,79,1,write,376.758,13155.213,252.518,
baseline,80,2,read,375.585,5247.558,186.105,
baseline,81,0,read,300.336,8743.043,99.925,
baseline,82,1,read,375.325,8104.749,395.413,
baseline,83,2,read,205.281,8081.117,92.892,
baseline,84,0,read,215.971,7304.819,92.922,
baseline,85,1,read,430.968,15088.073,84.627,
baseline,86,2,read,294.726,11258.912,1868.58,
baseline,87,0,write,328.629,17977.665,199.98,
baseline,88,1,write,294.626,12874.704,207.625,
baseline,89,2,write,239.523,13336.779,185.254,
baseline,90,0,read,366.609,7828.207,133.788,
baseline,91,1,read,386.505,13333.613,139.369,
baseline,92,2,read,589.081,11196.256,272.214,
baseline,93,0,read,607.124,10062.907,123.669,
baseline,94,1,read,221.951,8642.987,115.985,
baseline,95,2,read,235.227,10839.886,139.558,
baseline,96,0,read,427.411,8123.995,224.597,
baseline,97,1,write,426.41,18836.876,311.968,
baseline,98,2,write,308.232,14346.239,787.398,
baseline,99,0,write,277.054,15311.197,426.189,
baseline,100,1,read,227.702,4893.102,189.511,
baseline,101,2,read,289.446,8157.748,92.602,
baseline,102,0,read,436.388,10012.272,141.743,
baseline,103,1,read,518.932,9770.044,91.119,
baseline,104,2,read,164.474,5722.167,138.557,
baseline,105,0,read,254.452,11670.675,161.98,
baseline,106,1,read,275.16,6647.581,125.743,
baseline,107,2,write,388.259,29378.529,249.944,
baseline,108,0,write,389.912,30684.939,340.02,
baseline,109,1,write,236.027,38634.191,222.592,
baseline,110,2,read,252.097,20237.96,247.589,
baseline,111,0,read,284.356,13872.982,332.166,
baseline,112,1,read,223.564,9129.748,231.649,
baseline,113,2,read,265.511,9391.022,319.202,
baseline,114,0,read,291.169,9162.559,112.659,
baseline,115,1,read,219.696,6272.336,24.456,
baseline,116,2,read,369.244,7732.58,195.633,
baseline,117,0,write,315.954,19441.856,218.095,
baseline,118,1,write,280.991,16723.562,248.13,
baseline,119,2,write,238.722,13601.871,208.807,
baseline,120,0,read,205.841,7504.879,222.964,
baseline,121,1,read,248.531,7693.59,94.144,
baseline,122,2,read,737.365,8076.448,92.582,
baseline,123,0,read,542.866,6540.603,463.038,
baseline,124,1,read,294.886,6631.833,116.586,
baseline,125,2,read,330.042,8081.387,100.326,
baseline,126,0,read,287.713,7117.773,247.118,
baseline,127,1,write,1006.655,18981.584,523.44,
baseline,128,2,write,364.376,14535.881,290.157,
baseline,129,0,write,224.496,9552.471,361.7,
baseline,130,1,read,446.367,5436.889,463.078,
baseline,131,2,read,316.406,5286.05,129.23,
baseline,132,0,read,348.025,5020.659,105.415,
baseline,133,1,read,235.807,6440.067,96.97,
baseline,134,2,read,429.386,6239.927,127.236,
baseline,135,0,read,363.784,6112.68,115.254,
baseline,136,1,read,348.065,8218.972,106.327,
baseline,137,2,write,351.861,12206.827,326.776,
baseline,138,0,write,276.912,11980.427,284.638,
baseline,139,1,write,394.671,16282.115,747.174,
baseline,140,2,read,290.177,7266.878,405.552,
baseline,141,0,read,373.802,8326.641,181.898,
baseline,142,1,read,312.679,6340.583,112.539,
baseline,143,2,read,505.096,7218.579,117.438,
baseline,144,0,read,359.164,7052.48,114.163,
baseline,145,1,read,320.945,6283.517,94.185,
baseline,146,2,read,245.505,7361.984,103.312,
baseline,147,0,write,410.891,14795.732,431.62,
baseline,148,1,write,260.323,13521.072,372.47,
baseline,149,2,write,339.819,13535.839,299.295,
baseline,150,0,read,356.56,7769.85,93.133,
baseline,151,1,read,264.479,7929.015,94.195,
baseline,152,2,read,456.226,9622.131,87.803,
baseline,153,0,read,307.91,9082.531,94.596,
baseline,154,1,read,303.903,9082.19,146.853,
baseline,155,2,read,328.55,11686.675,96.178,
baseline,156,0,read,369.814,11228.234,111.598,
baseline,157,1,write,1298.836,23088.861,330.713,
baseline,158,2,write,299.886,17405.094,343.737,
baseline,159,0,write,201.213,20439.795,186.175,
baseline,160,1,read,245.886,7899.8,119.692,
baseline,161,2,read,320.474,11734.593,200.662,
baseline,162,0,read,387.276,9045.852,167.762,
baseline,163,1,read,205.811,8691.035,143.477,
baseline,164,2,read,301.909,4740.96,534.17,
baseline,165,0,read,280.55,7151.014,112.058,
baseline,166,1,read,283.355,8249.699,98.643,
baseline,167,2,write,309.233,17223.338,219.807,
baseline,168,0,write,318.139,20488.745,226.51,
baseline,169,1,write,294.615,19795.551,467.346,
baseline,170,2,read,333.097,10067.174,101.278,
baseline,171,0,read,167.611,13632.999,111.537,
baseline,172,1,read,411.151,8049.006,434.175,
baseline,173,2,read,257.636,7970.17,237.952,
baseline,174,0,read,255.814,8539.136,40.625,
baseline,175,1,read,224.516,7671.278,242.379,
baseline,176,2,read,271.563,6356.712,120.484,
baseline,177,0,write,839.685,20186.616,375.286,
baseline,178,1,write,269.009,14960.307,373.021,
baseline,179,2,write,308.752,11365.94,233.683,
baseline,180,0,read,293.393,5881.632,232.061,
baseline,181,1,read,283.635,8175.421,115.695,
baseline,182,2,read,388.63,7875.446,110.645,
baseline,183,0,read,215.338,6401.524,117.389,
baseline,184,1,read,286.15,11323.772,110.595,
baseline,185,2,read,339.369,11868.941,99.986,
baseline,186,0,read,347.683,10373.421,387.128,
baseline,187,1,write,334.359,18590.689,233.564,
baseline,188,2,write,357.883,18265.748,315.535,
baseline,189,0,write,320.282,22399.192,683.898,
baseline,190,1,read,318.319,9379.33,229.306,
baseline,191,2,read,461.926,11949.982,370.657,
baseline,192,0,read,297.091,8855.03,263.839,
baseline,193,1,read,357.172,10075.731,216.952,
baseline,194,2,read,464.51,7846.633,498.674,
baseline,195,0,read,571.098,10357.041,306.438,
baseline,196,1,read,261.385,7366.193,112.238,
baseline,197,2,write,407.125,20410.832,245.074,
baseline,198,0,write,4265.329,24113.679,382.249,
baseline,199,1,write,2430.1,18031.114,1938.15,
baseline,200,2,read,266.794,7048.955,183.581,
baseline,201,0,read,242.66,11182.07,139.088,
baseline,202,1,read,344.758,9635.124,160.378,
baseline,203,2,read,584.903,11546.164,740.903,
baseline,204,0,read,183.701,8929.388,36.127,
baseline,205,1,read,743.258,8496.867,128.037,
baseline,206,2,read,214.117,11711.601,160.768,
baseline,207,0,write,303.933,24619.806,276.142,
baseline,208,1,write,742.625,17020.352,1042.351,
baseline,209,2,write,371.878,9998.005,107.19,
baseline,210,0,read,180.384,5707.71,110.315,
baseline,211,1,read,294.616,6438.214,100.617,
baseline,212,2,read,203.016,5852.128,97.792,
baseline,213,0,read,294.295,12545.134,90.298,
baseline,214,1,read,398.387,12277.187,538.709,
baseline,215,2,read,245.014,17014.942,103.492,
baseline,216,0,read,2429.098,13443.358,671.925,
baseline,217,1,write,3435.743,19181.204,164.185,
baseline,218,2,write,686.541,17741.547,327.167,
baseline,219,0,write,321.394,16060.373,330.614,
baseline,220,1,read,504.104,6816.304,415.32,
baseline,221,2,read,521.557,10120.192,105.436,
baseline,222,0,read,272.254,14371.536,291.621,
baseline,223,1,read,432.982,7964.24,1190.526,
baseline,224,2,read,179.803,5149.025,83.446,
baseline,225,0,read,362.581,7478.79,100.107,
baseline,226,1,read,242.329,8642.607,199.27,
baseline,227,2,write,289.887,17361.583,432.753,
baseline,228,0,write,231.579,10838.053,563.224,
baseline,229,1,write,224.326,21505.929,144.438,
baseline,230,2,read,211.512,12171.601,98.704,
baseline,231,0,read,302.911,16483.047,90.328,
baseline,232,1,read,469.28,16700.539,269.871,
baseline,233,2,read,494.165,11579.636,372.982,
baseline,234,0,read,379.402,8325.189,536.004,
baseline,235,1,read,274.518,10507.389,111.408,
baseline,236,2,read,233.823,14936.803,98.414,
baseline,237,0,write,260.071,19954.956,118.651,
baseline,238,1,write,195.563,20891.932,133.889,
baseline,239,2,write,172.58,17031.012,128.609,
baseline,240,0,read,280.469,6008.488,159.687,
baseline,241,1,read,413.956,7268.191,153.325,
baseline,242,2,read,299.535,10120.593,514.684,
baseline,243,0,read,235.576,6441.38,72.936,
baseline,244,1,read,243.581,18835.733,125.253,
baseline,245,2,read,243.321,42646.642,194.862,
baseline,246,0,read,159.324,19782.948,376.499,
baseline,247,1,write,324.591,41404.15,1536.106,
baseline,248,2,write,1022.915,45612.875,269.189,
baseline,249,0,write,4367.859,26420.991,1724.535,
baseline,250,1,read,3321.712,15234.184,1552.566,
baseline,251,2,read,232.871,12595.778,627.834,
baseline,252,0,read,965.638,9755.907,543.608,
baseline,253,1,read,478.917,7523.794,107.901,
baseline,254,2,read,178.26,6110.146,116.597,
baseline,255,0,read,527.677,13355.144,105.216,
baseline,256,1,read,308.311,12111.511,87.002,
baseline,257,2,write,259.1,22690.523,132.346,
baseline,258,0,write,217.573,26121.567,150.049,
baseline,259,1,write,766.951,21635.419,1308.785,
baseline,260,2,read,242.118,8665.328,627.303,
baseline,261,0,read,195.102,10018.925,1078.067,
baseline,262,1,read,181.607,12362.756,145.691,
baseline,263,2,read,158.333,6128.179,74.639,
baseline,264,0,read,224.767,9816.33,123.81,
baseline,265,1,read,197.938,7851.712,134.8,
baseline,266,2,read,180.725,12510.219,119.132,
baseline,267,0,write,205.942,19623.884,185.835,
baseline,268,1,write,265.792,20578.441,176.899,
baseline,269,2,write,472.665,15602.235,925.515,
baseline,270,0,read,194.701,8474.545,440.607,
baseline,271,1,read,169.524,10207.874,227.633,
baseline,272,2,read,595.273,14221.228,142.204,
baseline,273,0,read,195.131,9183.658,130.002,
baseline,274,1,read,132.255,6790.556,140.892,
baseline,275,2,read,265.332,7290.152,411.453,
baseline,276,0,read,218.584,9709.261,99.556,
baseline,277,1,write,191.243,19321.423,147.244,
baseline,278,2,write,323.27,18119.298,366.94,
baseline,279,0,write,546.302,13040.813,167.2,
baseline,280,1,read,244.774,5542.395,86.962,
baseline,281,2,read,246.777,4633.03,396.145,
baseline,282,0,read,348.045,6148.527,17.884,
baseline,283,1,read,235.936,6280.522,99.075,
baseline,284,2,read,218.756,3944.086,131.033,
baseline,285,0,read,425.277,12963.568,118.531,
baseline,286,1,read,359.195,15746.122,147.334,
baseline,287,2,write,336.504,18046.492,199.891,
baseline,288,0,write,756.732,21677.056,709.104,
baseline,289,1,write,212.603,25044.953,171.66,
baseline,290,2,read,201.653,10742.855,259.983,
baseline,291,0,read,320.453,10691.872,353.746,
baseline,292,1,read,156.87,8422.228,833.395,
baseline,293,2,read,142.654,9222.079,100.017,
baseline,294,0,read,195.141,8505.663,117.699,
baseline,295,1,read,198.357,8293.499,119.122,
baseline,296,2,read,244.994,10396.685,137.776,
baseline,297,0,write,179.373,14908.862,171.228,
baseline,298,1,write,224.606,17876.728,130.673,
baseline,299,2,write,293.344,19672.194,806.033,
baseline,300,0,read,161.509,10304.825,235.768,
baseline,301,1,read,140.47,11217.786,141.974,
baseline,302,2,read,286.241,6961.683,233.343,
baseline,303,0,read,256.444,9335.82,32.201,
baseline,304,1,read,137.665,5864.961,80.04,
baseline,305,2,read,191.034,9274.987,108.502,
baseline,306,0,read,198.708,8064.245,87.143,
baseline,307,1,write,265.402,18349.293,199.831,
baseline,308,2,write,196.223,16803.521,111.257,
baseline,309,0,write,257.117,29520.882,432.883,
baseline,310,1,read,203.957,21405.633,378.392,
baseline,311,2,read,182.297,11620.31,191.416,
baseline,312,0,read,270.752,6213.518,162.191,
baseline,313,1,read,150.218,7633.627,118.07,
baseline,314,2,read,191.225,5114.493,107.239,
baseline,315,0,read,153.645,7553.83,120.614,
baseline,316,1,read,132.696,6473.018,86.131,
baseline,317,2,write,218.245,18605.448,226.761,
baseline,318,0,write,284.438,16770.81,136.203,
baseline,319,1,write,254.732,17929.144,118.11,
baseline,320,2,read,171.528,9268.705,120.625,
baseline,321,0,read,121.446,8093.499,145.26,
baseline,322,1,read,193.208,5035.997,118.14,
baseline,323,2,read,203.577,6387.349,240.196,
baseline,324,0,read,147.953,5401.152,239.105,
baseline,325,1,read,255.703,7709.147,116.147,
baseline,326,2,read,198.138,8113.527,100.256,
baseline,327,0,write,181.256,13892.138,140.612,
baseline,328,1,write,250.644,16070.823,307.862,
baseline,329,2,write,263.108,15510.475,394.201,
baseline,330,0,read,225.268,5070.1,109.995,
baseline,331,1,read,194.882,11325.425,115.054,
baseline,332,2,read,196.995,8710.281,131.094,
baseline,333,0,read,167.621,4951.971,96.56,
baseline,334,1,read,182.407,6446.328,81.503,
baseline,335,2,read,240.917,6327.288,394.021,
baseline,336,0,read,163.243,7730.317,105.136,
baseline,337,1,write,490.217,15951.852,325.615,
baseline,338,2,write,239.925,10173.542,160.769,
baseline,339,0,write,172.84,15041.156,135.202,
baseline,340,1,read,298.122,6695.14,112.319,
baseline,341,2,read,211.181,9907.88,49.964,
baseline,342,0,read,159.125,7803.011,327.207,
baseline,343,1,read,164.074,6617.816,215.16,
baseline,344,2,read,191.445,5275.52,90.038,
baseline,345,0,read,160.166,5697.972,169.185,
baseline,346,1,read,173.752,5355.699,140.341,
baseline,347,2,write,462.517,18981.905,429.587,
baseline,348,0,write,272.124,16470.414,219.768,
baseline,349,1,write,154.066,15623.205,94.556,
baseline,350,2,read,253.259,7419.601,425.99,
baseline,351,0,read,197.746,14099.452,669.141,
baseline,352,1,read,429.966,12682.949,724.663,
baseline,353,2,read,196.785,13367.116,159.076,
baseline,354,0,read,244.422,8687.479,443.042,
baseline,355,1,read,113.982,17758.329,112.389,
baseline,356,2,read,265.001,8462.162,462.437,
baseline,357,0,write,187.988,20626.22,131.996,
baseline,358,1,write,190.353,18283.762,925.786,
baseline,359,2,write,385.093,19252.055,288.656,
baseline,360,0,read,145.42,9006.942,231.199,
baseline,361,1,read,132.645,8299.95,129.913,
baseline,362,2,read,205.42,6488.387,242.931,
baseline,363,0,read,261.033,11913.413,287.043,
baseline,364,1,read,720.954,8033.347,255.946,
baseline,365,2,read,168.833,11376.129,126.165,
baseline,366,0,read,139.689,8804.546,96.66,
baseline,367,1,write,606.543,27003.781,218.977,
baseline,368,2,write,307.148,23007.349,421.142,
baseline,369,0,write,1831.021,23888.441,480.822,
baseline,370,1,read,395.883,9094.102,1426.894,
baseline,371,2,read,176.146,5783.06,104.976,
baseline,372,0,read,1147.194,11929.864,207.526,
baseline,373,1,read,202.194,10013.826,194.211,
baseline,374,2,read,133.676,7275.263,96.611,
baseline,375,0,read,184.382,13692.999,142.686,
baseline,376,1,read,220.147,6981.089,93.635,
baseline,377,2,write,239.964,21222.413,537.758,
baseline,378,0,write,233.182,20937.146,151.181,
baseline,379,1,write,222.932,26057.128,315.717,
baseline,380,2,read,385.184,13160.092,110.887,
baseline,381,0,read,215.509,7769.388,95.409,
baseline,382,1,read,192.556,11591.718,138.668,
baseline,383,2,read,506.046,12412.368,300.368,
baseline,384,0,read,390.824,5653.2,127.518,
baseline,385,1,read,165.055,9176.034,114.504,
baseline,386,2,read,703.683,10602.366,211.032,
baseline,387,0,write,228.303,24574.452,568.464,
baseline,388,1,write,197.836,22763.718,242.05,
baseline,389,2,write,230.857,16508.724,1541.206,
baseline,390,0,read,216.982,7146.145,564.076,
baseline,391,1,read,182.717,13111.932,516.639,
baseline,392,2,read,440.215,8849.298,203.118,
baseline,393,0,read,123.038,7568.257,91.581,
baseline,394,1,read,168.613,7582.984,105.106,
baseline,395,2,read,185.002,5720.645,82.775,
baseline,396,0,read,130.923,7970.873,121.456,
baseline,397,1,write,314.712,14720.492,192.759,
baseline,398,2,write,268.717,13546.739,88.265,
baseline,399,0,write,201.525,22282.548,91.871,
baseline,400,1,read,188.118,8987.204,10.301,
baseline,401,2,read,213.726,11103.243,191.296,
baseline,402,0,read,222.882,7349.06,158.966,
baseline,403,1,read,192.687,7406.908,104.946,
baseline,404,2,read,145.61,7178.484,181.548,
baseline,405,0,read,165.116,8271.178,888.788,
baseline,406,1,read,133.066,8655.55,210.311,
baseline,407,2,write,247.268,21533.46,165.889,
baseline,408,0,write,249.563,10942.326,94.336,
baseline,409,1,write,194.681,19231.778,978.063,
baseline,410,2,read,167.831,10769.215,100.117,
baseline,411,0,read,99.675,3399.064,171.87,
baseline,412,1,read,143.707,10007.634,74.78,
baseline,413,2,read,138.557,7053.745,91.721,
baseline,414,0,read,169.013,8470.307,148.607,
baseline,415,1,read,217.463,10780.545,127.969,
baseline,416,2,read,276.682,8816.558,156.722,
baseline,417,0,write,150.288,16111.538,52.85,
baseline,418,1,write,212.644,18146.306,72.987,
baseline,419,2,write,175.035,12950.905,130.764,
baseline,420,0,read,166.829,6951.304,84.899,
baseline,421,1,read,182.067,6938.511,339.831,
baseline,422,2,read,197.556,5072.153,256.066,
baseline,423,0,read,189.211,9218.653,258.56,
baseline,424,1,read,196.715,6576.13,189.512,
baseline,425,2,read,177.899,5520.032,112.32,
baseline,426,0,read,235.857,12019.821,98.384,
baseline,427,1,write,213.044,15226.941,320.485,
baseline,428,2,write,192.676,12870.335,288.166,
baseline,429,0,write,222.252,12013.099,155.359,
baseline,430,1,read,197.114,3119.227,161.702,
baseline,431,2,read,196.784,6868.471,118.962,
baseline,432,0,read,249.993,7628.639,155.038,
baseline,433,1,read,251.045,4776.386,101.229,
baseline,434,2,read,197.967,12938.543,127.177,
baseline,435,0,read,189.901,12021.854,184.093,
baseline,436,1,read,189.321,14097.329,90.769,
baseline,437,2,write,358.964,17148.638,960.742,
baseline,438,0,write,345.701,20751.823,201.034,
baseline,439,1,write,217.353,13049.658,151.792,
baseline,440,2,read,175.474,4895.856,115.025,
baseline,441,0,read,714.212,7893.047,103.785,
baseline,442,1,read,176.597,8546.327,165.919,
baseline,443,2,read,225.157,7473.531,159.788,
baseline,444,0,read,143.986,5704.424,153.717,
baseline,445,1,read,202.094,9627.179,108.533,
baseline,446,2,read,181.535,13294.882,100.849,
baseline,447,0,write,272.926,44582.768,2408.492,
baseline,448,1,write,262.516,37032.815,610.793,
baseline,449,2,write,284.347,28729.217,418.747,
baseline,450,0,read,448.151,14749.306,187.148,
baseline,451,1,read,253.42,8590.411,361.731,
baseline,452,2,read,135.301,4688.433,147.164,
baseline,453,0,read,185.012,7525.487,302.703,
baseline,454,1,read,376.077,8905.434,163.664,
baseline,455,2,read,157.371,7870.666,109.204,
baseline,456,0,read,190.984,23028.79,88.806,
baseline,457,1,write,635.978,18693.761,151.272,
baseline,458,2,write,980.967,12314.717,409.3,
baseline,459,0,write,143.526,22651.391,104.966,
baseline,460,1,read,199.129,10581.657,296.11,
baseline,461,2,read,231.069,38004.264,296.881,
baseline,462,0,read,171.057,38155.014,6801.458,
baseline,463,1,read,710.386,26129.783,10186.066,
baseline,464,2,read,149.807,17571.692,915.508,
baseline,465,0,read,166.869,22544.291,555.341,
baseline,466,1,read,229.986,12966.645,653.572,
baseline,467,2,write,194.83,14855.783,867.158,
baseline,468,0,write,197.507,13630.764,344.64,
baseline,469,1,write,208.326,9523.877,217.876,
baseline,470,2,read,141.382,4949.657,76.634,
baseline,471,0,read,169.434,6394.873,185.155,
baseline,472,1,read,223.404,7346.435,120.956,
baseline,473,2,read,169.684,6582.23,142.426,
baseline,474,0,read,159.276,6035.478,176.949,
baseline,475,1,read,194.631,8401.159,96.841,
baseline,476,2,read,210.641,9921.175,221.261,
baseline,477,0,write,193.489,29256.614,116.457,
baseline,478,1,write,218.324,35340.882,1615.514,
baseline,479,2,write,778.422,32246.22,409.54,
baseline,480,0,read,193.869,18120.449,83.106,
baseline,481,1,read,232.41,15169.113,40.868,
baseline,482,2,read,250.484,11457.72,685.462,
baseline,483,0,read,164.695,5271.803,83.437,
baseline,484,1,read,444.934,8950.827,266.666,
baseline,485,2,read,403.557,20703.573,146.503,
baseline,486,0,read,174.754,17249.666,296.301,
baseline,487,1,write,1536.685,40788.24,1668.102,
baseline,488,2,write,1168.063,35035.595,875.163,
baseline,489,0,write,314.824,21585.176,1718.925,
baseline,490,1,read,169.544,8985.43,4025.688,
baseline,491,2,read,121.205,6873.37,2088.84,
baseline,492,0,read,145.5,14318.588,720.877,
baseline,493,1,read,216.822,7120.137,140.662,
baseline,494,2,read,254.671,7333.962,553.738,
baseline,495,0,read,818.285,9943.404,83.307,
baseline,496,1,read,376.146,5528.739,346.254,
baseline,497,2,write,212.704,11662.008,102.392,
baseline,498,0,write,212.274,14338.847,157.283,
baseline,499,1,write,487.904,16025.6,163.094,
baseline,500,2,read,263.528,5775.737,4142.464,
baseline,501,0,read,120.953,7547.959,94.117,
baseline,502,1,read,420.258,19367.187,118.913,
baseline,503,2,read,326.465,11557.084,109.044,
baseline,504,0,read,129.47,8564.652,46.839,
baseline,505,1,read,173.31,7337.468,215.161,
baseline,506,2,read,138.687,6975.758,120.746,
baseline,507,0,write,142.114,14210.388,100.979,
baseline,508,1,write,160.778,21345.692,120.345,
baseline,509,2,write,192.406,13083.971,243.183,
baseline,510,0,read,203.586,4875.759,169.136,
baseline,511,1,read,282.322,6164.756,109.265,
baseline,512,2,read,190.693,4546.6,100.268,
baseline,513,0,read,196.333,6103.153,134.562,
baseline,514,1,read,157.973,6822.906,89.267,
baseline,515,2,read,165.377,6307.812,77.916,
baseline,516,0,read,193.218,7730.738,85.701,
baseline,517,1,write,234.284,11670.774,106.329,
baseline,518,2,write,206.434,15981.92,115.315,
baseline,519,0,write,157.122,12323.814,85.931,
baseline,520,1,read,230.087,8671.67,86.322,
baseline,521,2,read,192.026,6561.542,131.195,
baseline,522,0,read,170.767,8815.636,248.472,
baseline,523,1,read,238.411,4409.456,92.904,
baseline,524,2,read,218.925,5406.402,91.462,
baseline,525,0,read,150.889,6001.244,100.739,
baseline,526,1,read,179.302,4166.877,107.171,
baseline,527,2,write,246.105,9530.551,109.415,
baseline,528,0,write,137.986,6858.582,109.726,
baseline,529,1,write,141.281,8233.879,87.114,
baseline,530,2,read,152.593,5478.246,91.812,
baseline,531,0,read,179.642,4851.554,81.003,
baseline,532,1,read,152.813,4020.436,93.355,
baseline,533,2,read,132.666,3808.955,90.9,
baseline,534,0,read,145.24,4838.943,97.472,
baseline,535,1,read,144.957,5891.34,105.819,
baseline,536,2,read,160.136,5568.603,109.475,
baseline,537,0,write,227.933,15811.282,130.634,
baseline,538,1,write,159.805,11281.012,100.599,
baseline,539,2,write,153.846,10816.213,142.856,
baseline,540,0,read,170.426,5105.466,142.937,
baseline,541,1,read,244.093,6139.04,311.98,
baseline,542,2,read,252.768,6365.239,103.825,
baseline,543,0,read,188.91,7603.742,150.681,
baseline,544,1,read,174.093,7811.266,93.165,
baseline,545,2,read,284.015,6756.974,100.639,
baseline,546,0,read,314.453,5872.256,107.641,
baseline,547,1,write,210.751,16009.821,125.464,
baseline,548,2,write,219.166,11523.792,779.626,
baseline,549,0,write,190.031,13776.713,99.327,
baseline,550,1,read,218.715,6078.949,402.598,
baseline,551,2,read,193.408,6602.468,306.55,
baseline,552,0,read,192.066,5622.233,131.055,
baseline,553,1,read,163.463,5826.03,112.751,
baseline,554,2,read,303.853,7377.332,108.143,
baseline,555,0,read,147.913,5196.313,88.056,
baseline,556,1,read,152.172,6700.91,115.927,
baseline,557,2,write,271.414,9699.354,167.682,
baseline,558,0,write,115.114,15471.373,111.148,
baseline,559,1,write,206.062,20547.594,90.029,
baseline,560,2,read,114.171,12899.028,206.355,
baseline,561,0,read,166.228,5081.982,236.991,
baseline,562,1,read,167.44,9184.24,19.348,
baseline,563,2,read,302.631,8631.245,127.218,
baseline,564,0,read,156.44,7665.077,202.407,
baseline,565,1,read,151.03,5642.099,98.234,
baseline,566,2,read,166.568,9330.84,107.903,
baseline,567,0,write,264.569,22454.154,213.088,
baseline,568,1,write,590.954,23748.692,361.572,
baseline,569,2,write,166.799,22614.002,204.44,
baseline,570,0,read,240.335,12269.453,171.059,
baseline,571,1,read,122.699,5097.651,118.992,
baseline,572,2,read,213.935,12452.952,43.133,
baseline,573,0,read,178.371,9209.957,79.77,
baseline,574,1,read,961.881,11523.892,82.526,
baseline,575,2,read,150.319,12252.221,1501.072,
baseline,576,0,read,372.349,7776.362,1205.856,
baseline,577,1,write,231.809,28844.259,35.729,
baseline,578,2,write,156.56,24547.182,644.336,
baseline,579,0,write,175.585,27679.954,2578.127,
baseline,580,1,read,128.598,6766.442,102.933,
baseline,581,2,read,177.209,13711.445,78.427,
baseline,582,0,read,135.271,8301.986,398.159,
baseline,583,1,read,122.146,26525.846,29.777,
baseline,584,2,read,138.497,21452.0,84.568,
baseline,585,0,read,526.595,10128.939,2108.417,
baseline,586,1,read,1190.005,6774.507,165.528,
baseline,587,2,write,298.103,53629.092,506.881,
baseline,588,0,write,370.356,64161.027,141.835,
baseline,589,1,write,156.189,36679.942,2341.038,
baseline,590,2,read,162.48,33757.71,8523.638,
baseline,591,0,read,192.115,31580.517,1576.292,
baseline,592,1,read,122.107,18336.21,4197.736,
baseline,593,2,read,158.583,15426.028,103.645,
baseline,594,0,read,1227.284,8979.85,878.97,
baseline,595,1,read,225.317,13519.508,120.736,
baseline,596,2,read,158.583,22037.342,84.049,
baseline,597,0,write,5858.531,72849.628,112.971,
baseline,598,1,write,2394.435,55731.846,2902.007,
baseline,599,2,write,201.733,59585.443,2294.021,
baseline,600,0,read,725.885,22761.384,9129.51,
baseline,601,1,read,100.376,32174.578,557.775,
baseline,602,2,read,185.404,22651.49,114.815,
baseline,603,0,read,122.427,11197.338,1662.441,
baseline,604,1,read,537.956,6879.58,10.352,
baseline,605,2,read,866.255,20608.707,552.295,
baseline,606,0,read,131.975,18820.947,995.616,
baseline,607,1,write,2361.614,40836.75,168.464,
baseline,608,2,write,153.384,39905.385,120.005,
baseline,609,0,write,891.432,33909.25,937.739,
baseline,610,1,read,168.752,9775.404,2188.165,
baseline,611,2,read,112.908,13389.928,222.756,
baseline,612,0,read,107.56,9481.26,96.441,
baseline,613,1,read,143.505,8550.935,96.492,
baseline,614,2,read,149.357,30007.013,98.084,
baseline,615,0,read,230.297,21970.5,90.961,
baseline,616,1,read,135.872,12013.56,86.222,
baseline,617,2,write,528.259,34851.274,138.99,
baseline,618,0,write,176.998,50398.778,259.293,
baseline,619,1,write,6132.538,55994.432,170.528,
baseline,620,2,read,231.328,26764.618,2031.726,
baseline,621,0,read,149.287,25210.079,190.836,
baseline,622,1,read,197.366,24649.782,85.711,
baseline,623,2,read,522.579,16009.259,254.674,
baseline,624,0,read,216.08,7076.175,344.741,
baseline,625,1,read,226.098,8443.437,86.002,
baseline,626,2,read,339.86,7475.716,163.054,
baseline,627,0,write,249.524,35215.54,682.606,
baseline,628,1,write,222.242,34837.85,2939.356,
baseline,629,2,write,229.896,59585.974,159.868,
baseline,630,0,read,111.306,34897.74,641.441,
baseline,631,1,read,151.17,25885.73,3161.578,
baseline,632,2,read,154.796,20707.62,130.665,
baseline,633,0,read,470.31,17692.265,87.525,
baseline,634,1,read,117.147,10855.284,145.582,
baseline,635,2,read,167.37,13189.798,116.789,
baseline,636,0,read,153.525,9046.184,199.912,
baseline,637,1,write,270.119,15734.089,153.427,
baseline,638,2,write,267.354,17207.246,440.93,
baseline,639,0,write,150.688,25491.52,703.566,
baseline,640,1,read,169.944,11100.447,318.743,
baseline,641,2,read,163.483,11253.891,109.075,
baseline,642,0,read,149.888,17747.248,633.085,
baseline,643,1,read,673.798,6859.915,2101.544,
baseline,644,2,read,153.634,8222.397,706.321,
baseline,645,0,read,198.187,10984.884,85.361,
baseline,646,1,read,177.619,12836.633,5525.576,
baseline,647,2,write,657.307,27480.704,892.576,
baseline,648,0,write,150.187,29316.043,134.001,
baseline,649,1,write,185.604,28400.718,330.234,
baseline,650,2,read,140.2,16451.097,201.215,
baseline,651,0,read,139.679,13281.558,2016.677,
baseline,652,1,read,110.715,11913.684,109.405,
baseline,653,2,read,213.205,18393.695,239.786,
baseline,654,0,read,163.163,14952.472,387.119,
baseline,655,1,read,163.513,11640.819,441.47,
baseline,656,2,read,221.541,9436.026,126.015,
baseline,657,0,write,254.671,19792.365,446.65,
baseline,658,1,write,137.975,25256.465,749.15,
baseline,659,2,write,434.405,28066.65,185.756,
baseline,660,0,read,109.232,7251.901,93.776,
baseline,661,1,read,239.764,15411.632,95.259,
baseline,662,2,read,316.677,8337.651,286.283,
baseline,663,0,read,112.889,18792.864,103.234,
baseline,664,1,read,135.61,15888.665,375.478,
baseline,665,2,read,155.618,11946.204,4971.61,
baseline,666,0,read,141.532,7684.321,163.706,
baseline,667,1,write,484.507,16654.073,293.356,
baseline,668,2,write,194.211,14822.833,300.849,
baseline,669,0,write,125.713,15292.982,90.29,
baseline,670,1,read,89.225,5877.304,101.07,
baseline,671,2,read,130.562,7178.535,127.528,
baseline,672,0,read,171.027,5399.85,99.547,
baseline,673,1,read,138.116,10089.976,144.861,
baseline,674,2,read,202.685,6263.791,146.624,
baseline,675,0,read,128.919,11824.97,89.829,
baseline,676,1,read,745.48,18418.31,187.7,
baseline,677,2,write,926.656,18415.015,410.563,
baseline,678,0,write,713.982,13720.51,399.342,
baseline,679,1,write,149.828,17954.622,16.603,
baseline,680,2,read,142.675,7919.177,91.612,
baseline,681,0,read,150.63,8013.742,100.067,
baseline,682,1,read,143.646,8533.905,195.925,
baseline,683,2,read,126.063,11890.471,394.493,
baseline,684,0,read,144.748,21714.976,134.692,
baseline,685,1,read,153.975,14717.477,192.078,
baseline,686,2,read,135.261,8100.021,80.552,
baseline,687,0,write,354.817,22822.307,156.893,
baseline,688,1,write,130.291,15375.556,108.764,
baseline,689,2,write,188.328,36788.932,142.737,
baseline,690,0,read,134.549,24382.506,74.24,
baseline,691,1,read,214.546,19529.829,342.768,
baseline,692,2,read,229.085,39095.405,1022.506,
baseline,693,0,read,6951.825,18698.74,7467.893,
baseline,694,1,read,208.286,14697.39,4456.335,
baseline,695,2,read,278.455,19772.148,69.712,
baseline,696,0,read,474.699,9510.403,281.113,
baseline,697,1,write,906.037,11757.273,73.77,
baseline,698,2,write,346.181,37359.991,96.09,
baseline,699,0,write,285.148,30906.449,446.81,
baseline,700,1,read,342.634,13398.724,112.331,
baseline,701,2,read,151.36,22314.567,515.898,
baseline,702,0,read,192.085,12805.054,77.136,
baseline,703,1,read,175.274,15792.747,88.417,
baseline,704,2,read,564.556,7306.741,129.783,
baseline,705,0,read,163.513,15374.935,696.763,
baseline,706,1,read,262.876,9344.715,26.893,
baseline,707,2,write,161.058,14902.269,148.017,
baseline,708,0,write,189.241,15511.648,279.139,
baseline,709,1,write,133.307,18140.806,133.961,
baseline,710,2,read,113.902,6971.171,99.266,
baseline,711,0,read,120.754,8191.48,101.621,
baseline,712,1,read,141.822,8520.059,166.0,
baseline,713,2,read,218.355,9190.04,499.317,
baseline,714,0,read,103.772,9737.624,108.363,
baseline,715,1,read,109.883,6806.726,71.094,
baseline,716,2,read,178.2,8044.628,122.72,
baseline,717,0,write,214.246,8528.014,129.873,
baseline,718,1,write,228.042,18856.863,622.796,
baseline,719,2,write,140.88,18106.152,35.749,
baseline,720,0,read,221.23,7023.899,96.08,
baseline,721,1,read,120.223,6443.734,98.535,
baseline,722,2,read,110.054,10591.696,83.447,
baseline,723,0,read,197.706,8274.545,71.495,
baseline,724,1,read,150.037,5398.979,95.379,
baseline,725,2,read,125.753,6691.653,170.438,
baseline,726,0,read,129.42,5281.901,103.725,
baseline,727,1,write,196.804,18368.438,885.643,
baseline,728,2,write,137.014,11854.134,156.402,
baseline,729,0,write,117.036,13824.152,200.925,
baseline,730,1,read,120.623,6619.299,406.585,
baseline,731,2,read,361.18,7910.731,86.392,
baseline,732,0,read,162.06,8398.183,120.756,
baseline,733,1,read,184.352,7032.044,435.088,
baseline,734,2,read,145.96,7268.712,82.265,
baseline,735,0,read,172.66,12333.311,198.58,
baseline,736,1,read,120.423,9532.555,106.159,
baseline,737,2,write,179.472,13262.832,195.044,
baseline,738,0,write,138.866,10185.853,326.628,
baseline,739,1,write,133.247,14082.891,116.188,
baseline,740,2,read,278.666,7019.079,122.249,
baseline,741,0,read,139.006,8304.359,84.56,
baseline,742,1,read,182.649,9697.22,240.818,
baseline,743,2,read,128.228,7854.057,177.11,
baseline,744,0,read,134.819,6979.766,175.418,
baseline,745,1,read,167.14,9597.024,102.372,
baseline,746,2,read,133.097,6263.711,92.864,
baseline,747,0,write,202.384,16850.337,258.682,
baseline,748,1,write,139.779,16338.068,200.013,
baseline,749,2,write,170.706,14060.39,85.872,
baseline,750,0,read,169.845,6079.089,285.22,
baseline,751,1,read,168.402,9218.092,319.955,
baseline,752,2,read,124.44,5406.181,94.518,
baseline,753,0,read,158.794,7584.165,113.112,
baseline,754,1,read,154.677,8586.473,101.069,
baseline,755,2,read,141.111,10096.679,192.539,
baseline,756,0,read,163.643,7510.198,53.292,
baseline,757,1,write,209.628,16570.739,250.687,
baseline,758,2,write,167.23,14138.995,361.943,
baseline,759,0,write,193.909,15911.338,136.145,
baseline,760,1,read,160.397,6052.8,867.399,
baseline,761,2,read,138.407,6014.589,244.295,
baseline,762,0,read,158.253,6456.087,240.568,
baseline,763,1,read,147.623,5345.059,96.792,
baseline,764,2,read,155.307,6862.72,135.123,
baseline,765,0,read,197.757,5847.511,298.515,
baseline,766,1,read,158.634,7878.792,96.181,
baseline,767,2,write,317.637,20999.29,151.574,
baseline,768,0,write,147.854,14094.293,339.832,
baseline,769,1,write,178.109,13749.263,483.178,
baseline,770,2,read,388.429,6949.981,130.514,
baseline,771,0,read,250.544,8076.828,151.754,
baseline,772,1,read,152.583,10763.163,100.599,
baseline,773,2,read,291.019,9316.304,363.335,
baseline,774,0,read,133.107,4329.759,130.604,
baseline,775,1,read,197.997,8979.601,108.744,
baseline,776,2,read,158.654,5282.373,113.082,
baseline,777,0,write,218.895,15075.329,85.481,
baseline,778,1,write,185.673,16275.762,269.392,
baseline,779,2,write,177.048,16303.363,267.007,
baseline,780,0,read,161.859,7498.828,283.528,
baseline,781,1,read,119.521,6729.162,92.464,
baseline,782,2,read,162.601,7265.275,124.694,
baseline,783,0,read,170.865,8827.057,234.678,
baseline,784,1,read,555.559,8209.594,91.161,
baseline,785,2,read,130.952,6673.859,257.3,
baseline,786,0,read,153.053,8201.539,399.653,
baseline,787,1,write,229.865,15453.26,292.655,
baseline,788,2,write,200.531,18866.09,923.643,
baseline,789,0,write,158.293,18766.676,3173.41,
baseline,790,1,read,108.522,7431.674,360.49,
baseline,791,2,read,167.1,7611.817,319.174,
baseline,792,0,read,136.322,9271.2,122.49,
baseline,793,1,read,111.456,8241.593,82.125,
baseline,794,2,read,127.116,8345.216,355.19,
baseline,795,0,read,112.809,5820.049,344.25,
baseline,796,1,read,130.342,7199.253,99.186,
baseline,797,2,write,286.099,20594.19,193.421,
baseline,798,0,write,128.478,13317.323,370.89,
baseline,799,1,write,98.542,5522.128,377.572,
baseline,800,2,read,148.274,8428.219,222.896,
baseline,801,0,read,157.602,8606.689,120.456,
baseline,802,1,read,156.018,5074.367,94.869,
baseline,803,2,read,160.407,6140.943,180.878,
baseline,804,0,read,148.284,5679.608,127.74,
baseline,805,1,read,164.977,7174.729,357.634,
baseline,806,2,read,191.475,6523.561,138.88,
baseline,807,0,write,195.141,16592.189,122.409,
baseline,808,1,write,170.516,18778.898,335.554,
baseline,809,2,write,136.393,9731.783,106.65,
baseline,810,0,read,123.188,4001.651,99.247,
baseline,811,1,read,171.658,5141.943,133.73,
baseline,812,2,read,165.156,6007.285,84.509,
baseline,813,0,read,153.655,5298.573,103.775,
baseline,814,1,read,137.215,6335.995,101.56,
baseline,815,2,read,135.369,7705.761,106.11,
baseline,816,0,read,125.302,5996.896,112.291,
baseline,817,1,write,296.87,14533.907,125.956,
baseline,818,2,write,199.369,16795.225,122.44,
baseline,819,0,write,153.894,19807.312,215.272,
baseline,820,1,read,151.249,8764.702,65.124,
baseline,821,2,read,99.896,8546.158,414.35,
baseline,822,0,read,148.255,5823.656,90.731,
baseline,823,1,read,93.113,5980.136,241.6,
baseline,824,2,read,169.174,6366.06,213.498,
baseline,825,0,read,157.031,5654.201,104.286,
baseline,826,1,read,175.194,6793.241,108.183,
baseline,827,2,write,235.936,11672.407,137.668,
baseline,828,0,write,188.49,13623.871,198.931,
baseline,829,1,write,214.267,23025.623,839.187,
baseline,830,2,read,126.625,9451.675,181.699,
baseline,831,0,read,106.316,5436.128,83.047,
baseline,832,1,read,140.169,6293.996,78.188,
baseline,833,2,read,158.554,6713.163,124.964,
baseline,834,0,read,114.211,4890.487,169.176,
baseline,835,1,read,122.137,6937.178,98.194,
baseline,836,2,read,104.974,5600.703,94.478,
baseline,837,0,write,205.351,17340.937,126.737,
baseline,838,1,write,201.113,16249.044,76.975,
baseline,839,2,write,163.172,18924.547,136.967,
baseline,840,0,read,124.621,8180.299,93.727,
baseline,841,1,read,129.168,6211.774,105.789,
baseline,842,2,read,137.304,4419.695,96.191,
baseline,843,0,read,146.29,4573.93,310.659,
baseline,844,1,read,216.682,6633.084,197.649,
baseline,845,2,read,139.598,4472.202,99.928,
baseline,846,0,read,177.489,7806.919,114.895,
baseline,847,1,write,194.129,15844.974,168.215,
baseline,848,2,write,194.169,24188.647,97.454,
baseline,849,0,write,294.435,15792.017,141.655,
baseline,850,1,read,137.024,8260.68,342.016,
baseline,851,2,read,177.258,8698.459,106.04,
baseline,852,0,read,166.478,10660.594,155.11,
baseline,853,1,read,161.278,10373.532,88.527,
baseline,854,2,read,173.822,6325.926,811.405,
baseline,855,0,read,152.893,9121.192,103.826,
baseline,856,1,read,120.002,8779.479,97.894,
baseline,857,2,write,164.545,18866.02,167.804,
baseline,858,0,write,182.478,16346.454,205.233,
baseline,859,1,write,128.148,15557.043,195.615,
baseline,860,2,read,115.955,6136.835,95.059,
baseline,861,0,read,159.857,15394.271,338.429,
baseline,862,1,read,153.864,8476.138,706.682,
baseline,863,2,read,99.054,4105.634,21.753,
baseline,864,0,read,170.246,11657.129,757.676,
baseline,865,1,read,166.678,8912.525,176.31,
baseline,866,2,read,190.493,6119.333,105.609,
baseline,867,0,write,214.778,15874.349,402.919,
baseline,868,1,write,338.587,12690.803,114.776,
baseline,869,2,write,139.198,16388.732,116.529,
baseline,870,0,read,355.007,10171.277,106.821,
baseline,871,1,read,109.233,10156.841,135.804,
baseline,872,2,read,366.689,8380.521,391.969,
baseline,873,0,read,139.419,15593.24,140.152,
baseline,874,1,read,104.854,17287.085,606.116,
baseline,875,2,read,156.049,9386.684,104.697,
baseline,876,0,read,137.415,8533.736,137.537,
baseline,877,1,write,254.432,17927.592,258.311,
baseline,878,2,write,170.455,20651.356,364.789,
baseline,879,0,write,199.038,15915.395,169.487,
baseline,880,1,read,295.136,6489.959,137.518,
baseline,881,2,read,157.001,4786.174,100.299,
baseline,882,0,read,152.753,8631.676,104.817,
baseline,883,1,read,127.255,7567.765,83.859,
baseline,884,2,read,170.616,5769.746,405.223,
baseline,885,0,read,167.921,6220.35,122.831,
baseline,886,1,read,142.865,10036.558,29.257,
baseline,887,2,write,170.095,23710.813,138.299,
baseline,888,0,write,209.949,20800.673,351.814,
baseline,889,1,write,136.323,11784.054,288.537,
baseline,890,2,read,123.8,7575.38,149.76,
baseline,891,0,read,126.795,5488.686,144.65,
baseline,892,1,read,146.01,7006.436,156.533,
baseline,893,2,read,358.595,7147.818,102.172,
baseline,894,0,read,149.036,5599.962,353.247,
baseline,895,1,read,158.133,9767.219,363.506,
baseline,896,2,read,138.547,7612.127,197.669,
baseline,897,0,write,284.717,18564.301,110.087,
baseline,898,1,write,150.198,14743.114,133.681,
baseline,899,2,write,140.69,16858.642,105.709,
baseline,900,0,read,453.259,5572.64,672.91,
baseline,901,1,read,121.254,7214.832,161.923,
baseline,902,2,read,115.603,6647.581,98.095,
baseline,903,0,read,140.911,9811.521,101.821,
baseline,904,1,read,178.1,5912.47,208.379,
baseline,905,2,read,146.932,5340.631,123.692,
baseline,906,0,read,122.497,8011.478,116.228,
baseline,907,1,write,186.134,24617.101,330.876,
baseline,908,2,write,141.963,16065.314,113.042,
baseline,909,0,write,148.164,12878.481,3321.385,
baseline,910,1,read,329.74,7520.116,127.019,
baseline,911,2,read,825.599,11580.978,141.415,
baseline,912,0,read,80.74,3754.173,913.645,
baseline,913,1,read,101.99,3838.229,116.338,
baseline,914,2,read,120.904,3912.527,166.581,
baseline,915,0,read,146.011,7671.779,109.836,
baseline,916,1,read,122.467,7980.971,107.502,
baseline,917,2,write,384.993,14382.958,776.471,
baseline,918,0,write,139.759,11883.078,152.625,
baseline,919,1,write,144.277,16963.035,111.44,
baseline,920,2,read,169.745,5211.131,136.997,
baseline,921,0,read,174.644,7318.504,517.842,
baseline,922,1,read,189.921,7586.07,123.091,
baseline,923,2,read,176.407,7175.159,214.29,
baseline,924,0,read,190.894,4320.282,219.549,
baseline,925,1,read,152.262,6868.982,127.459,
baseline,926,2,read,244.622,6738.409,106.0,
baseline,927,0,write,258.799,13328.634,133.691,
baseline,928,1,write,188.86,14977.288,494.499,
baseline,929,2,write,202.094,14524.911,140.663,
baseline,930,0,read,724.171,5501.007,101.091,
baseline,931,1,read,133.919,6905.56,104.877,
baseline,932,2,read,138.637,9478.504,60.575,
baseline,933,0,read,118.831,5504.635,205.754,
baseline,934,1,read,113.519,6310.116,76.325,
baseline,935,2,read,148.104,8651.192,106.12,
baseline,936,0,read,172.42,12022.697,427.484,
baseline,937,1,write,184.713,19701.137,157.905,
baseline,938,2,write,169.775,20958.335,183.202,
baseline,939,0,write,177.177,23118.234,181.43,
baseline,940,1,read,319.752,10763.965,98.255,
baseline,941,2,read,121.776,6736.987,220.03,
baseline,942,0,read,125.382,9323.466,309.096,
baseline,943,1,read,85.729,6117.31,198.17,
baseline,944,2,read,625.197,9244.66,333.912,
baseline,945,0,read,100.026,6203.139,118.502,
baseline,946,1,read,185.053,12584.858,182.932,
baseline,947,2,write,260.583,22259.905,423.938,
baseline,948,0,write,206.192,19375.263,636.502,
baseline,949,1,write,247.148,15645.946,297.494,
baseline,950,2,read,97.911,5915.525,188.693,
baseline,951,0,read,117.267,6368.845,120.216,
baseline,952,1,read,323.028,7076.466,129.302,
baseline,953,2,read,131.213,9658.488,19.379,
baseline,954,0,read,121.845,4558.503,142.207,
baseline,955,1,read,116.265,8201.519,97.904,
baseline,956,2,read,124.961,9015.998,121.799,
baseline,957,0,write,186.526,12998.453,101.892,
baseline,958,1,write,277.243,14033.521,118.843,
baseline,959,2,write,162.561,13734.206,116.99,
baseline,960,0,read,116.676,4307.278,179.966,
baseline,961,1,read,240.515,9012.881,104.437,
baseline,962,2,read,185.503,6929.333,243.374,
baseline,963,0,read,198.067,4696.208,607.939,
baseline,964,1,read,120.133,5115.294,79.681,
baseline,965,2,read,628.013,6120.645,114.215,
baseline,966,0,read,109.552,4130.899,149.11,
baseline,967,1,write,183.61,8778.208,110.668,
baseline,968,2,write,103.781,7858.133,97.204,
baseline,969,0,write,150.318,11153.295,275.414,
baseline,970,1,read,121.966,3108.919,102.152,
baseline,971,2,read,337.415,6988.002,101.782,
baseline,972,0,read,91.109,3463.664,80.122,
baseline,973,1,read,121.224,5123.669,47.321,
baseline,974,2,read,130.401,5121.504,113.484,
baseline,975,0,read,137.696,5930.193,118.853,
baseline,976,1,read,116.896,5302.681,303.375,
baseline,977,2,write,395.221,15427.561,344.041,
baseline,978,0,write,139.849,9520.943,254.224,
baseline,979,1,write,213.535,13000.707,116.189,
baseline,980,2,read,99.755,4788.889,700.34,
baseline,981,0,read,135.07,6999.072,97.845,
baseline,982,1,read,121.856,6164.737,96.011,
baseline,983,2,read,188.819,4438.88,98.546,
baseline,984,0,read,122.356,5334.749,191.869,
baseline,985,1,read,216.68,5589.942,104.177,
baseline,986,2,read,147.854,6234.997,208.008,
baseline,987,0,write,206.031,15579.283,128.001,
baseline,988,1,write,143.666,17653.434,118.483,
baseline,989,2,write,432.932,13887.249,115.698,
baseline,990,0,read,99.996,6470.705,358.777,
baseline,991,1,read,111.307,14685.367,302.754,
baseline,992,2,read,253.64,8315.781,355.943,
baseline,993,0,read,140.761,6057.448,177.943,
baseline,994,1,read,136.593,5275.55,349.741,
baseline,995,2,read,123.569,9233.099,100.199,
baseline,996,0,read,97.38,12139.542,117.411,
baseline,997,1,write,172.009,19984.18,120.807,
baseline,998,2,write,151.51,24354.394,108.605,
baseline,999,0,write,120.613,27291.804,894.781,
baseline,1000,1,read,101.428,10954.929,3871.884,
baseline,1001,2,read,298.553,8810.417,264.042,
baseline,1002,0,read,182.007,15908.984,394.985,
baseline,1003,1,read,739.82,8613.772,939.814,
baseline,1004,2,read,183.419,10180.073,212.507,
baseline,1005,0,read,141.432,7929.736,114.345,
baseline,1006,1,read,98.283,7225.622,81.334,
baseline,1007,2,write,203.377,23428.149,109.907,
baseline,1008,0,write,174.724,14571.206,74.772,
baseline,1009,1,write,145.89,15217.983,471.547,
baseline,1010,2,read,106.607,6950.261,112.622,
baseline,1011,0,read,120.413,6881.936,107.041,
baseline,1012,1,read,135.2,4940.46,134.002,
baseline,1013,2,read,210.31,5729.511,107.933,
baseline,1014,0,read,159.054,8498.81,106.952,
baseline,1015,1,read,142.484,8005.696,102.684,
baseline,1016,2,read,411.822,16468.56,106.831,
baseline,1017,0,write,216.501,25701.509,78.048,
baseline,1018,1,write,168.292,22955.052,128.221,
baseline,1019,2,write,180.284,14566.988,545.233,
baseline,1020,0,read,103.853,3975.102,133.4,
baseline,1021,1,read,140.901,7830.823,19.429,
baseline,1022,2,read,102.24,6133.219,100.339,
baseline,1023,0,read,118.139,11187.82,89.81,
baseline,1024,1,read,276.623,9084.755,837.775,
baseline,1025,2,read,162.522,9071.0,82.886,
baseline,1026,0,read,86.931,13704.06,174.847,
baseline,1027,1,write,245.405,17092.857,437.944,
baseline,1028,2,write,150.449,20528.82,300.089,
baseline,1029,0,write,284.627,25468.427,176.811,
baseline,1030,1,read,361.6,9987.878,102.032,
baseline,1031,2,read,82.273,10426.901,1326.941,
baseline,1032,0,read,334.119,38768.319,307.352,
baseline,1033,1,read,124.079,29003.433,92.315,
baseline,1034,2,read,94.825,15505.325,3604.79,
baseline,1035,0,read,94.295,10533.048,4099.014,
baseline,1036,1,read,102.049,6552.235,351.564,
baseline,1037,2,write,343.567,20931.977,256.117,
baseline,1038,0,write,191.996,18914.55,114.245,
baseline,1039,1,write,367.321,21799.533,116.629,
baseline,1040,2,read,88.454,12381.641,355.151,
baseline,1041,0,read,81.31,7482.637,90.321,
baseline,1042,1,read,87.722,5637.55,156.704,
baseline,1043,2,read,553.415,16849.596,150.802,
baseline,1044,0,read,108.011,24060.08,1213.971,
baseline,1045,1,read,156.189,27752.787,516.781,
baseline,1046,2,read,4077.762,38734.185,98.907,
baseline,1047,0,write,181.997,29051.423,4846.509,
baseline,1048,1,write,93.724,28993.596,64.803,
baseline,1049,2,write,418.366,25077.574,200.945,
baseline,1050,0,read,88.254,8951.289,93.586,
baseline,1051,1,read,135.641,7706.793,132.689,
baseline,1052,2,read,94.574,8465.016,208.36,
baseline,1053,0,read,469.811,10102.63,102.893,
baseline,1054,1,read,65.931,6015.691,222.686,
baseline,1055,2,read,114.963,7205.835,15.512,
baseline,1056,0,read,93.373,9652.146,82.686,
baseline,1057,1,write,129.219,11381.889,114.345,
baseline,1058,2,write,165.567,12409.192,152.615,
baseline,1059,0,write,189.231,14794.78,50.206,
baseline,1060,1,read,137.626,5552.233,129.072,
baseline,1061,2,read,121.424,6720.195,112.312,
baseline,1062,0,read,122.176,7617.729,131.386,
baseline,1063,1,read,91.007,5182.307,224.159,
baseline,1064,2,read,123.649,5677.815,258.642,
baseline,1065,0,read,190.003,6414.19,320.466,
baseline,1066,1,read,273.546,6657.61,96.482,
baseline,1067,2,write,164.855,21819.55,119.465,
baseline,1068,0,write,129.26,17480.864,191.999,
baseline,1069,1,write,150.64,16664.092,478.108,
baseline,1070,2,read,116.485,8914.018,459.875,
baseline,1071,0,read,100.626,7989.106,418.168,
baseline,1072,1,read,107.89,6240.156,97.023,
baseline,1073,2,read,206.382,6501.912,462.9,
baseline,1074,0,read,401.934,8760.285,371.461,
baseline,1075,1,read,130.592,8025.242,424.71,
baseline,1076,2,read,135.582,6667.739,401.286,
baseline,1077,0,write,179.673,17912.114,266.416,
baseline,1078,1,write,187.326,14643.538,36.031,
baseline,1079,2,write,184.752,19140.077,455.868,
baseline,1080,0,read,127.526,7124.715,196.727,
baseline,1081,1,read,160.988,10571.579,314.345,
baseline,1082,2,read,130.692,10029.635,91.653,
baseline,1083,0,read,76.031,9737.374,181.469,
baseline,1084,1,read,78.736,4075.297,94.679,
baseline,1085,2,read,157.181,9166.907,783.555,
baseline,1086,0,read,82.744,10463.149,268.54,
baseline,1087,1,write,180.976,19406.02,112.601,
baseline,1088,2,write,201.824,20811.212,166.161,
baseline,1089,0,write,166.879,24289.113,346.656,
baseline,1090,1,read,121.244,5961.42,108.555,
baseline,1091,2,read,144.508,13755.937,643.214,
baseline,1092,0,read,135.692,6991.709,138.59,
baseline,1093,1,read,121.136,4638.191,209.34,
baseline,1094,2,read,494.406,8051.923,286.203,
baseline,1095,0,read,79.998,8081.237,89.228,
baseline,1096,1,read,191.044,8136.408,130.445,
baseline,1097,2,write,201.563,15250.845,719.436,
baseline,1098,0,write,172.539,20761.43,196.207,
baseline,1099,1,write,147.934,15742.817,107.001,
baseline,1100,2,read,127.065,8816.297,150.152,
baseline,1101,0,read,95.727,8744.866,228.196,
baseline,1102,1,read,139.188,7931.048,268.731,
baseline,1103,2,read,120.153,8832.568,99.076,
baseline,1104,0,read,130.01,6462.267,519.466,
baseline,1105,1,read,94.115,6415.532,104.607,
baseline,1106,2,read,150.889,7437.695,229.128,
baseline,1107,0,write,234.804,11765.95,402.83,
baseline,1108,1,write,179.362,8030.252,154.7,
baseline,1109,2,write,271.714,13751.379,125.966,
baseline,1110,0,read,118.85,5814.078,98.295,
baseline,1111,1,read,232.46,6100.258,228.577,
baseline,1112,2,read,137.485,3708.318,94.899,
baseline,1113,0,read,116.515,7366.642,99.799,
baseline,1114,1,read,157.11,2958.037,1760.194,
baseline,1115,2,read,123.88,3844.11,62.218,
baseline,1116,0,read,101.97,5819.929,93.857,
baseline,1117,1,write,156.45,9274.357,149.921,
baseline,1118,2,write,181.587,11563.465,1011.056,
baseline,1119,0,write,143.856,11949.681,116.65,
baseline,1120,1,read,91.099,4211.71,86.975,
baseline,1121,2,read,108.852,6176.138,98.245,
baseline,1122,0,read,100.627,3066.1,91.532,
baseline,1123,1,read,98.251,4709.071,10.874,
baseline,1124,2,read,225.478,4649.932,96.813,
baseline,1125,0,read,94.686,5718.301,101.741,
baseline,1126,1,read,119.16,7852.112,123.983,
baseline,1127,2,write,129.268,14661.592,89.029,
baseline,1128,0,write,218.764,12803.622,105.289,
baseline,1129,1,write,135.571,15439.303,110.759,
baseline,1130,2,read,104.274,4636.487,204.121,
baseline,1131,0,read,129.36,7734.455,123.662,
baseline,1132,1,read,116.306,5788.861,100.74,
baseline,1133,2,read,142.604,5252.658,493.878,
baseline,1134,0,read,130.802,5741.403,110.248,
baseline,1135,1,read,129.52,5757.884,107.242,
baseline,1136,2,read,120.373,6002.286,404.022,
baseline,1137,0,write,178.04,9823.213,145.713,
baseline,1138,1,write,183.77,10237.36,96.652,
baseline,1139,2,write,186.425,10800.032,133.23,
baseline,1140,0,read,107.93,3304.269,185.928,
baseline,1141,1,read,126.815,5675.271,113.233,
baseline,1142,2,read,131.452,4849.23,94.419,
baseline,1143,0,read,91.43,3528.234,98.055,
baseline,1144,1,read,121.114,4052.385,104.016,
baseline,1145,2,read,120.343,4305.894,108.414,
baseline,1146,0,read,139.128,4855.242,223.377,
baseline,1147,1,write,154.957,9028.451,115.317,
baseline,1148,2,write,155.908,10524.221,112.953,
baseline,1149,0,write,128.868,7114.426,89.019,
baseline,1150,1,read,168.542,3207.1,96.021,
baseline,1151,2,read,178.842,5643.763,101.03,
baseline,1152,0,read,122.267,4073.164,191.508,
baseline,1153,1,read,125.803,3772.497,134.863,
baseline,1154,2,read,104.413,3632.236,97.915,
baseline,1155,0,read,94.555,5940.732,102.183,
baseline,1156,1,read,146.581,4845.584,126.308,
baseline,1157,2,write,178.16,10622.082,208.179,
baseline,1158,0,write,213.916,6314.064,133.871,
baseline,1159,1,write,186.285,6790.947,117.371,
baseline,1160,2,read,120.203,7080.914,104.036,
baseline,1161,0,read,112.397,5961.39,135.876,
baseline,1162,1,read,108.781,5460.893,103.245,
baseline,1163,2,read,130.692,5087.182,101.692,
baseline,1164,0,read,116.847,6257.73,104.857,
baseline,1165,1,read,143.865,5424.355,242.864,
baseline,1166,2,read,111.095,4557.239,99.178,
baseline,1167,0,write,145.238,12165.891,145.413,
baseline,1168,1,write,168.883,10128.548,115.958,
baseline,1169,2,write,161.479,11952.897,95.43,
baseline,1170,0,read,122.747,3655.8,74.392,
baseline,1171,1,read,136.253,6660.666,108.644,
baseline,1172,2,read,78.987,4922.707,91.332,
baseline,1173,0,read,101.839,4537.844,102.443,
baseline,1174,1,read,115.974,7433.616,105.209,
baseline,1175,2,read,133.528,6303.105,101.551,
baseline,1176,0,read,129.29,6669.622,136.847,
baseline,1177,1,write,177.809,15720.794,105.449,
baseline,1178,2,write,187.416,10218.053,179.046,
baseline,1179,0,write,116.225,10668.108,133.12,
baseline,1180,1,read,89.956,5160.016,294.97,
baseline,1181,2,read,134.319,3773.75,163.005,
baseline,1182,0,read,122.487,5557.212,101.672,
baseline,1183,1,read,529.571,5387.518,164.488,
baseline,1184,2,read,111.776,4407.352,100.951,
baseline,1185,0,read,113.309,5374.964,97.004,
baseline,1186,1,read,120.603,9303.55,251.018,
baseline,1187,2,write,106.888,8722.034,127.81,
baseline,1188,0,write,219.085,10385.524,108.956,
baseline,1189,1,write,193.83,8053.946,93.837,
baseline,1190,2,read,103.102,6962.706,110.718,
baseline,1191,0,read,122.737,8813.824,92.585,
baseline,1192,1,read,83.374,4467.404,34.087,
baseline,1193,2,read,117.878,4534.107,111.22,
baseline,1194,0,read,120.493,4915.585,225.601,
baseline,1195,1,read,113.561,4845.154,111.82,
baseline,1196,2,read,238.812,8403.142,909.138,
baseline,1197,0,write,124.851,34066.501,163.767,
baseline,1198,1,write,459.821,18458.655,478.33,
baseline,1199,2,write,122.346,14083.993,247.833,
baseline,1200,0,read,72.965,7660.217,100.47,
baseline,1201,1,read,122.657,6232.372,100.039,
baseline,1202,2,read,149.177,7901.154,110.969,
baseline,1203,0,read,149.728,9165.345,449.255,
baseline,1204,1,read,87.652,5321.444,162.435,
baseline,1205,2,read,118.039,8000.938,119.204,
baseline,1206,0,read,82.883,6836.301,167.794,
baseline,1207,1,write,155.698,14855.232,112.001,
baseline,1208,2,write,155.327,8651.151,730.617,
baseline,1209,0,write,97.881,8535.447,102.333,
baseline,1210,1,read,60.643,6719.956,79.761,
baseline,1211,2,read,88.764,8662.934,208.46,
baseline,1212,0,read,108.611,5740.501,106.822,
baseline,1213,1,read,122.597,7463.753,100.249,
baseline,1214,2,read,124.812,6576.871,429.258,
baseline,1215,0,read,114.823,6193.631,257.41,
baseline,1216,1,read,110.374,4104.352,28.276,
baseline,1217,2,write,154.166,15870.493,121.478,
baseline,1218,0,write,164.494,14940.559,98.266,
baseline,1219,1,write,120.785,12239.709,111.71,
baseline,1220,2,read,118.099,7553.278,70.174,
baseline,1221,0,read,110.615,5833.584,165.53,
baseline,1222,1,read,140.801,9112.277,114.465,
baseline,1223,2,read,95.366,6058.189,99.418,
baseline,1224,0,read,98.602,4843.971,92.896,
baseline,1225,1,read,111.668,7487.899,131.116,
baseline,1226,2,read,87.351,6623.727,116.58,
baseline,1227,0,write,344.178,15138.566,106.902,
baseline,1228,1,write,218.986,14899.394,179.626,
baseline,1229,2,write,161.949,16092.223,120.958,
baseline,1230,0,read,99.875,7361.213,288.438,
baseline,1231,1,read,143.075,4846.445,75.574,
baseline,1232,2,read,133.597,6734.112,198.832,
baseline,1233,0,read,139.919,8473.192,398.562,
baseline,1234,1,read,90.578,4918.549,102.504,
baseline,1235,2,read,134.4,8068.954,112.662,
baseline,1236,0,read,87.642,5315.414,92.756,
baseline,1237,1,write,170.125,18696.667,333.12,
baseline,1238,2,write,177.448,19829.794,1064.646,
baseline,1239,0,write,154.916,20000.52,116.901,
baseline,1240,1,read,95.047,7119.356,236.902,
baseline,1241,2,read,159.335,9978.901,262.66,
baseline,1242,0,read,76.401,8806.099,136.677,
baseline,1243,1,read,79.618,7339.462,98.827,
baseline,1244,2,read,109.924,8625.736,452.401,
baseline,1245,0,read,133.677,9075.147,130.065,
baseline,1246,1,read,204.238,8429.241,254.515,
baseline,1247,2,write,235.086,15070.561,184.365,
baseline,1248,0,write,138.576,12841.581,137.98,
baseline,1249,1,write,184.262,15781.397,883.71,
baseline,1250,2,read,96.779,8331.94,105.369,
baseline,1251,0,read,92.882,8705.172,90.391,
baseline,1252,1,read,118.569,4411.651,306.962,
baseline,1253,2,read,123.188,4718.438,192.25,
baseline,1254,0,read,101.227,8743.212,116.109,
baseline,1255,1,read,81.431,4000.629,95.882,
baseline,1256,2,read,176.056,4217.932,292.836,
baseline,1257,0,write,209.618,22386.239,389.816,
baseline,1258,1,write,218.545,13276.759,158.727,
baseline,1259,2,write,140.691,14760.437,560.712,
baseline,1260,0,read,118.149,7257.521,139.412,
baseline,1261,1,read,106.477,7370.279,115.057,
baseline,1262,2,read,97.491,5873.378,98.075,
baseline,1263,0,read,127.336,12405.716,121.478,
baseline,1264,1,read,323.53,4415.538,471.877,
baseline,1265,2,read,128.458,8588.005,101.733,
baseline,1266,0,read,86.06,9100.785,137.488,
baseline,1267,1,write,131.844,18800.419,108.204,
baseline,1268,2,write,167.721,16041.919,112.703,
baseline,1269,0,write,118.96,13590.64,120.407,
baseline,1270,1,read,97.69,7198.191,224.52,
baseline,1271,2,read,142.263,9291.107,243.315,
baseline,1272,0,read,103.101,4953.664,204.723,
baseline,1273,1,read,222.001,10343.956,105.159,
baseline,1274,2,read,106.907,9783.097,85.553,
baseline,1275,0,read,101.879,7093.708,97.434,
baseline,1276,1,read,145.069,5562.933,99.468,
baseline,1277,2,write,312.328,14216.789,49.786,
baseline,1278,0,write,260.081,15105.575,99.809,
baseline,1279,1,write,120.383,10187.237,110.849,
baseline,1280,2,read,96.55,7404.123,96.412,
baseline,1281,0,read,159.676,5571.599,95.17,
baseline,1282,1,read,104.695,5276.493,110.598,
baseline,1283,2,read,131.573,8940.067,112.983,
baseline,1284,0,read,93.654,5809.509,103.525,
baseline,1285,1,read,129.45,5366.158,83.849,
baseline,1286,2,read,122.006,6103.173,121.89,
baseline,1287,0,write,113.7,11206.044,130.756,
baseline,1288,1,write,200.18,21030.818,105.71,
baseline,1289,2,write,171.397,17346.416,512.864,
baseline,1290,0,read,85.708,6254.413,343.39,
baseline,1291,1,read,106.477,7407.157,96.533,
baseline,1292,2,read,98.202,5115.233,98.877,
baseline,1293,0,read,158.504,5637.651,106.08,
baseline,1294,1,read,108.221,9334.488,95.049,
baseline,1295,2,read,69.128,7727.681,93.487,
baseline,1296,0,read,166.86,6745.052,309.106,
baseline,1297,1,write,139.748,12131.386,275.665,
baseline,1298,2,write,119.05,10597.527,18.518,
baseline,1299,0,write,127.055,14558.352,104.398,
baseline,1300,1,read,375.956,8632.837,668.442,
baseline,1301,2,read,94.815,13509.87,178.675,
baseline,1302,0,read,112.488,13076.267,149.611,
baseline,1303,1,read,131.013,8243.918,130.566,
baseline,1304,2,read,116.054,8019.421,101.823,
baseline,1305,0,read,120.593,6017.234,106.872,
baseline,1306,1,read,134.598,9043.108,102.384,
baseline,1307,2,write,104.664,11394.012,104.928,
baseline,1308,0,write,107.368,19566.928,173.766,
baseline,1309,1,write,104.583,14288.923,102.023,
baseline,1310,2,read,84.707,6223.646,118.233,
baseline,1311,0,read,142.384,8963.23,122.04,
baseline,1312,1,read,89.416,6277.807,345.333,
baseline,1313,2,read,130.292,4734.568,130.225,
baseline,1314,0,read,110.105,7355.203,378.414,
baseline,1315,1,read,81.592,5733.418,95.821,
baseline,1316,2,read,139.036,7848.535,231.313,
baseline,1317,0,write,119.982,20764.876,101.943,
baseline,1318,1,write,234.014,11720.496,203.501,
baseline,1319,2,write,133.146,14040.553,84.791,
baseline,1320,0,read,84.436,11121.006,326.579,
baseline,1321,1,read,380.335,10837.712,174.577,
baseline,1322,2,read,225.398,28958.281,374.137,
baseline,1323,0,read,523.919,16953.547,261.629,
baseline,1324,1,read,88.665,10345.772,119.945,
baseline,1325,2,read,273.526,12345.715,80.613,
baseline,1326,0,read,272.816,9323.878,89.8,
baseline,1327,1,write,377.398,13224.622,1549.945,
baseline,1328,2,write,613.335,14805.71,86.965,
baseline,1329,0,write,121.836,8659.427,107.192,
baseline,1330,1,read,230.728,7871.929,1799.957,
baseline,1331,2,read,76.011,4155.347,345.894,
baseline,1332,0,read,98.402,6204.051,82.787,
baseline,1333,1,read,115.714,5985.324,105.9,
baseline,1334,2,read,129.53,5378.222,181.259,
baseline,1335,0,read,123.789,7596.058,100.921,
baseline,1336,1,read,126.905,6699.027,106.0,
baseline,1337,2,write,126.665,12199.995,104.678,
baseline,1338,0,write,138.837,14044.72,318.775,
baseline,1339,1,write,156.16,10229.867,96.442,
baseline,1340,2,read,78.245,6585.056,83.779,
baseline,1341,0,read,114.863,6641.91,98.837,
baseline,1342,1,read,104.765,4443.019,108.274,
baseline,1343,2,read,95.938,4783.349,99.578,
baseline,1344,0,read,104.765,5498.483,30.46,
baseline,1345,1,read,94.496,4195.851,95.791,
baseline,1346,2,read,102.951,5066.754,99.799,
baseline,1347,0,write,155.88,13602.653,280.112,
baseline,1348,1,write,97.581,14172.337,157.907,
baseline,1349,2,write,123.058,9236.166,113.905,
baseline,1350,0,read,69.83,4602.614,88.999,
baseline,1351,1,read,109.723,6163.986,111.41,
baseline,1352,2,read,110.494,6041.208,104.618,
baseline,1353,0,read,98.162,6808.288,104.007,
baseline,1354,1,read,102.851,6346.524,124.184,
baseline,1355,2,read,124.25,6984.675,903.658,
baseline,1356,0,read,125.693,6188.4,143.28,
baseline,1357,1,write,128.018,14246.054,111.25,
baseline,1358,2,write,615.429,13486.737,121.88,
baseline,1359,0,write,124.871,17182.592,127.26,
baseline,1360,1,read,123.529,14174.471,299.389,
baseline,1361,2,read,106.418,7530.628,103.946,
baseline,1362,0,read,128.559,5481.723,132.549,
baseline,1363,1,read,124.2,6602.889,389.425,
baseline,1364,2,read,127.366,3977.355,108.666,
baseline,1365,0,read,118.069,7236.111,217.577,
baseline,1366,1,read,293.433,5914.212,383.665,
baseline,1367,2,write,144.829,14174.883,219.34,
baseline,1368,0,write,151.05,10524.081,629.59,
baseline,1369,1,write,96.699,14679.096,17.797,
baseline,1370,2,read,356.05,7114.206,98.566,
baseline,1371,0,read,118.38,5535.351,100.981,
baseline,1372,1,read,109.263,7189.034,183.133,
baseline,1373,2,read,111.637,8229.531,93.377,
baseline,1374,0,read,106.217,7648.374,97.495,
baseline,1375,1,read,151.55,5666.935,119.676,
baseline,1376,2,read,118.229,5125.953,103.436,
baseline,1377,0,write,166.438,13812.701,255.367,
baseline,1378,1,write,101.818,11846.589,151.325,
baseline,1379,2,write,107.32,12095.141,104.217,
baseline,1380,0,read,121.856,5939.841,155.712,
baseline,1381,1,read,124.791,4072.964,120.737,
baseline,1382,2,read,109.263,5431.399,98.887,
baseline,1383,0,read,108.01,5951.231,100.841,
baseline,1384,1,read,118.449,5912.129,117.452,
baseline,1385,2,read,140.279,6901.311,182.563,
baseline,1386,0,read,122.367,6846.53,234.268,
baseline,1387,1,write,199.419,12067.669,111.06,
baseline,1388,2,write,151.782,14344.716,671.708,
baseline,1389,0,write,153.784,12153.728,109.918,
baseline,1390,1,read,77.895,4232.449,111.951,
baseline,1391,2,read,140.511,6111.559,148.84,
baseline,1392,0,read,118.8,4942.233,102.464,
baseline,1393,1,read,100.447,6945.153,260.266,
baseline,1394,2,read,109.864,5225.428,112.332,
baseline,1395,0,read,124.09,5813.307,13.479,
baseline,1396,1,read,125.312,9841.898,256.188,
baseline,1397,2,write,208.566,17484.451,143.149,
baseline,1398,0,write,312.77,15005.27,126.408,
baseline,1399,1,write,103.451,16599.001,94.239,
baseline,1400,2,read,112.318,8624.392,100.19,
baseline,1401,0,read,67.817,7316.04,95.831,
baseline,1402,1,read,106.206,7584.146,133.442,
baseline,1403,2,read,133.457,7945.966,97.675,
baseline,1404,0,read,105.175,6656.899,108.515,
baseline,1405,1,read,102.461,9962.872,461.859,
baseline,1406,2,read,562.472,7006.367,149.631,
baseline,1407,0,write,660.324,20748.477,119.555,
baseline,1408,1,write,111.567,13708.979,334.714,
baseline,1409,2,write,408.255,9011.518,108.907,
baseline,1410,0,read,76.983,5738.798,103.115,
baseline,1411,1,read,103.331,7758.419,460.177,
baseline,1412,2,read,112.138,9646.946,112.012,
baseline,1413,0,read,98.623,10436.549,107.934,
baseline,1414,1,read,88.574,6892.114,100.721,
baseline,1415,2,read,94.034,8015.435,103.326,
baseline,1416,0,read,69.208,5863.339,91.013,
baseline,1417,1,write,168.753,13544.075,130.245,
baseline,1418,2,write,145.779,16351.181,135.927,
baseline,1419,0,write,118.129,21447.651,115.759,
baseline,1420,1,read,1610.693,16574.446,148.78,
baseline,1421,2,read,126.234,8073.382,397.561,
baseline,1422,0,read,86.49,8565.573,200.346,
baseline,1423,1,read,88.263,7849.508,62.029,
baseline,1424,2,read,119.511,15475.18,223.669,
baseline,1425,0,read,94.987,9703.07,748.34,
baseline,1426,1,read,71.342,15047.548,176.872,
baseline,1427,2,write,174.433,47796.389,124.976,
baseline,1428,0,write,100.176,46413.187,1219.353,
baseline,1429,1,write,107.229,37478.17,142.048,
baseline,1430,2,read,114.924,26350.432,20.682,
baseline,1431,0,read,82.894,19251.294,82.537,
baseline,1432,1,read,3227.228,17030.722,4140.362,
baseline,1433,2,read,97.621,14955.158,640.19,
baseline,1434,0,read,99.405,9548.394,856.891,
baseline,1435,1,read,103.752,21137.968,246.04,
baseline,1436,2,read,106.177,18180.591,522.562,
baseline,1437,0,write,147.273,38757.579,103.045,
baseline,1438,1,write,113.67,28807.33,14.662,
baseline,1439,2,write,1556.032,38017.678,116.2,
baseline,1440,0,read,320.574,15729.541,85.172,
baseline,1441,1,read,78.715,9142.903,203.922,
baseline,1442,2,read,125.342,7764.15,23.538,
baseline,1443,0,read,123.999,9700.976,170.19,
baseline,1444,1,read,67.296,6087.696,88.788,
baseline,1445,2,read,127.967,7813.611,276.697,
baseline,1446,0,read,107.369,8882.541,198.762,
baseline,1447,1,write,112.659,18989.79,30.821,
baseline,1448,2,write,113.701,18977.436,251.62,
baseline,1449,0,write,116.636,13846.554,703.998,
baseline,1450,1,read,70.62,6292.693,94.059,
baseline,1451,2,read,109.963,8354.312,106.031,
baseline,1452,0,read,293.244,6126.126,92.064,
baseline,1453,1,read,99.534,7090.722,123.914,
baseline,1454,2,read,108.501,6739.773,194.925,
baseline,1455,0,read,90.517,3281.407,107.804,
baseline,1456,1,read,155.328,7614.312,134.042,
baseline,1457,2,write,119.291,22096.102,88.168,
baseline,1458,0,write,177.057,14422.821,1200.949,
baseline,1459,1,write,108.822,16733.371,108.615,
baseline,1460,2,read,298.573,9801.362,79.301,
baseline,1461,0,read,112.819,8544.705,114.246,
baseline,1462,1,read,123.549,8307.565,136.317,
baseline,1463,2,read,104.604,10569.756,161.643,
baseline,1464,0,read,89.436,6080.982,265.145,
baseline,1465,1,read,158.293,5657.408,460.076,
baseline,1466,2,read,143.956,4765.706,200.115,
baseline,1467,0,write,109.372,17979.688,95.111,
baseline,1468,1,write,166.368,20372.822,921.831,
baseline,1469,2,write,949.338,20578.812,129.915,
baseline,1470,0,read,261.413,12223.197,871.058,
baseline,1471,1,read,187.688,8331.55,48.103,
baseline,1472,2,read,121.665,14810.82,114.957,
baseline,1473,0,read,123.108,13421.016,388.123,
baseline,1474,1,read,118.379,7271.116,744.874,
baseline,1475,2,read,248.952,9983.54,115.187,
baseline,1476,0,read,71.011,4646.827,100.5,
baseline,1477,1,write,244.763,15303.001,116.741,
baseline,1478,2,write,139.097,18953.702,41.872,
baseline,1479,0,write,169.504,25210.32,290.001,
baseline,1480,1,read,136.072,13885.707,118.684,
baseline,1481,2,read,117.828,19273.785,161.494,
baseline,1482,0,read,122.838,10626.13,342.899,
baseline,1483,1,read,67.345,6415.251,88.438,
baseline,1484,2,read,204.89,7680.013,103.356,
baseline,1485,0,read,179.212,6444.675,169.799,
baseline,1486,1,read,103.953,10517.068,108.635,
baseline,1487,2,write,426.38,16825.16,346.606,
baseline,1488,0,write,92.732,18765.714,156.975,
baseline,1489,1,write,662.778,18613.092,4654.073,
baseline,1490,2,read,84.246,9244.23,834.701,
baseline,1491,0,read,91.72,5116.947,323.203,
baseline,1492,1,read,102.22,15056.054,224.4,
baseline,1493,2,read,108.17,11850.096,561.435,
baseline,1494,0,read,415.9,10373.803,454.726,
baseline,1495,1,read,152.664,12112.072,98.797,
baseline,1496,2,read,86.87,17872.62,110.87,
baseline,1497,0,write,128.258,21167.142,1645.962,
baseline,1498,1,write,111.226,17273.21,689.431,
baseline,1499,2,write,103.521,20013.725,105.59,
baseline,1500,0,read,91.841,7552.518,3526.906,
baseline,1501,1,read,68.577,8887.7,249.116,
baseline,1502,2,read,72.535,5008.326,90.422,
baseline,1503,0,read,99.764,14971.937,98.718,
baseline,1504,1,read,86.079,5826.601,93.007,
baseline,1505,2,read,131.943,7606.206,726.19,
baseline,1506,0,read,99.736,10210.671,109.887,
baseline,1507,1,write,96.159,24013.855,131.928,
baseline,1508,2,write,134.629,22486.695,386.0,
baseline,1509,0,write,129.22,16053.901,627.507,
baseline,1510,1,read,84.907,7306.462,193.453,
baseline,1511,2,read,123.528,6288.856,105.761,
baseline,1512,0,read,112.81,6427.884,231.433,
baseline,1513,1,read,109.272,5645.135,101.593,
baseline,1514,2,read,114.051,4356.82,106.832,
baseline,1515,0,read,117.638,8669.155,85.974,
baseline,1516,1,read,75.149,6069.11,97.315,
baseline,1517,2,write,152.903,15496.3,120.317,
baseline,1518,0,write,534.67,11906.121,334.323,
baseline,1519,1,write,209.919,10092.05,128.533,
baseline,1520,2,read,88.043,9218.593,95.842,
baseline,1521,0,read,83.174,6771.03,144.472,
baseline,1522,1,read,125.342,7144.521,254.847,
baseline,1523,2,read,128.839,5854.192,230.111,
baseline,1524,0,read,327.798,4967.169,102.554,
baseline,1525,1,read,113.46,10788.842,225.492,
baseline,1526,2,read,129.22,7215.743,241.121,
baseline,1527,0,write,176.988,20114.292,87.867,
baseline,1528,1,write,121.526,9928.728,589.055,
baseline,1529,2,write,221.32,15754.437,319.917,
baseline,1530,0,read,87.662,5578.3,1448.638,
baseline,1531,1,read,120.523,4725.801,73.421,
baseline,1532,2,read,186.075,8962.84,321.069,
baseline,1533,0,read,163.583,7001.918,87.917,
baseline,1534,1,read,230.207,6679.12,149.261,
baseline,1535,2,read,354.848,9600.921,100.721,
baseline,1536,0,read,65.441,6678.538,285.293,
baseline,1537,1,write,255.504,23111.874,200.335,
baseline,1538,2,write,143.425,18387.724,118.484,
baseline,1539,0,write,126.314,16494.117,116.079,
baseline,1540,1,read,145.099,5456.276,223.148,
baseline,1541,2,read,105.004,7254.305,119.516,
baseline,1542,0,read,91.71,11228.275,102.855,
baseline,1543,1,read,146.08,9276.699,121.28,
baseline,1544,2,read,101.008,4920.985,19.57,
baseline,1545,0,read,98.823,4909.963,35.14,
baseline,1546,1,read,97.58,7039.386,96.544,
baseline,1547,2,write,333.649,15904.516,119.806,
baseline,1548,0,write,103.992,13544.153,83.58,
baseline,1549,1,write,120.534,11747.698,193.262,
baseline,1550,2,read,91.88,7249.987,229.43,
baseline,1551,0,read,105.625,7146.916,93.889,
baseline,1552,1,read,127.797,6056.418,289.43,
baseline,1553,2,read,121.826,29216.908,114.216,
baseline,1554,0,read,229.284,4068.485,15684.781,
baseline,1555,1,read,90.969,6329.403,5954.951,
baseline,1556,2,read,74.007,5958.105,97.604,
baseline,1557,0,write,255.434,10425.339,186.128,
baseline,1558,1,write,269.419,17304.598,86.745,
baseline,1559,2,write,124.33,26974.688,113.645,
baseline,1560,0,read,123.799,6764.368,135.796,
baseline,1561,1,read,361.471,6811.335,296.333,
baseline,1562,2,read,121.916,8856.162,318.945,
baseline,1563,0,read,154.216,3839.43,102.595,
baseline,1564,1,read,120.233,6617.896,214.342,
baseline,1565,2,read,108.361,7503.777,168.657,
baseline,1566,0,read,129.771,4564.624,264.254,
baseline,1567,1,write,181.767,15765.788,108.616,
baseline,1568,2,write,119.992,14143.703,197.672,
baseline,1569,0,write,725.714,13858.746,112.093,
baseline,1570,1,read,96.669,4145.207,99.93,
baseline,1571,2,read,125.542,7677.879,118.555,
baseline,1572,0,read,118.439,8878.733,95.422,
baseline,1573,1,read,122.877,11834.387,312.374,
baseline,1574,2,read,134.078,7525.106,1533.625,
baseline,1575,0,read,111.678,15428.835,187.942,
baseline,1576,1,read,286.53,10264.179,1337.703,
baseline,1577,2,write,143.737,25831.08,148.449,
baseline,1578,0,write,139.659,21805.574,131.418,
baseline,1579,1,write,183.46,19600.69,525.488,
baseline,1580,2,read,116.075,6773.174,266.559,
baseline,1581,0,read,86.981,8271.619,145.845,
baseline,1582,1,read,138.437,5132.866,201.618,
baseline,1583,2,read,123.929,6224.187,231.915,
baseline,1584,0,read,104.934,8206.529,85.834,
baseline,1585,1,read,105.866,16147.354,88.479,
baseline,1586,2,read,123.949,11551.022,824.873,
baseline,1587,0,write,150.448,22791.649,137.46,
baseline,1588,1,write,1069.281,16482.035,1819.514,
baseline,1589,2,write,152.603,15539.279,480.725,
baseline,1590,0,read,92.541,9809.006,79.953,
baseline,1591,1,read,67.765,7386.84,80.815,
baseline,1592,2,read,90.788,11064.15,102.245,
baseline,1593,0,read,102.63,7805.796,134.404,
baseline,1594,1,read,149.576,8643.999,160.242,
baseline,1595,2,read,107.94,9243.008,119.777,
baseline,1596,0,read,91.65,10660.253,30.852,
baseline,1597,1,write,178.15,15239.714,130.497,
baseline,1598,2,write,140.892,13307.135,405.736,
baseline,1599,0,write,121.235,21564.768,142.579,
baseline,1600,1,read,104.664,8378.337,436.904,
baseline,1601,2,read,106.607,8819.945,208.181,
baseline,1602,0,read,165.997,10464.871,674.945,
baseline,1603,1,read,110.154,12227.796,96.654,
baseline,1604,2,read,150.438,14923.889,102.966,
baseline,1605,0,read,167.11,9590.412,114.607,
baseline,1606,1,read,123.559,5671.915,1761.617,
baseline,1607,2,write,362.411,28251.873,228.488,
baseline,1608,0,write,120.793,32949.894,143.15,
baseline,1609,1,write,107.449,22240.66,164.72,
baseline,1610,2,read,67.385,9456.954,200.947,
baseline,1611,0,read,68.617,7543.401,1015.235,
baseline,1612,1,read,126.885,7067.51,169.649,
baseline,1613,2,read,119.801,6866.767,254.607,
baseline,1614,0,read,86.821,8833.399,123.123,
baseline,1615,1,read,114.512,9226.558,114.477,
baseline,1616,2,read,113.731,19424.123,92.406,
baseline,1617,0,write,173.051,15971.57,5349.041,
baseline,1618,1,write,101.678,13953.262,242.063,
baseline,1619,2,write,87.211,13367.657,79.392,
baseline,1620,0,read,61.003,6705.519,101.172,
baseline,1621,1,read,69.157,9238.43,41.993,
baseline,1622,2,read,428.383,13969.712,99.359,
baseline,1623,0,read,166.037,46162.873,466.319,
baseline,1624,1,read,248.089,30941.173,5662.492,
baseline,1625,2,read,7122.671,26886.814,4420.913,
baseline,1626,0,read,146.711,20573.482,1589.439,
baseline,1627,1,write,347.394,24289.505,206.317,
baseline,1628,2,write,159.957,15901.391,112.202,
baseline,1629,0,write,65.04,9881.179,92.307,
baseline,1630,1,read,78.184,5846.698,106.854,
baseline,1631,2,read,121.705,5393.96,102.926,
baseline,1632,0,read,105.686,6010.682,266.709,
baseline,1633,1,read,123.669,11068.058,102.225,
baseline,1634,2,read,108.692,8583.326,235.882,
baseline,1635,0,read,108.952,9101.657,104.178,
baseline,1636,1,read,85.679,7462.029,335.637,
baseline,1637,2,write,421.02,22439.298,171.743,
baseline,1638,0,write,128.999,15900.097,108.376,
baseline,1639,1,write,129.96,20858.269,221.115,
baseline,1640,2,read,129.289,14842.608,684.343,
baseline,1641,0,read,78.234,7852.582,868.935,
baseline,1642,1,read,95.366,6162.523,97.226,
baseline,1643,2,read,117.218,8141.549,171.923,
baseline,1644,0,read,114.151,8558.369,103.738,
baseline,1645,1,read,70.3,15945.471,104.739,
baseline,1646,2,read,6636.16,11743.95,721.452,
baseline,1647,0,write,107.879,15866.034,137.38,
baseline,1648,1,write,183.17,19745.99,1416.348,
baseline,1649,2,write,277.153,18073.082,384.638,
baseline,1650,0,read,169.283,8668.003,533.103,
baseline,1651,1,read,59.8,9724.781,91.565,
baseline,1652,2,read,116.636,7103.055,121.891,
baseline,1653,0,read,586.005,13187.814,143.912,
baseline,1654,1,read,1031.35,10250.955,164.009,
baseline,1655,2,read,113.68,6605.133,361.144,
baseline,1656,0,read,115.775,9832.079,115.209,
baseline,1657,1,write,241.908,26484.57,178.706,
baseline,1658,2,write,842.31,31587.38,1914.591,
baseline,1659,0,write,109.773,36804.512,91.505,
baseline,1660,1,read,97.852,10370.717,1249.89,
baseline,1661,2,read,115.714,10848.932,144.714,
baseline,1662,0,read,98.331,13216.517,107.705,
baseline,1663,1,read,150.217,8930.177,99.2,
baseline,1664,2,read,201.974,10206.221,112.304,
baseline,1665,0,read,308.111,7015.784,142.739,
baseline,1666,1,read,121.986,7991.892,116.641,
baseline,1667,2,write,250.314,17257.912,108.376,
baseline,1668,0,write,116.657,20255.243,365.382,
baseline,1669,1,write,102.439,19995.802,106.593,
baseline,1670,2,read,100.836,11849.885,97.056,
baseline,1671,0,read,116.908,6538.981,123.824,
baseline,1672,1,read,90.758,5414.288,94.48,
baseline,1673,2,read,104.904,8075.486,132.17,
baseline,1674,0,read,109.612,9875.909,507.887,
baseline,1675,1,read,68.677,6735.824,269.365,
baseline,1676,2,read,158.154,12190.868,122.662,
baseline,1677,0,write,228.454,22145.204,90.452,
baseline,1678,1,write,113.951,25082.303,151.386,
baseline,1679,2,write,135.681,25877.776,130.227,
baseline,1680,0,read,140.01,10341.933,2519.762,
baseline,1681,1,read,349.387,7024.699,186.341,
baseline,1682,2,read,101.578,15604.981,94.701,
baseline,1683,0,read,747.184,4843.991,4348.008,
baseline,1684,1,read,349.406,5111.285,113.025,
baseline,1685,2,read,198.418,8583.036,207.89,
baseline,1686,0,read,95.046,10021.881,149.793,
baseline,1687,1,write,463.619,23157.818,141.938,
baseline,1688,2,write,124.922,41938.421,1291.206,
baseline,1689,0,write,111.036,39697.409,453.916,
baseline,1690,1,read,94.414,22915.759,6410.889,
baseline,1691,2,read,69.118,8792.072,13338.408,
baseline,1692,0,read,20.228,8216.147,3424.106,
baseline,1693,1,read,137.976,4384.891,249.337,
baseline,1694,2,read,112.648,4643.74,111.973,
baseline,1695,0,read,94.445,5923.561,96.574,
baseline,1696,1,read,106.567,6972.713,102.435,
baseline,1697,2,write,128.538,14033.541,192.922,
baseline,1698,0,write,168.512,11863.421,87.257,
baseline,1699,1,write,156.039,11275.963,833.409,
baseline,1700,2,read,88.854,3013.882,102.114,
baseline,1701,0,read,109.273,4845.645,140.475,
baseline,1702,1,read,109.413,6498.485,109.007,
baseline,1703,2,read,136.303,8770.273,125.828,
baseline,1704,0,read,316.425,7597.05,105.681,
baseline,1705,1,read,71.682,7679.001,99.51,
baseline,1706,2,read,118.27,6566.361,252.422,
baseline,1707,0,write,171.508,14865.471,127.932,
baseline,1708,1,write,88.123,14012.0,246.582,
baseline,1709,2,write,141.041,10293.022,129.796,
baseline,1710,0,read,236.097,4926.634,93.669,
baseline,1711,1,read,109.692,12020.481,106.062,
baseline,1712,2,read,118.97,6032.231,779.91,
baseline,1713,0,read,88.424,5183.87,112.003,
baseline,1714,1,read,111.998,6824.189,101.844,
baseline,1715,2,read,120.453,3127.772,103.838,
baseline,1716,0,read,116.347,5352.874,105.941,
baseline,1717,1,write,138.786,13515.89,112.755,
baseline,1718,2,write,129.48,8709.381,174.949,
baseline,1719,0,write,150.319,10073.968,113.565,
baseline,1720,1,read,63.697,4089.803,114.498,
baseline,1721,2,read,128.919,6847.202,107.103,
baseline,1722,0,read,82.863,4030.724,87.758,
baseline,1723,1,read,117.527,5256.585,106.683,
baseline,1724,2,read,101.557,6335.703,264.165,
baseline,1725,0,read,117.768,5613.016,308.947,
baseline,1726,1,read,91.149,5368.463,102.314,
baseline,1727,2,write,121.525,10376.246,105.942,
baseline,1728,0,write,103.212,11625.962,265.767,
baseline,1729,1,write,154.005,6390.205,91.264,
baseline,1730,2,read,84.687,3389.167,90.663,
baseline,1731,0,read,108.962,4185.962,56.41,
baseline,1732,1,read,109.573,3787.575,98.568,
baseline,1733,2,read,131.083,5191.586,164.039,
baseline,1734,0,read,88.795,4434.363,120.378,
baseline,1735,1,read,92.752,4015.668,92.376,
baseline,1736,2,read,117.096,5305.566,130.207,
baseline,1737,0,write,155.258,8520.29,135.987,
baseline,1738,1,write,84.066,6494.909,98.908,
baseline,1739,2,write,144.498,16286.672,312.094,
baseline,1740,0,read,94.695,9312.396,94.541,
baseline,1741,1,read,127.386,4284.254,90.573,
baseline,1742,2,read,105.215,3029.942,158.539,
baseline,1743,0,read,139.339,5641.699,82.067,
baseline,1744,1,read,153.965,4417.301,104.91,
baseline,1745,2,read,122.176,4098.18,195.447,
baseline,1746,0,read,115.874,6962.193,409.224,
baseline,1747,1,write,114.662,16488.326,117.473,
baseline,1748,2,write,134.4,11666.106,675.456,
baseline,1749,0,write,140.981,6989.464,141.017,
baseline,1750,1,read,86.73,7723.053,72.5,
baseline,1751,2,read,125.192,4306.946,99.981,
baseline,1752,0,read,105.064,5414.207,90.243,
baseline,1753,1,read,112.117,4279.014,177.665,
baseline,1754,2,read,106.648,5683.135,97.676,
baseline,1755,0,read,82.352,4232.738,98.769,
baseline,1756,1,read,150.339,4901.819,215.464,
baseline,1757,2,write,133.478,15250.444,110.57,
baseline,1758,0,write,301.197,15980.466,151.997,
baseline,1759,1,write,117.417,19133.406,21.405,
baseline,1760,2,read,109.282,8636.804,103.097,
baseline,1761,0,read,130.322,6738.911,123.203,
baseline,1762,1,read,113.44,7031.712,59.757,
baseline,1763,2,read,112.347,7262.76,325.93,
baseline,1764,0,read,85.308,6915.798,92.697,
baseline,1765,1,read,111.387,9882.553,111.632,
baseline,1766,2,read,94.855,14725.191,173.147,
baseline,1767,0,write,138.557,24692.079,208.682,
baseline,1768,1,write,125.161,21599.783,466.149,
baseline,1769,2,write,126.143,21208.788,553.241,
baseline,1770,0,read,105.966,6360.849,526.531,
baseline,1771,1,read,92.622,8186.302,100.962,
baseline,1772,2,read,81.38,12573.355,227.127,
baseline,1773,0,read,89.777,8846.925,103.557,
baseline,1774,1,read,113.61,7082.736,524.718,
baseline,1775,2,read,94.204,10227.741,410.556,
baseline,1776,0,read,150.509,5803.659,268.693,
baseline,1777,1,write,241.028,22651.792,375.841,
baseline,1778,2,write,167.249,20725.012,655.51,
baseline,1779,0,write,117.137,14749.166,381.562,
baseline,1780,1,read,78.335,3787.495,92.777,
baseline,1781,2,read,140.54,16029.998,261.37,
baseline,1782,0,read,110.585,10909.955,4912.614,
baseline,1783,1,read,88.113,8994.848,125.088,
baseline,1784,2,read,71.984,6160.159,122.663,
baseline,1785,0,read,111.758,10338.498,95.362,
baseline,1786,1,read,84.657,5721.105,106.633,
baseline,1787,2,write,226.649,15696.179,60.558,
baseline,1788,0,write,91.129,15315.754,109.759,
baseline,1789,1,write,95.647,13861.963,131.96,
baseline,1790,2,read,87.332,6738.891,93.428,
baseline,1791,0,read,103.593,7457.602,150.103,
baseline,1792,1,read,102.681,10349.878,100.101,
baseline,1793,2,read,75.49,5303.011,150.985,
baseline,1794,0,read,91.279,8500.222,170.872,
baseline,1795,1,read,83.535,5661.454,87.328,
baseline,1796,2,read,117.428,8093.319,170.391,
baseline,1797,0,write,171.887,27312.632,126.771,
baseline,1798,1,write,173.451,23557.117,460.078,
baseline,1799,2,write,241.948,12053.704,4208.099,
baseline,1800,0,read,406.524,5322.528,101.904,
baseline,1801,1,read,480.901,5700.769,311.763,
baseline,1802,2,read,241.658,11361.482,78.411,
baseline,1803,0,read,224.707,4816.922,260.458,
baseline,1804,1,read,150.208,8598.333,126.571,
baseline,1805,2,read,216.83,6799.682,187.013,
baseline,1806,0,read,135.471,6975.077,191.02,
baseline,1807,1,write,156.841,10438.823,98.398,
baseline,1808,2,write,109.552,14846.425,106.123,
baseline,1809,0,write,133.647,12132.779,212.56,
baseline,1810,1,read,77.824,4623.793,98.238,
baseline,1811,2,read,119.452,6203.879,172.726,
baseline,1812,0,read,86.591,7247.572,94.481,
baseline,1813,1,read,107.8,9190.821,111.793,
baseline,1814,2,read,99.675,7862.942,155.744,
baseline,1815,0,read,122.156,7417.558,95.012,
baseline,1816,1,read,143.586,8284.673,85.234,
baseline,1817,2,write,167.701,22178.626,739.004,
baseline,1818,0,write,205.55,17791.74,106.714,
baseline,1819,1,write,103.581,14956.148,683.883,
baseline,1820,2,read,169.173,9043.699,114.679,
baseline,1821,0,read,139.058,5886.232,105.251,
baseline,1822,1,read,112.708,4676.34,174.179,
baseline,1823,2,read,151.741,9368.22,135.167,
baseline,1824,0,read,94.766,10443.672,106.473,
baseline,1825,1,read,209.067,8270.287,347.239,
baseline,1826,2,read,299.094,6006.395,108.697,
baseline,1827,0,write,195.352,12838.567,133.163,
baseline,1828,1,write,159.276,13272.832,100.131,
baseline,1829,2,write,108.58,14796.713,130.438,
baseline,1830,0,read,107.298,5399.749,454.208,
baseline,1831,1,read,129.438,4518.928,103.659,
baseline,1832,2,read,106.376,4296.327,108.848,
baseline,1833,0,read,108.131,5693.445,139.674,
baseline,1834,1,read,117.227,6019.117,87.859,
baseline,1835,2,read,134.289,7415.634,288.15,
baseline,1836,0,read,87.893,7365.14,219.443,
baseline,1837,1,write,158.814,12120.246,104.55,
baseline,1838,2,write,98.393,9494.374,116.582,
baseline,1839,0,write,98.944,15489.948,263.524,
baseline,1840,1,read,129.289,4622.51,106.674,
baseline,1841,2,read,121.034,5170.195,139.475,
baseline,1842,0,read,122.968,7449.165,257.073,
baseline,1843,1,read,118.93,7180.688,55.67,
baseline,1844,2,read,104.893,7688.498,97.457,
baseline,1845,0,read,114.352,4481.52,222.939,
baseline,1846,1,read,146.892,7302.765,113.246,
baseline,1847,2,write,176.197,15088.073,247.264,
baseline,1848,0,write,147.502,10963.565,431.486,
baseline,1849,1,write,122.938,11153.537,121.872,
baseline,1850,2,read,80.95,3953.381,101.014,
baseline,1851,0,read,115.143,4123.367,127.672,
baseline,1852,1,read,120.693,5926.416,103.157,
baseline,1853,2,read,118.519,6874.361,98.619,
baseline,1854,0,read,109.242,4389.249,173.688,
baseline,1855,1,read,373.682,8902.627,180.1,
baseline,1856,2,read,100.847,9521.955,258.695,
baseline,1857,0,write,130.041,15304.123,122.964,
baseline,1858,1,write,207.065,24842.709,452.303,
baseline,1859,2,write,139.548,19444.13,248.046,
baseline,1860,0,read,125.202,9074.736,595.309,
baseline,1861,1,read,72.294,7592.932,188.295,
baseline,1862,2,read,95.297,4278.243,124.958,
baseline,1863,0,read,171.618,15398.519,114.548,
baseline,1864,1,read,227.44,8190.959,1797.195,
baseline,1865,2,read,88.164,3837.147,38.427,
baseline,1866,0,read,120.493,9922.315,99.06,
baseline,1867,1,write,141.331,26096.861,134.486,
baseline,1868,2,write,200.541,21522.85,1523.017,
baseline,1869,0,write,192.247,14457.336,231.865,
baseline,1870,1,read,79.777,5960.107,137.351,
baseline,1871,2,read,105.134,6097.623,161.225,
baseline,1872,0,read,111.305,10214.747,103.108,
baseline,1873,1,read,110.395,7160.201,640.462,
baseline,1874,2,read,145.831,9659.36,240.872,
baseline,1875,0,read,81.711,5422.423,117.243,
baseline,1876,1,read,149.367,5217.302,103.959,
baseline,1877,2,write,486.39,12022.244,102.056,
baseline,1878,0,write,221.169,11846.739,116.733,
baseline,1879,1,write,144.748,9940.861,377.325,
baseline,1880,2,read,122.378,5783.101,87.458,
baseline,1881,0,read,136.423,6371.37,109.138,
baseline,1882,1,read,86.74,7330.366,77.55,
baseline,1883,2,read,103.381,4933.487,113.567,
baseline,1884,0,read,124.31,8106.503,95.323,
baseline,1885,1,read,96.449,4672.634,136.709,
baseline,1886,2,read,152.472,6076.053,116.322,
baseline,1887,0,write,193.468,15639.544,442.236,
baseline,1888,1,write,128.819,12355.833,122.914,
baseline,1889,2,write,109.392,13276.938,107.306,
baseline,1890,0,read,107.309,4251.854,96.485,
baseline,1891,1,read,113.611,8998.085,105.552,
baseline,1892,2,read,135.171,5374.834,601.34,
baseline,1893,0,read,119.261,6039.395,92.668,
baseline,1894,1,read,100.196,5030.175,98.519,
baseline,1895,2,read,224.115,5341.883,99.581,
baseline,1896,0,read,115.583,8435.922,107.306,
baseline,1897,1,write,257.427,10732.426,10974.642,
baseline,1898,2,write,53.389,10499.686,1270.71,
baseline,1899,0,write,110.795,10728.299,124.167,
baseline,1900,1,read,96.307,3525.729,2112.7,
baseline,1901,2,read,143.315,4142.872,107.516,
baseline,1902,0,read,116.326,4284.064,103.638,
baseline,1903,1,read,170.486,7189.455,224.112,
baseline,1904,2,read,162.902,5444.594,94.852,
baseline,1905,0,read,118.849,5642.259,156.657,
baseline,1906,1,read,103.863,5037.289,135.367,
baseline,1907,2,write,145.941,14385.823,110.341,
baseline,1908,0,write,184.251,11289.739,418.151,
baseline,1909,1,write,127.796,15125.192,176.243,
baseline,1910,2,read,102.39,4017.319,84.884,
baseline,1911,0,read,121.445,4363.272,97.677,
baseline,1912,1,read,107.529,6457.028,95.163,
baseline,1913,2,read,127.957,5693.615,166.024,
baseline,1914,0,read,115.635,3856.483,102.226,
baseline,1915,1,read,104.082,5617.323,95.003,
baseline,1916,2,read,121.495,3366.154,109.88,
baseline,1917,0,write,131.544,11263.24,124.487,
baseline,1918,1,write,121.555,8954.934,113.367,
baseline,1919,2,write,112.077,9240.633,120.67,
baseline,1920,0,read,65.28,3335.076,89.613,
baseline,1921,1,read,105.886,4276.891,95.283,
baseline,1922,2,read,128.738,3976.023,113.377,
baseline,1923,0,read,133.798,4056.803,91.376,
baseline,1924,1,read,131.724,3766.675,82.249,
baseline,1925,2,read,152.292,4237.628,237.657,
baseline,1926,0,read,142.754,5312.569,121.352,
baseline,1927,1,write,148.125,23340.077,129.326,
baseline,1928,2,write,212.744,11095.049,2794.051,
baseline,1929,0,write,140.02,9980.273,97.107,
baseline,1930,1,read,78.065,4306.486,86.196,
baseline,1931,2,read,181.476,4768.0,219.323,
baseline,1932,0,read,142.394,4157.78,107.236,
baseline,1933,1,read,161.008,6802.718,106.644,
baseline,1934,2,read,108.58,5945.721,94.342,
baseline,1935,0,read,147.263,3958.05,56.832,
baseline,1936,1,read,126.324,5939.519,105.793,
baseline,1937,2,write,151.81,15165.366,155.766,
baseline,1938,0,write,96.489,13357.418,221.797,
baseline,1939,1,write,120.312,11168.484,802.974,
baseline,1940,2,read,90.446,4911.175,175.713,
baseline,1941,0,read,110.995,3941.86,94.372,
baseline,1942,1,read,140.761,6541.265,123.956,
baseline,1943,2,read,103.741,6437.181,96.386,
baseline,1944,0,read,108.822,4345.729,93.089,
baseline,1945,1,read,126.745,6144.81,358.591,
baseline,1946,2,read,135.271,8687.449,380.211,
baseline,1947,0,write,478.576,13343.151,136.59,
baseline,1948,1,write,549.618,14244.681,387.184,
baseline,1949,2,write,425.659,15650.094,109.82,
baseline,1950,0,read,99.354,5907.761,109.72,
baseline,1951,1,read,437.671,3390.009,840.894,
baseline,1952,2,read,167.591,4229.444,59.156,
baseline,1953,0,read,446.237,7075.594,106.704,
baseline,1954,1,read,107.31,5953.657,1005.969,
baseline,1955,2,read,112.379,4896.869,100.292,
baseline,1956,0,read,110.516,7357.366,87.839,
baseline,1957,1,write,152.333,11038.804,434.401,
baseline,1958,2,write,129.871,7880.776,197.973,
baseline,1959,0,write,278.015,13593.055,158.26,
baseline,1960,1,read,98.883,4690.276,104.751,
baseline,1961,2,read,146.27,5252.818,105.102,
baseline,1962,0,read,94.204,5855.455,93.099,
baseline,1963,1,read,129.91,4323.757,99.111,
baseline,1964,2,read,145.159,6255.875,112.686,
baseline,1965,0,read,118.129,5560.158,101.345,
baseline,1966,1,read,107.61,5946.493,131.28,
baseline,1967,2,write,138.066,7783.475,126.481,
baseline,1968,0,write,86.841,12849.788,169.921,
baseline,1969,1,write,153.465,11337.798,97.527,
baseline,1970,2,read,147.783,5836.93,233.019,
baseline,1971,0,read,121.185,5116.886,97.467,
baseline,1972,1,read,141.793,4458.216,153.321,
baseline,1973,2,read,122.397,5882.926,89.302,
baseline,1974,0,read,116.075,5735.622,105.252,
baseline,1975,1,read,116.105,6436.761,97.908,
baseline,1976,2,read,200.962,5157.001,98.92,
baseline,1977,0,write,215.65,12660.458,318.937,
baseline,1978,1,write,148.685,17245.048,284.394,
baseline,1979,2,write,169.724,27105.269,386.844,
baseline,1980,0,read,134.91,14792.887,81.197,
baseline,1981,1,read,153.315,4877.403,4776.102,
baseline,1982,2,read,73.807,3820.856,99.882,
baseline,1983,0,read,125.913,4687.621,88.251,
baseline,1984,1,read,185.394,6701.301,102.737,
baseline,1985,2,read,169.223,6287.454,105.072,
baseline,1986,0,read,221.922,7721.541,144.584,
baseline,1987,1,write,418.966,21678.95,216.057,
baseline,1988,2,write,215.92,17059.514,52.484,
baseline,1989,0,write,140.1,16300.669,124.087,
baseline,1990,1,read,159.976,9171.134,833.271,
baseline,1991,2,read,106.478,7884.182,118.246,
baseline,1992,0,read,124.48,12095.45,149.214,
baseline,1993,1,read,100.807,6651.779,105.422,
baseline,1994,2,read,118.651,5741.594,75.717,
baseline,1995,0,read,209.548,5722.028,219.163,
baseline,1996,1,read,140.93,11254.814,301.626,
baseline,1997,2,write,147.474,31065.073,3888.318,
baseline,1998,0,write,121.715,24328.837,761.187,
baseline,1999,1,write,146.631,22398.212,107.967,
baseline,2000,2,read,70.139,9174.571,4928.836,
baseline,2001,0,read,104.583,10849.553,279.826,
baseline,2002,1,read,236.668,12842.525,108.969,
baseline,2003,2,read,348.186,7188.894,505.533,
baseline,2004,0,read,140.4,10176.908,73.122,
baseline,2005,1,read,132.546,5903.824,270.638,
baseline,2006,2,read,157.041,15548.506,95.504,
baseline,2007,0,write,128.889,40787.208,547.17,
baseline,2008,1,write,161.228,29126.081,3791.96,
baseline,2009,2,write,154.856,24839.301,873.275,
baseline,2010,0,read,116.896,10196.965,103.749,
baseline,2011,1,read,80.399,6183.763,151.888,
baseline,2012,2,read,141.943,5507.69,213.723,
baseline,2013,0,read,127.286,9252.416,105.753,
baseline,2014,1,read,98.923,7420.262,214.835,
baseline,2015,2,read,970.167,12576.902,395.018,
baseline,2016,0,read,146.701,13363.999,156.027,
baseline,2017,1,write,139.429,29232.199,267.622,
baseline,2018,2,write,156.49,20228.814,103.659,
baseline,2019,0,write,2468.673,32703.869,1132.574,
baseline,2020,1,read,157.651,8997.984,337.733,
baseline,2021,2,read,96.118,16625.891,98.219,
baseline,2022,0,read,301.338,6204.922,180.902,
baseline,2023,1,read,86.34,5845.526,79.354,
baseline,2024,2,read,215.579,6726.567,97.578,
baseline,2025,0,read,124.02,7005.875,97.698,
baseline,2026,1,read,546.872,6439.766,42.546,
baseline,2027,2,write,153.584,16996.838,107.666,
baseline,2028,0,write,258.599,19818.043,723.717,
baseline,2029,1,write,111.847,14140.118,615.617,
baseline,2030,2,read,130.542,3568.048,121.382,
baseline,2031,0,read,8369.691,15293.114,98.489,
baseline,2032,1,read,103.871,5264.879,98.24,
baseline,2033,2,read,122.738,7849.908,77.21,
baseline,2034,0,read,97.359,9686.419,116.373,
baseline,2035,1,read,114.322,7379.326,98.69,
baseline,2036,2,read,122.517,7154.731,101.154,
baseline,2037,0,write,143.625,10669.68,98.48,
baseline,2038,1,write,121.454,8806.539,470.619,
baseline,2039,2,write,129.339,10487.873,122.695,
baseline,2040,0,read,130.331,6389.132,302.197,
baseline,2041,1,read,107.379,6774.586,102.347,
baseline,2042,2,read,144.548,8352.709,158.13,
baseline,2043,0,read,98.252,7155.321,129.968,
baseline,2044,1,read,202.745,6578.694,323.005,
baseline,2045,2,read,118.82,8431.325,95.334,
baseline,2046,0,read,141.752,11919.225,252.405,
baseline,2047,1,write,270.792,19060.93,140.027,
baseline,2048,2,write,124.621,38300.282,438.97,
baseline,2049,0,write,98.882,35645.735,898.482,
baseline,2050,1,read,109.202,17808.42,281.579,
baseline,2051,2,read,126.264,7174.939,3859.655,
baseline,2052,0,read,263.067,14116.093,97.007,
baseline,2053,1,read,173.922,18764.693,97.818,
baseline,2054,2,read,215.869,13931.35,232.378,
baseline,2055,0,read,104.635,8814.795,105.903,
baseline,2056,1,read,73.446,5443.282,212.24,
baseline,2057,2,write,831.671,62592.232,120.7,
baseline,2058,0,write,131.614,29323.998,1199.859,
baseline,2059,1,write,125.452,41254.663,842.568,
baseline,2060,2,read,108.431,9838.41,98.189,
baseline,2061,0,read,64.139,24846.586,66.53,
baseline,2062,1,read,1113.401,12356.063,9090.273,
baseline,2063,2,read,101.698,16711.309,220.907,
baseline,2064,0,read,275.6,10883.807,1195.431,
baseline,2065,1,read,267.905,17895.683,1173.01,
baseline,2066,2,read,573.541,4085.356,107.918,
baseline,2067,0,write,138.245,19824.744,591.343,
baseline,2068,1,write,661.344,17726.93,212.411,
baseline,2069,2,write,140.44,11770.288,109.42,
baseline,2070,0,read,107.529,5127.726,302.468,
baseline,2071,1,read,175.826,5171.127,103.219,
baseline,2072,2,read,147.343,4718.298,143.493,
baseline,2073,0,read,384.662,3029.581,210.287,
baseline,2074,1,read,121.426,6501.872,130.248,
baseline,2075,2,read,101.739,5512.098,75.798,
baseline,2076,0,read,132.726,7814.433,168.028,
baseline,2077,1,write,155.579,9257.225,68.063,
baseline,2078,2,write,107.95,16910.739,122.905,
baseline,2079,0,write,602.436,14994.821,618.062,
baseline,2080,1,read,105.706,7921.491,181.824,
baseline,2081,2,read,120.813,5584.833,121.924,
baseline,2082,0,read,158.994,10222.061,89.664,
baseline,2083,1,read,119.722,4634.614,99.291,
baseline,2084,2,read,178.04,6861.568,742.933,
baseline,2085,0,read,103.593,7662.892,77.3,
baseline,2086,1,read,116.267,10139.39,336.139,
baseline,2087,2,write,160.057,12139.984,119.909,
baseline,2088,0,write,128.408,9076.6,133.194,
baseline,2089,1,write,95.718,12375.931,98.459,
baseline,2090,2,read,123.188,3435.473,78.232,
baseline,2091,0,read,471.843,9290.826,11411.862,
baseline,2092,1,read,128.007,8282.3,1899.314,
baseline,2093,2,read,97.982,3425.614,62.202,
baseline,2094,0,read,97.941,4798.176,103.479,
baseline,2095,1,read,173.532,7935.156,142.892,
baseline,2096,2,read,114.142,6009.129,90.204,
baseline,2097,0,write,157.15,7785.569,100.905,
baseline,2098,1,write,107.589,17398.131,132.533,
baseline,2099,2,write,485.059,12814.423,189.378,
baseline,2100,0,read,127.025,7602.82,221.618,
baseline,2101,1,read,104.964,13508.838,34.171,
baseline,2102,2,read,118.139,5653.971,2129.922,
baseline,2103,0,read,151.59,4252.185,443.589,
baseline,2104,1,read,130.402,5589.092,20.084,
baseline,2105,2,read,144.116,6206.674,108.178,
baseline,2106,0,read,103.201,5482.344,111.073,
baseline,2107,1,write,162.16,11997.66,132.693,
baseline,2108,2,write,114.603,19446.374,98.009,
baseline,2109,0,write,485.889,12893.197,263.065,
baseline,2110,1,read,75.971,4542.844,250.17,
baseline,2111,2,read,133.758,6360.368,48.578,
baseline,2112,0,read,160.657,5346.662,91.958,
baseline,2113,1,read,126.615,3980.402,1312.688,
baseline,2114,2,read,151.301,4804.038,103.458,
baseline,2115,0,read,129.79,6526.115,162.92,
baseline,2116,1,read,338.617,5373.923,107.677,
baseline,2117,2,write,134.259,40145.44,222.409,
baseline,2118,0,write,104.894,32140.224,130.469,
baseline,2119,1,write,879.8,11892.987,11398.026,
baseline,2120,2,read,38.402,12304.317,2314.554,
baseline,2121,0,read,91.058,4025.576,107.176,
baseline,2122,1,read,133.677,5071.632,117.786,
baseline,2123,2,read,152.212,6747.385,34.812,
baseline,2124,0,read,150.398,7539.674,110.382,
baseline,2125,1,read,138.277,8027.287,111.734,
baseline,2126,2,read,124.371,11792.821,119.849,
baseline,2127,0,write,152.542,8830.784,116.654,
baseline,2128,1,write,114.062,17811.027,138.483,
baseline,2129,2,write,125.733,14973.431,119.198,
baseline,2130,0,read,109.182,4981.025,88.301,
baseline,2131,1,read,146.392,6561.372,124.698,
baseline,2132,2,read,172.118,8237.987,214.104,
baseline,2133,0,read,199.529,7803.312,126.692,
baseline,2134,1,read,208.166,3871.771,147.781,
baseline,2135,2,read,159.565,7578.674,302.188,
baseline,2136,0,read,129.079,5882.504,102.067,
baseline,2137,1,write,487.923,12337.168,151.909,
baseline,2138,2,write,203.577,56558.567,3109.616,
baseline,2139,0,write,357.532,47383.634,753.203,
baseline,2140,1,read,372.249,9142.001,25665.32,
baseline,2141,2,read,51.706,8303.208,16054.741,
baseline,2142,0,read,25.077,12390.257,6111.896,
baseline,2143,1,read,88.624,9224.934,101.586,
baseline,2144,2,read,1207.887,4202.013,90.385,
baseline,2145,0,read,140.38,5974.465,514.24,
baseline,2146,1,read,1231.802,9120.942,153.021,
baseline,2147,2,write,230.687,7582.072,123.206,
baseline,2148,0,write,147.233,6620.431,156.577,
baseline,2149,1,write,158.023,11756.965,153.732,
baseline,2150,2,read,2648.274,3555.655,130.239,
baseline,2151,0,read,192.657,7204.622,243.709,
baseline,2152,1,read,125.542,6298.083,296.437,
baseline,2153,2,read,110.905,4780.243,113.047,
baseline,2154,0,read,114.914,6041.73,99.341,
baseline,2155,1,read,135.03,6547.466,76.419,
baseline,2156,2,read,110.526,5652.559,181.904,
baseline,2157,0,write,106.677,5477.233,361.678,
baseline,2158,1,write,8068.413,8094.691,105.503,
baseline,2159,2,write,651.647,7574.358,225.866,
baseline,2160,0,read,1652.08,2435.09,104.281,
baseline,2161,1,read,110.074,7039.287,101.245,
baseline,2162,2,read,163.663,5393.388,90.125,
baseline,2163,0,read,120.032,6436.29,84.074,
baseline,2164,1,read,115.093,5598.719,96.126,
baseline,2165,2,read,106.467,5576.467,108.519,
baseline,2166,0,read,133.768,4953.174,102.858,
baseline,2167,1,write,166.529,9727.436,105.503,
baseline,2168,2,write,139.408,7937.189,131.181,
baseline,2169,0,write,176.157,6702.684,157.649,
baseline,2170,1,read,117.648,3968.871,106.114,
baseline,2171,2,read,121.155,17888.911,108.498,
baseline,2172,0,read,125.372,3387.073,5191.292,
baseline,2173,1,read,59.701,3881.088,71.67,
baseline,2174,2,read,107.248,4121.964,103.079,
baseline,2175,0,read,118.33,4157.19,132.773,
baseline,2176,1,read,142.063,4104.431,101.035,
baseline,2177,2,write,121.876,11286.312,109.05,
baseline,2178,0,write,152.241,11887.435,125.761,
baseline,2179,1,write,111.066,8600.749,169.582,
baseline,2180,2,read,69.408,3223.71,88.031,
baseline,2181,0,read,138.196,4789.892,201.22,
baseline,2182,1,read,144.819,3583.377,141.8,
baseline,2183,2,read,138.225,4565.805,112.267,
baseline,2184,0,read,127.325,3689.082,90.135,
baseline,2185,1,read,143.276,4416.12,139.616,
baseline,2186,2,read,129.22,6614.921,301.496,
baseline,2187,0,write,141.703,13699.912,125.33,
baseline,2188,1,write,100.857,11843.374,287.49,
baseline,2189,2,write,129.309,13551.547,241.606,
baseline,2190,0,read,157.573,4963.494,309.37,
baseline,2191,1,read,129.991,6877.988,101.175,
baseline,2192,2,read,193.508,5978.191,545.549,
baseline,2193,0,read,138.266,5091.761,68.735,
baseline,2194,1,read,134.148,4533.225,102.979,
baseline,2195,2,read,317.758,4054.348,94.613,
baseline,2196,0,read,123.398,4412.471,108.239,
baseline,2197,1,write,112.709,12025.992,153.121,
baseline,2198,2,write,127.406,6272.947,327.054,
baseline,2199,0,write,120.824,8485.285,121.062,
baseline,2200,1,read,92.01,7541.477,88.422,
baseline,2201,2,read,100.387,8551.297,100.614,
baseline,2202,0,read,104.613,5761.961,143.324,
baseline,2203,1,read,113.501,8752.229,135.028,
baseline,2204,2,read,133.227,6250.787,114.74,
baseline,2205,0,read,199.609,4432.95,296.878,
baseline,2206,1,read,142.364,3788.787,72.913,
baseline,2207,2,write,341.182,13551.828,111.935,
baseline,2208,0,write,138.888,17669.003,102.187,
baseline,2209,1,write,154.406,13344.164,995.331,
baseline,2210,2,read,141.192,5737.465,100.204,
baseline,2211,0,read,138.277,11822.816,249.43,
baseline,2212,1,read,300.186,9044.69,100.104,
baseline,2213,2,read,118.7,16109.815,98.941,
baseline,2214,0,read,134.379,7874.734,128.496,
baseline,2215,1,read,195.112,12472.77,252.165,
baseline,2216,2,read,167.51,7834.119,40.894,
baseline,2217,0,write,121.054,21448.453,165.735,
baseline,2218,1,write,170.596,20255.482,209.266,
baseline,2219,2,write,105.765,13371.413,600.671,
baseline,2220,0,read,170.666,8272.03,254.399,
baseline,2221,1,read,13978.126,22934.975,202.193,
baseline,2222,2,read,792.879,4609.087,4213.36,
baseline,2223,0,read,332.085,5340.11,98.44,
baseline,2224,1,read,157.161,9317.236,89.564,
baseline,2225,2,read,141.653,13721.352,108.87,
baseline,2226,0,read,119.501,11065.153,100.705,
baseline,2227,1,write,230.498,129887.753,169.281,
baseline,2228,2,write,139.028,123555.746,319.139,
baseline,2229,0,write,173.772,120879.548,197.084,
baseline,2230,1,read,203.307,102979.709,94.373,
baseline,2231,2,read,158.272,93871.139,250.242,
baseline,2232,0,read,233.774,82973.498,100.634,
baseline,2233,1,read,154.206,77237.103,200.149,
baseline,2234,2,read,130.482,76295.489,180.953,
baseline,2235,0,read,112.429,68580.371,48.357,
baseline,2236,1,read,111.787,51183.222,92.8,
baseline,2237,2,write,151.089,48065.016,408.044,
baseline,2238,0,write,147.602,48359.822,125.441,
baseline,2239,1,write,88.234,30800.754,419.294,
baseline,2240,2,read,63.538,10280.489,817.372,
baseline,2241,0,read,79.979,7601.138,918.649,
baseline,2242,1,read,71.882,12502.354,152.982,
baseline,2243,2,read,101.999,12943.903,368.871,
baseline,2244,0,read,101.478,10162.571,177.006,
baseline,2245,1,read,87.803,8533.464,178.659,
baseline,2246,2,read,118.78,11577.572,186.083,
baseline,2247,0,write,166.057,20863.839,153.232,
baseline,2248,1,write,203.297,18480.557,545.027,
baseline,2249,2,write,418.695,23329.105,549.196,
baseline,2250,0,read,125.583,9455.983,151.839,
baseline,2251,1,read,458.088,11591.869,253.908,
baseline,2252,2,read,139.829,13895.415,119.81,
baseline,2253,0,read,125.893,14688.072,104.963,
baseline,2254,1,read,145.67,10631.61,83.503,
baseline,2255,2,read,129.9,15007.875,587.116,
baseline,2256,0,read,103.502,15994.342,95.535,
baseline,2257,1,write,141.653,25204.791,986.324,
baseline,2258,2,write,857.638,21579.806,151.008,
baseline,2259,0,write,102.519,12653.203,93.322,
baseline,2260,1,read,166.057,5180.955,91.598,
baseline,2261,2,read,131.843,8021.004,11393.388,
baseline,2262,0,read,35.716,7880.565,1545.339,
baseline,2263,1,read,178.54,4719.22,623.713,
baseline,2264,2,read,129.961,4324.138,109.531,
baseline,2265,0,read,139.418,8200.216,214.105,
baseline,2266,1,read,140.59,8682.68,236.166,
baseline,2267,2,write,475.592,18841.835,210.658,
baseline,2268,0,write,164.334,15217.593,533.246,
baseline,2269,1,write,112.007,7996.56,150.737,
baseline,2270,2,read,105.304,6897.424,157.19,
baseline,2271,0,read,126.434,6400.634,282.151,
baseline,2272,1,read,115.714,5788.68,97.369,
baseline,2273,2,read,124.841,6458.04,126.853,
baseline,2274,0,read,115.644,6868.08,161.327,
baseline,2275,1,read,151.721,11495.65,320.502,
baseline,2276,2,read,170.776,17019.661,2017.505,
baseline,2277,0,write,140.941,39131.292,192.865,
baseline,2278,1,write,142.394,26322.93,8764.981,
baseline,2279,2,write,509.534,26012.515,1001.984,
baseline,2280,0,read,101.288,13675.828,97.799,
baseline,2281,1,read,1077.495,9005.728,83.884,
baseline,2282,2,read,89.185,7945.936,107.057,
baseline,2283,0,read,126.775,5198.678,87.12,
baseline,2284,1,read,116.165,5791.916,96.898,
baseline,2285,2,read,153.304,18927.304,153.352,
baseline,2286,0,read,158.764,20573.402,119.75,
baseline,2287,1,write,1168.675,34827.491,1267.225,
baseline,2288,2,write,541.743,61997.129,228.832,
baseline,2289,0,write,526.927,24446.155,1413.335,
baseline,2290,1,read,197.636,63543.613,410.679,
baseline,2291,2,read,121.675,83961.034,130.781,
baseline,2292,0,read,129.479,74932.404,110.133,
baseline,2293,1,read,145.841,66210.551,111.354,
baseline,2294,2,read,513.491,53525.989,1534.16,
baseline,2295,0,read,313.672,27775.129,9649.218,
baseline,2296,1,read,107.178,36090.9,253.047,
baseline,2297,2,write,574.204,33699.192,17067.526,
baseline,2298,0,write,249.592,25304.956,7676.514,
baseline,2299,1,write,111.257,53081.949,1896.409,
baseline,2300,2,read,180.353,6231.981,148.263,
baseline,2301,0,read,213.695,14923.809,137.583,
baseline,2302,1,read,1275.974,21823.298,940.76,
baseline,2303,2,read,138.817,12726.039,3114.106,
baseline,2304,0,read,99.935,5895.228,233.511,
baseline,2305,1,read,488.986,46037.492,217.942,
baseline,2306,2,read,133.076,35604.95,635.776,
baseline,2307,0,write,1240.678,24273.465,9270.818,
baseline,2308,1,write,97.931,26245.657,939.789,
baseline,2309,2,write,822.384,30055.773,96.497,
baseline,2310,0,read,155.177,10897.662,1188.57,
baseline,2311,1,read,133.057,11705.008,247.847,
baseline,2312,2,read,182.888,16394.001,85.387,
baseline,2313,0,read,138.727,5893.174,5417.481,
baseline,2314,1,read,105.556,8699.532,208.484,
baseline,2315,2,read,183.139,15277.033,126.352,
baseline,2316,0,read,249.812,11071.504,152.321,
baseline,2317,1,write,146.2,15490.628,259.049,
baseline,2318,2,write,175.464,10782.017,439.172,
baseline,2319,0,write,109.392,9242.717,208.455,
baseline,2320,1,read,134.119,3954.985,81.078,
baseline,2321,2,read,270.49,5545.239,320.192,
baseline,2322,0,read,236.148,63619.033,989.24,
baseline,2323,1,read,483.515,40419.417,15795.241,
baseline,2324,2,read,1703.855,38441.715,6300.607,
baseline,2325,0,read,274.138,34318.679,405.649,
baseline,2326,1,read,113.911,24210.057,378.83,
baseline,2327,2,write,477.403,26159.637,960.778,
baseline,2328,0,write,119.251,31413.969,848.339,
baseline,2329,1,write,218.024,20161.459,207.333,
baseline,2330,2,read,122.958,6925.547,296.227,
baseline,2331,0,read,872.475,4352.802,263.877,
baseline,2332,1,read,326.364,5661.544,725.202,
baseline,2333,2,read,116.095,8013.542,91.247,
baseline,2334,0,read,671.454,14379.742,681.249,
baseline,2335,1,read,425.708,6403.78,101.086,
baseline,2336,2,read,262.697,8689.443,176.064,
baseline,2337,0,write,120.994,25155.838,149.455,
baseline,2338,1,write,122.396,17298.546,389.48,
baseline,2339,2,write,94.014,19204.276,276.691,
baseline,2340,0,read,257.206,10573.412,154.464,
baseline,2341,1,read,251.626,5032.459,104.392,
baseline,2342,2,read,129.841,24396.913,223.753,
baseline,2343,0,read,161.19,42918.716,86.518,
baseline,2344,1,read,118.68,33117.854,105.243,
baseline,2345,2,read,108.09,24980.694,127.634,
baseline,2346,0,read,132.796,15239.433,360.526,
baseline,2347,1,write,137.124,24408.324,168.931,
baseline,2348,2,write,308.03,14478.735,114.921,
baseline,2349,0,write,389.582,28675.105,419.265,
baseline,2350,1,read,388.268,6422.693,11999.723,
baseline,2351,2,read,48.27,6747.596,2411.485,
baseline,2352,0,read,87.843,4898.643,74.566,
baseline,2353,1,read,116.496,5401.103,89.634,
baseline,2354,2,read,158.604,5722.608,169.392,
baseline,2355,0,read,156.96,5870.362,102.789,
baseline,2356,1,read,123.488,8061.801,146.239,
baseline,2357,2,write,135.832,16241.139,126.452,
baseline,2358,0,write,211.763,10407.215,87.78,
baseline,2359,1,write,163.373,16058.421,208.885,
baseline,2360,2,read,546.983,6416.273,94.373,
baseline,2361,0,read,217.292,5738.929,96.176,
baseline,2362,1,read,115.084,22523.303,82.611,
baseline,2363,2,read,111.097,13460.178,689.074,
baseline,2364,0,read,96.85,5733.719,1799.781,
baseline,2365,1,read,345.29,4193.346,52.305,
baseline,2366,2,read,206.132,6765.74,85.617,
baseline,2367,0,write,401.473,14150.567,95.084,
baseline,2368,1,write,140.01,21610.764,180.913,
baseline,2369,2,write,652.497,11718.602,143.054,
baseline,2370,0,read,412.403,5868.519,186.073,
baseline,2371,1,read,157.732,5826.19,110.122,
baseline,2372,2,read,115.103,6348.417,108.059,
baseline,2373,0,read,391.044,7792.231,419.225,
baseline,2374,1,read,101.978,7641.03,100.555,
baseline,2375,2,read,126.324,7062.209,105.263,
baseline,2376,0,read,144.408,19066.102,107.256,
baseline,2377,1,write,151.19,9746.931,8357.166,
baseline,2378,2,write,131.573,8354.762,390.863,
baseline,2379,0,write,102.669,13899.411,141.17,
baseline,2380,1,read,107.87,4652.386,186.724,
baseline,2381,2,read,158.374,8129.567,300.284,
baseline,2382,0,read,106.507,5894.095,95.806,
baseline,2383,1,read,106.517,7977.885,122.044,
baseline,2384,2,read,112.147,7487.356,197.004,
baseline,2385,0,read,477.082,9534.657,425.397,
baseline,2386,1,read,103.882,11561.381,144.997,
baseline,2387,2,write,164.134,22614.082,506.626,
baseline,2388,0,write,409.398,13978.978,136.702,
baseline,2389,1,write,302.38,7956.575,189.66,
baseline,2390,2,read,206.774,7394.194,91.818,
baseline,2391,0,read,140.54,9349.065,101.927,
baseline,2392,1,read,136.924,7742.369,63.345,
baseline,2393,2,read,107.95,4708.099,87.33,
baseline,2394,0,read,198.667,6346.413,111.285,
baseline,2395,1,read,176.857,7105.099,129.017,
baseline,2396,2,read,246.777,7146.195,272.102,
baseline,2397,0,write,146.692,18778.448,266.381,
baseline,2398,1,write,109.272,15852.89,102.498,
baseline,2399,2,write,152.473,10096.26,122.434,
baseline,2400,0,read,116.836,3938.824,100.896,
baseline,2401,1,read,172.539,6929.232,189.73,
baseline,2402,2,read,616.041,22671.218,95.605,
baseline,2403,0,read,439.164,9361.438,4759.593,
baseline,2404,1,read,161.97,5347.654,134.066,
baseline,2405,2,read,128.569,5977.942,88.562,
baseline,2406,0,read,132.035,7330.587,355.697,
baseline,2407,1,write,357.882,35587.337,134.418,
baseline,2408,2,write,136.654,42106.462,133.986,
baseline,2409,0,write,219.036,32887.208,433.31,
baseline,2410,1,read,385.064,19618.263,238.349,
baseline,2411,2,read,1106.179,9767.76,4713.878,
baseline,2412,0,read,293.303,6477.877,197.875,
baseline,2413,1,read,136.293,9812.864,177.587,
baseline,2414,2,read,112.618,5020.418,156.709,
baseline,2415,0,read,129.47,7574.638,13.103,
baseline,2416,1,read,183.54,7277.578,226.177,
baseline,2417,2,write,124.691,14105.233,259.519,
baseline,2418,0,write,188.488,10789.571,289.946,
baseline,2419,1,write,122.176,15813.717,85.627,
baseline,2420,2,read,195.421,6536.344,310.113,
baseline,2421,0,read,132.536,9213.925,193.406,
baseline,2422,1,read,128.478,6351.573,237.989,
baseline,2423,2,read,117.067,5950.34,77.001,
baseline,2424,0,read,142.234,3895.686,97.919,
baseline,2425,1,read,116.496,6905.219,167.949,
baseline,2426,2,read,133.377,6585.245,251.885,
baseline,2427,0,write,165.497,23155.715,497.539,
baseline,2428,1,write,135.24,21174.084,91.067,
baseline,2429,2,write,244.121,9159.893,802.395,
baseline,2430,0,read,80.67,3633.119,84.334,
baseline,2431,1,read,128.227,5821.591,247.908,
baseline,2432,2,read,167.69,7693.879,102.067,
baseline,2433,0,read,100.045,8483.191,97.048,
baseline,2434,1,read,110.706,5021.751,146.409,
baseline,2435,2,read,130.121,6436.4,93.281,
baseline,2436,0,read,177.77,4422.19,99.051,
baseline,2437,1,write,140.511,19338.476,190.921,
baseline,2438,2,write,137.535,13791.633,345.097,
baseline,2439,0,write,132.977,13862.604,201.531,
baseline,2440,1,read,162.611,6123.771,103.059,
baseline,2441,2,read,251.416,8226.045,147.942,
baseline,2442,0,read,104.693,6217.043,395.311,
baseline,2443,1,read,138.457,8467.212,642.708,
baseline,2444,2,read,77.994,4758.523,96.447,
baseline,2445,0,read,139.628,6060.814,337.163,
baseline,2446,1,read,917.189,9163.662,186.944,
baseline,2447,2,write,172.299,12902.295,131.692,
baseline,2448,0,write,106.336,14293.221,119.069,
baseline,2449,1,write,195.181,8950.816,130.831,
baseline,2450,2,read,83.194,5411.713,93.822,
baseline,2451,0,read,138.346,4121.353,313.208,
baseline,2452,1,read,134.198,4344.906,111.766,
baseline,2453,2,read,125.503,5037.259,90.957,
baseline,2454,0,read,113.79,9974.583,217.291,
baseline,2455,1,read,95.487,8958.883,255.06,
baseline,2456,2,read,93.414,9376.796,92.289,
baseline,2457,0,write,148.795,13363.378,327.315,
baseline,2458,1,write,127.766,18256.712,137.162,
baseline,2459,2,write,124.51,12442.823,95.205,
baseline,2460,0,read,87.412,4150.456,83.253,
baseline,2461,1,read,141.202,7389.977,114.049,
baseline,2462,2,read,141.472,7604.864,108.579,
baseline,2463,0,read,98.362,5207.645,102.648,
baseline,2464,1,read,136.972,7324.774,327.656,
baseline,2465,2,read,138.436,7941.347,93.762,
baseline,2466,0,read,144.928,7881.186,308.139,
baseline,2467,1,write,108.861,16350.811,206.0,
baseline,2468,2,write,104.744,10737.806,126.122,
baseline,2469,0,write,156.41,26737.959,45.863,
baseline,2470,1,read,136.874,17130.406,81.87,
baseline,2471,2,read,607.865,4290.927,3909.359,
baseline,2472,0,read,94.265,7043.355,78.003,
baseline,2473,1,read,159.194,5273.086,105.805,
baseline,2474,2,read,116.135,5476.552,97.489,
baseline,2475,0,read,133.546,5775.465,101.367,
baseline,2476,1,read,131.073,8612.531,90.295,
baseline,2477,2,write,231.949,15386.656,266.272,
baseline,2478,0,write,166.007,13685.735,190.612,
baseline,2479,1,write,103.893,31717.3,109.321,
baseline,2480,2,read,140.611,20200.151,137.393,
baseline,2481,0,read,180.183,14774.793,448.189,
baseline,2482,1,read,108.02,10235.586,150.487,
baseline,2483,2,read,428.403,14329.778,687.562,
baseline,2484,0,read,479.879,16200.503,781.466,
baseline,2485,1,read,237.299,13205.837,684.025,
baseline,2486,2,read,120.443,7491.344,104.772,
baseline,2487,0,write,122.056,25802.005,323.357,
baseline,2488,1,write,131.003,16337.026,741.091,
baseline,2489,2,write,103.521,24828.192,125.581,
baseline,2490,0,read,155.718,17471.266,144.136,
baseline,2491,1,read,187.167,9905.456,810.088,
baseline,2492,2,read,130.451,5426.489,370.144,
baseline,2493,0,read,114.171,8010.466,1358.835,
baseline,2494,1,read,97.721,16236.59,88.122,
baseline,2495,2,read,427.691,24798.336,498.482,
baseline,2496,0,read,184.332,19928.909,2074.069,
baseline,2497,1,write,173.731,23909.329,1152.293,
baseline,2498,2,write,392.467,22781.552,476.711,
baseline,2499,0,write,105.806,18210.406,525.261,
baseline,2500,1,read,74.518,6737.327,4028.78,
baseline,2501,2,read,90.187,5501.008,439.342,
baseline,2502,0,read,114.241,6829.628,104.442,
baseline,2503,1,read,142.974,5766.109,117.216,
baseline,2504,2,read,131.824,8649.668,91.749,
baseline,2505,0,read,119.581,9814.065,102.138,
baseline,2506,1,read,192.406,34668.616,256.163,
baseline,2507,2,write,128.327,30831.649,2061.316,
baseline,2508,0,write,154.247,31322.57,213.553,
baseline,2509,1,write,146.581,21152.494,4081.818,
baseline,2510,2,read,101.038,7679.432,725.672,
baseline,2511,0,read,119.322,10548.466,217.641,
baseline,2512,1,read,121.995,12403.21,416.059,
baseline,2513,2,read,132.906,8433.158,122.064,
baseline,2514,0,read,127.105,12937.609,341.892,
baseline,2515,1,read,120.523,11322.5,108.93,
baseline,2516,2,read,229.986,9581.656,516.685,
baseline,2517,0,write,121.625,23635.964,94.934,
baseline,2518,1,write,167.601,30636.86,104.231,
baseline,2519,2,write,195.974,24034.633,740.078,
baseline,2520,0,read,81.661,10832.792,180.022,
baseline,2521,1,read,1031.5,5863.258,774.483,
baseline,2522,2,read,181.677,8125.478,83.673,
baseline,2523,0,read,96.389,8320.631,213.533,
baseline,2524,1,read,386.266,7207.348,202.994,
baseline,2525,2,read,139.148,8605.368,180.953,
baseline,2526,0,read,180.935,13381.012,119.74,
baseline,2527,1,write,220.208,13048.285,171.075,
baseline,2528,2,write,227.601,16567.814,180.623,
baseline,2529,0,write,484.357,13717.034,550.558,
baseline,2530,1,read,103.602,6969.597,103.5,
baseline,2531,2,read,248.19,6615.803,417.802,
baseline,2532,0,read,116.435,5558.885,94.794,
baseline,2533,1,read,122.007,8203.903,100.855,
baseline,2534,2,read,118.25,7633.658,72.181,
baseline,2535,0,read,118.79,8195.999,153.142,
baseline,2536,1,read,118.459,10085.338,94.183,
baseline,2537,2,write,128.939,29037.757,113.99,
baseline,2538,0,write,522.798,15592.697,10902.36,
baseline,2539,1,write,363.713,12244.666,1459.131,
baseline,2540,2,read,164.054,4264.157,278.494,
baseline,2541,0,read,149.046,46741.575,1227.331,
baseline,2542,1,read,119.632,44668.116,93.651,
baseline,2543,2,read,132.836,32737.77,121.664,
baseline,2544,0,read,155.288,20754.898,85.627,
baseline,2545,1,read,467.826,25353.383,842.86,
baseline,2546,2,read,1302.303,3912.246,862.365,
baseline,2547,0,write,447.488,15414.528,268.726,
baseline,2548,1,write,109.423,17508.145,163.822,
baseline,2549,2,write,1324.033,8761.106,94.984,
baseline,2550,0,read,72.845,28109.148,81.028,
baseline,2551,1,read,161.378,20343.385,482.282,
baseline,2552,2,read,127.856,31082.916,3007.248,
baseline,2553,0,read,335.982,48377.034,1053.99,
baseline,2554,1,read,1517.982,38154.241,2887.606,
baseline,2555,2,read,104.565,32535.656,97.548,
baseline,2556,0,read,204.219,23068.733,2103.043,
baseline,2557,1,write,369.063,40171.056,246.275,
baseline,2558,2,write,122.177,32698.107,51.824,
baseline,2559,0,write,1623.237,36014.849,689.435,
baseline,2560,1,read,137.134,13904.692,334.668,
baseline,2561,2,read,98.303,15768.002,173.549,
baseline,2562,0,read,102.239,6501.35,31.747,
baseline,2563,1,read,415.269,10443.782,190.131,
baseline,2564,2,read,114.543,5651.587,89.403,
baseline,2565,0,read,147.603,8196.3,93.812,
baseline,2566,1,read,128.508,10186.345,103.891,
baseline,2567,2,write,97.3,20611.873,128.026,
baseline,2568,0,write,151.611,21246.809,703.962,
baseline,2569,1,write,461.765,14696.98,168.73,
baseline,2570,2,read,90.768,5398.599,83.152,
baseline,2571,0,read,174.333,10338.046,617.061,
baseline,2572,1,read,127.637,36069.41,104.422,
baseline,2573,2,read,342.164,8599.386,16014.757,
baseline,2574,0,read,43.701,18558.351,6385.613,
baseline,2575,1,read,391.224,14981.857,675.028,
baseline,2576,2,read,653.792,7020.293,86.648,
baseline,2577,0,write,145.13,17391.59,178.669,
baseline,2578,1,write,117.218,14367.379,944.728,
baseline,2579,2,write,606.183,14585.954,164.102,
baseline,2580,0,read,145.81,5859.892,1838.534,
baseline,2581,1,read,97.18,7407.519,45.573,
baseline,2582,2,read,100.877,7832.826,92.971,
baseline,2583,0,read,145.269,11199.411,114.992,
baseline,2584,1,read,284.807,5880.241,509.031,
baseline,2585,2,read,121.335,13980.282,87.571,
baseline,2586,0,read,309.603,9527.014,611.832,
baseline,2587,1,write,116.366,26740.464,270.309,
baseline,2588,2,write,129.419,21821.093,387.988,
baseline,2589,0,write,119.061,14718.619,323.538,
baseline,2590,1,read,80.689,4731.152,930.372,
baseline,2591,2,read,132.474,6910.948,112.187,
baseline,2592,0,read,116.576,6540.042,94.634,
baseline,2593,1,read,99.684,18328.634,114.381,
baseline,2594,2,read,203.066,7747.639,2311.56,
baseline,2595,0,read,70.851,7069.633,97.189,
baseline,2596,1,read,120.874,7360.812,104.402,
baseline,2597,2,write,147.753,17654.295,140.66,
baseline,2598,0,write,149.979,11901.042,161.297,
baseline,2599,1,write,96.128,15017.924,128.757,
baseline,2600,2,read,92.511,6543.228,199.869,
baseline,2601,0,read,119.932,9577.807,205.851,
baseline,2602,1,read,134.598,8811.979,100.536,
baseline,2603,2,read,105.525,5755.268,101.938,
baseline,2604,0,read,275.511,12923.825,62.705,
baseline,2605,1,read,119.742,5114.963,197.565,
baseline,2606,2,read,421.38,13936.0,249.862,
baseline,2607,0,write,131.855,33609.626,450.232,
baseline,2608,1,write,320.675,28428.019,1314.533,
baseline,2609,2,write,93.022,31992.28,196.573,
baseline,2610,0,read,247.809,14230.454,2432.013,
baseline,2611,1,read,732.385,10748.466,785.945,
baseline,2612,2,read,247.688,6932.529,149.747,
baseline,2613,0,read,107.5,5053.189,54.169,
baseline,2614,1,read,156.1,11948.47,1149.998,
baseline,2615,2,read,250.313,9748.945,100.916,
baseline,2616,0,read,85.468,6134.481,110.143,
baseline,2617,1,write,136.814,61172.392,198.636,
baseline,2618,2,write,188.248,69354.214,1132.567,
baseline,2619,0,write,682.664,60531.493,6661.637,
baseline,2620,1,read,449.472,33198.323,579.362,
baseline,2621,2,read,126.524,23108.897,152.201,
baseline,2622,0,read,95.577,27259.395,319.56,
baseline,2623,1,read,383.599,22971.893,162.731,
baseline,2624,2,read,185.754,13546.789,3467.491,
baseline,2625,0,read,118.35,8018.661,505.825,
baseline,2626,1,read,96.85,5822.864,98.621,
baseline,2627,2,write,137.375,13866.101,132.524,
baseline,2628,0,write,117.017,14728.056,183.148,
baseline,2629,1,write,324.0,12278.389,353.514,
baseline,2630,2,read,152.702,3964.542,100.836,
baseline,2631,0,read,130.101,12680.934,482.383,
baseline,2632,1,read,97.922,7681.347,215.127,
baseline,2633,2,read,146.151,15667.265,84.315,
baseline,2634,0,read,1785.918,19531.562,1215.009,
baseline,2635,1,read,10336.102,29111.395,105.715,
baseline,2636,2,read,147.543,22264.875,465.561,
baseline,2637,0,write,443.703,25017.553,84.124,
baseline,2638,1,write,157.07,18050.238,924.081,
baseline,2639,2,write,708.191,15122.165,818.956,
baseline,2640,0,read,97.02,5228.743,97.66,
baseline,2641,1,read,121.937,6682.106,20.937,
baseline,2642,2,read,157.843,6365.008,181.605,
baseline,2643,0,read,138.416,22332.169,101.868,
baseline,2644,1,read,115.383,28584.648,283.765,
baseline,2645,2,read,103.952,20576.017,413.194,
baseline,2646,0,read,110.024,17953.39,144.767,
baseline,2647,1,write,169.594,21848.953,542.875,
baseline,2648,2,write,173.231,30134.249,953.344,
baseline,2649,0,write,131.905,28844.4,342.613,
baseline,2650,1,read,97.371,15351.531,101.316,
baseline,2651,2,read,89.686,6683.357,681.722,
baseline,2652,0,read,108.761,23010.585,110.153,
baseline,2653,1,read,145.368,19198.736,212.563,
baseline,2654,2,read,125.192,11180.285,1256.747,
baseline,2655,0,read,84.136,7704.609,329.79,
baseline,2656,1,read,470.711,8992.133,151.38,
baseline,2657,2,write,613.848,30031.8,266.602,
baseline,2658,0,write,440.505,25135.931,150.819,
baseline,2659,1,write,178.461,13855.671,427.921,
baseline,2660,2,read,107.29,5271.624,146.75,
baseline,2661,0,read,131.263,7254.857,133.005,
baseline,2662,1,read,107.169,4418.824,361.949,
baseline,2663,2,read,135.231,30575.567,137.203,
baseline,2664,0,read,117.798,23280.095,1207.856,
baseline,2665,1,read,188.97,14418.263,86.93,
baseline,2666,2,read,275.981,7024.88,413.415,
baseline,2667,0,write,271.132,22797.601,121.805,
baseline,2668,1,write,118.991,23430.785,163.461,
baseline,2669,2,write,815.862,18665.578,792.637,
baseline,2670,0,read,149.587,7699.299,521.976,
baseline,2671,1,read,75.53,13320.47,144.146,
baseline,2672,2,read,156.901,21080.241,1113.992,
baseline,2673,0,read,103.39,11855.355,593.259,
baseline,2674,1,read,101.267,7942.529,219.266,
baseline,2675,2,read,121.856,8218.06,101.898,
baseline,2676,0,read,144.017,8058.845,224.966,
baseline,2677,1,write,122.757,32579.576,110.795,
baseline,2678,2,write,313.682,25221.721,143.775,
baseline,2679,0,write,257.247,16509.105,251.545,
baseline,2680,1,read,93.493,14519.65,160.476,
baseline,2681,2,read,129.21,10331.834,743.666,
baseline,2682,0,read,145.94,7264.313,1488.456,
baseline,2683,1,read,136.653,9371.917,19.305,
baseline,2684,2,read,166.418,16160.038,176.697,
baseline,2685,0,read,216.731,20495.197,186.555,
baseline,2686,1,read,376.557,12041.311,145.949,
baseline,2687,2,write,188.018,14893.022,112.838,
baseline,2688,0,write,308.732,23957.199,608.987,
baseline,2689,1,write,180.725,13887.049,155.266,
baseline,2690,2,read,123.879,6677.858,1220.399,
baseline,2691,0,read,139.268,8222.969,481.27,
baseline,2692,1,read,931.415,12305.179,140.209,
baseline,2693,2,read,568.884,29655.172,270.49,
baseline,2694,0,read,115.523,24905.013,129.86,
baseline,2695,1,read,126.154,19132.734,2833.747,
baseline,2696,2,read,109.724,42714.388,955.408,
baseline,2697,0,write,202.896,46094.137,731.754,
baseline,2698,1,write,190.524,21218.798,18886.246,
baseline,2699,2,write,32.32,22160.771,9106.705,
baseline,2700,0,read,76.313,5823.907,642.839,
baseline,2701,1,read,77.844,13497.518,367.379,
baseline,2702,2,read,187.757,8220.464,151.43,
baseline,2703,0,read,93.333,9035.824,583.229,
baseline,2704,1,read,92.071,7575.69,88.052,
baseline,2705,2,read,128.287,6885.021,435.035,
baseline,2706,0,read,118.7,8541.318,669.018,
baseline,2707,1,write,128.738,10759.226,123.769,
baseline,2708,2,write,235.036,34067.233,329.79,
baseline,2709,0,write,200.782,26352.454,1124.973,
baseline,2710,1,read,164.344,17337.278,122.797,
baseline,2711,2,read,266.775,11170.899,4153.21,
baseline,2712,0,read,412.033,10717.99,1384.864,
baseline,2713,1,read,117.618,5918.772,410.549,
baseline,2714,2,read,103.783,6201.917,105.364,
baseline,2715,0,read,115.053,10665.533,80.238,
baseline,2716,1,read,106.397,5536.142,173.2,
baseline,2717,2,write,139.889,10710.426,128.707,
baseline,2718,0,write,128.037,14753.994,732.055,
baseline,2719,1,write,141.081,12090.481,110.805,
baseline,2720,2,read,94.606,3903.009,101.727,
baseline,2721,0,read,129.55,6805.314,116.625,
baseline,2722,1,read,167.991,219624.825,125.031,
baseline,2723,2,read,129.721,215625.368,85.377,
baseline,2724,0,read,112.408,204320.1,833.794,
baseline,2725,1,read,148.586,195212.694,491.349,
baseline,2726,2,read,795.724,165002.706,20135.099,
baseline,2727,0,write,56.485,165250.504,10961.55,
baseline,2728,1,write,32.009,167045.158,1028.013,
baseline,2729,2,write,1074.99,152037.162,3657.273,
baseline,2730,0,read,110.735,145714.363,93.833,
baseline,2731,1,read,79.377,147549.733,86.93,
baseline,2732,2,read,93.734,125467.105,240.194,
baseline,2733,0,read,287.532,128733.625,132.555,
baseline,2734,1,read,181.145,98252.433,20597.546,
baseline,2735,2,read,18.555,99153.934,10802.004,
baseline,2736,0,read,9.548,98028.128,821.841,
baseline,2737,1,write,148.586,95636.199,3184.296,
baseline,2738,2,write,484.918,177373.315,338.126,
baseline,2739,0,write,171.187,68775.351,10021.85,
baseline,2740,1,read,26.309,59329.688,215.498,
baseline,2741,2,read,112.558,47855.708,1005.943,
baseline,2742,0,read,308.001,26083.447,12883.629,
baseline,2743,1,read,77.433,33573.799,3208.511,
baseline,2744,2,read,134.57,19419.125,119.801,
baseline,2745,0,read,152.842,18535.947,275.36,
baseline,2746,1,read,70.32,8816.147,582.288,
baseline,2747,2,write,132.245,64063.465,539.829,
baseline,2748,0,write,15607.164,83685.916,393.688,
baseline,2749,1,write,735.051,68414.353,6217.684,
baseline,2750,2,read,100.867,51796.457,693.423,
baseline,2751,0,read,170.806,34136.18,14030.734,
baseline,2752,1,read,123.799,40402.685,4220.766,
baseline,2753,2,read,166.288,27615.104,84.024,
baseline,2754,0,read,125.783,23937.903,163.081,
baseline,2755,1,read,292.373,31492.625,1912.961,
baseline,2756,2,read,113.971,33062.101,156.679,
baseline,2757,0,write,161.089,34512.538,10686.51,
baseline,2758,1,write,43.661,66611.905,907.79,
baseline,2759,2,write,569.665,109446.806,263.627,
baseline,2760,0,read,2034.158,37313.906,785.954,
baseline,2761,1,read,214.007,24239.712,3223.148,
baseline,2762,2,read,97.16,17971.403,788.349,
baseline,2763,0,read,269.719,11476.885,1831.491,
baseline,2764,1,read,454.09,53456.431,533.347,
baseline,2765,2,read,121.245,48888.972,307.428,
baseline,2766,0,read,141.933,38874.365,312.898,
baseline,2767,1,write,183.26,28806.28,353.623,
baseline,2768,2,write,411.652,34598.887,404.869,
baseline,2769,0,write,522.548,24832.02,894.906,
baseline,2770,1,read,97.861,17261.248,1536.815,
baseline,2771,2,read,532.556,8500.753,241.717,
baseline,2772,0,read,242.759,17061.547,772.43,
baseline,2773,1,read,181.857,18601.129,2993.823,
baseline,2774,2,read,190.112,23367.517,455.312,
baseline,2775,0,read,136.974,18383.097,3011.956,
baseline,2776,1,read,160.648,12753.289,333.266,
baseline,2777,2,write,128.418,22512.354,393.777,
baseline,2778,0,write,733.368,15848.011,2855.998,
baseline,2779,1,write,109.032,21495.96,744.568,
baseline,2780,2,read,1743.168,16170.136,441.537,
baseline,2781,0,read,524.211,17144.551,605.46,
baseline,2782,1,read,839.405,14564.774,112.296,
baseline,2783,2,read,602.045,12909.79,1140.2,
baseline,2784,0,read,286.341,7660.076,95.175,
baseline,2785,1,read,143.585,27510.549,693.624,
baseline,2786,2,read,186.686,11310.236,10893.494,
baseline,2787,0,write,108.811,24905.394,1166.41,
baseline,2788,1,write,149.287,10389.04,130.49,
baseline,2789,2,write,129.449,35972.441,101.146,
baseline,2790,0,read,128.418,22519.867,109.492,
baseline,2791,1,read,405.881,15590.142,507.94,
baseline,2792,2,read,1395.234,6442.381,552.542,
baseline,2793,0,read,556.951,9617.402,544.567,
baseline,2794,1,read,10811.794,16587.349,484.426,
baseline,2795,2,read,102.379,29947.262,7089.038,
baseline,2796,0,read,4580.052,30565.236,3668.293,
baseline,2797,1,write,668.618,74712.207,669.799,
baseline,2798,2,write,779.754,90364.555,2164.207,
baseline,2799,0,write,87.713,52623.98,4234.751,
baseline,2800,1,read,137.865,37692.476,318.448,
baseline,2801,2,read,111.015,25046.135,324.669,
baseline,2802,0,read,77.894,24947.754,449.77,
baseline,2803,1,read,146.051,15266.915,135.408,
baseline,2804,2,read,105.375,7358.358,3022.155,
baseline,2805,0,read,448.992,30008.798,1419.176,
baseline,2806,1,read,117.058,23473.454,270.449,
baseline,2807,2,write,830.779,61999.183,904.133,
baseline,2808,0,write,394.261,66965.37,2128.921,
baseline,2809,1,write,985.504,111058.289,137.193,
baseline,2810,2,read,151.17,22471.467,10456.113,
baseline,2811,0,read,33.922,23587.603,626.299,
baseline,2812,1,read,269.558,9922.476,4401.531,
baseline,2813,2,read,247.278,75520.475,533.877,
baseline,2814,0,read,346.162,62361.293,681.17,
baseline,2815,1,read,94.314,53219.963,290.477,
baseline,2816,2,read,176.497,42887.638,169.332,
baseline,2817,0,write,127.846,45525.153,1696.501,
baseline,2818,1,write,3710.732,56671.986,3841.924,
baseline,2819,2,write,914.153,37266.609,688.754,
baseline,2820,0,read,349.047,16819.871,418.884,
baseline,2821,1,read,368.953,9736.572,97.57,
baseline,2822,2,read,169.193,19027.799,93.072,
baseline,2823,0,read,135.191,17939.264,97.309,
baseline,2824,1,read,80.849,9579.3,209.638,
baseline,2825,2,read,86.721,11582.802,82.171,
baseline,2826,0,read,565.457,11411.885,133.827,
baseline,2827,1,write,165.567,19652.487,312.377,
baseline,2828,2,write,202.746,24987.687,238.561,
baseline,2829,0,write,142.865,25119.582,475.479,
baseline,2830,1,read,121.706,16030.419,1185.384,
baseline,2831,2,read,275.319,9187.756,1700.929,
baseline,2832,0,read,122.938,7455.557,896.359,
baseline,2833,1,read,150.328,6937.489,100.655,
baseline,2834,2,read,136.813,9465.83,347.863,
baseline,2835,0,read,81.521,6756.893,47.898,
baseline,2836,1,read,123.128,10285.159,175.393,
baseline,2837,2,write,140.851,20449.703,169.002,
baseline,2838,0,write,125.923,23753.201,606.512,
baseline,2839,1,write,148.014,18633.499,174.382,
baseline,2840,2,read,93.012,13484.604,2648.053,
baseline,2841,0,read,139.159,12138.491,185.051,
baseline,2842,1,read,228.152,39567.319,217.502,
baseline,2843,2,read,119.051,41230.42,144.817,
baseline,2844,0,read,271.764,23592.403,13714.899,
baseline,2845,1,read,364.786,24221.448,4005.547,
baseline,2846,2,read,75.79,20128.226,252.868,
baseline,2847,0,write,153.494,17906.653,266.292,
baseline,2848,1,write,110.805,20671.844,810.891,
baseline,2849,2,write,102.419,27558.027,123.468,
baseline,2850,0,read,100.947,13773.759,315.473,
baseline,2851,1,read,121.315,10996.796,86.609,
baseline,2852,2,read,218.403,9251.473,103.862,
baseline,2853,0,read,133.447,10197.746,102.519,
baseline,2854,1,read,140.56,18147.129,129.709,
baseline,2855,2,read,99.714,8487.228,238.882,
baseline,2856,0,read,141.662,7292.094,127.976,
baseline,2857,1,write,185.543,25474.138,429.575,
baseline,2858,2,write,166.659,29366.908,129.999,
baseline,2859,0,write,2039.276,29575.814,1769.967,
baseline,2860,1,read,1632.273,20346.331,2399.383,
baseline,2861,2,read,159.094,15822.102,147.462,
baseline,2862,0,read,159.015,6800.215,3099.268,
baseline,2863,1,read,186.646,7720.659,312.267,
baseline,2864,2,read,118.71,13346.317,113.349,
baseline,2865,0,read,139.048,16149.981,2661.648,
baseline,2866,1,read,109.773,14570.575,124.249,
baseline,2867,2,write,140.551,32981.151,220.868,
baseline,2868,0,write,133.436,29334.396,130.421,
baseline,2869,1,write,163.402,15381.256,11243.411,
baseline,2870,2,read,347.143,4584.06,1439.985,
baseline,2871,0,read,141.361,7160.742,1082.814,
baseline,2872,1,read,477.695,8920.562,115.282,
baseline,2873,2,read,119.0,4613.253,600.512,
baseline,2874,0,read,116.536,8674.566,311.606,
baseline,2875,1,read,119.221,6974.397,283.855,
baseline,2876,2,read,133.477,6254.713,66.493,
baseline,2877,0,write,121.455,16455.556,175.805,
baseline,2878,1,write,139.048,15568.793,1276.654,
baseline,2879,2,write,106.106,23996.361,635.737,
baseline,2880,0,read,125.272,18508.567,2578.455,
baseline,2881,1,read,1372.012,12061.509,1639.615,
baseline,2882,2,read,79.908,8824.052,1175.957,
baseline,2883,0,read,86.069,6404.481,85.297,
baseline,2884,1,read,104.654,4908.411,12.913,
baseline,2885,2,read,113.651,5447.228,35.415,
baseline,2886,0,read,114.692,9851.345,105.244,
baseline,2887,1,write,146.641,14114.159,132.365,
baseline,2888,2,write,141.673,13808.183,256.374,
baseline,2889,0,write,150.268,35881.302,229.244,
baseline,2890,1,read,183.66,8161.384,10811.903,
baseline,2891,2,read,114.433,6334.452,1021.0,
baseline,2892,0,read,127.176,15977.179,341.041,
baseline,2893,1,read,155.338,10957.012,441.207,
baseline,2894,2,read,88.153,13333.263,1485.351,
baseline,2895,0,read,185.333,12937.92,3399.576,
baseline,2896,1,read,165.146,6221.843,358.082,
baseline,2897,2,write,179.963,39523.157,447.659,
baseline,2898,0,write,625.188,37402.81,545.149,
baseline,2899,1,write,2811.627,54420.337,889.747,
baseline,2900,2,read,96.97,44204.616,115.684,
baseline,2901,0,read,84.336,34637.058,666.183,
baseline,2902,1,read,94.464,24959.435,150.699,
baseline,2903,2,read,126.644,14987.366,115.564,
baseline,2904,0,read,140.691,6914.446,253.619,
baseline,2905,1,read,140.249,18645.732,88.183,
baseline,2906,2,read,158.183,20161.629,85.077,
baseline,2907,0,write,162.742,33550.977,140.91,
baseline,2908,1,write,147.644,32237.434,441.557,
baseline,2909,2,write,142.554,48958.491,927.828,
baseline,2910,0,read,153.375,16831.263,136.091,
baseline,2911,1,read,152.673,20366.348,116.395,
baseline,2912,2,read,328.098,22565.042,2905.039,
baseline,2913,0,read,355.508,9518.659,4145.467,
baseline,2914,1,read,97.612,12153.669,322.096,
baseline,2915,2,read,148.194,18487.799,128.388,
baseline,2916,0,read,124.14,19871.422,3055.769,
baseline,2917,1,write,298.713,24402.323,1007.426,
baseline,2918,2,write,348.185,23897.89,1380.566,
baseline,2919,0,write,149.337,17150.713,81.681,
baseline,2920,1,read,457.107,7091.163,48.269,
baseline,2921,2,read,117.277,13645.201,120.373,
baseline,2922,0,read,617.142,32003.87,1323.151,
baseline,2923,1,read,162.09,50105.817,2413.269,
baseline,2924,2,read,120.644,22080.824,653.33,
baseline,2925,0,read,253.619,31784.124,754.878,
baseline,2926,1,read,230.145,83082.258,3059.196,
baseline,2927,2,write,618.365,16714.535,1502.923,
baseline,2928,0,write,677.165,43163.75,10536.483,
baseline,2929,1,write,60.853,84665.641,1289.939,
baseline,2930,2,read,143.186,31501.862,1038.432,
baseline,2931,0,read,222.021,19555.908,1832.624,
baseline,2932,1,read,2003.981,46814.219,737.376,
baseline,2933,2,read,122.597,48323.655,82.333,
baseline,2934,0,read,228.754,36486.263,13.334,
baseline,2935,1,read,237.299,26479.88,40.886,
baseline,2936,2,read,1051.458,21189.093,613.656,
baseline,2937,0,write,165.666,46210.672,107.019,
baseline,2938,1,write,162.972,37634.029,371.628,
baseline,2939,2,write,1235.868,21581.369,10376.788,
baseline,2940,0,read,125.332,13867.353,1649.865,
baseline,2941,1,read,111.197,8413.162,1658.561,
baseline,2942,2,read,112.498,6358.575,411.523,
baseline,2943,0,read,137.996,7173.736,105.445,
baseline,2944,1,read,150.128,17925.718,235.787,
baseline,2945,2,read,97.64,41743.188,423.234,
baseline,2946,0,read,149.697,35253.058,4473.776,
baseline,2947,1,write,226.348,28556.496,244.223,
baseline,2948,2,write,736.775,25445.786,2728.794,
baseline,2949,0,write,352.473,20339.97,1895.19,
baseline,2950,1,read,214.979,10494.096,206.863,
baseline,2951,2,read,113.47,13311.684,514.543,
baseline,2952,0,read,96.369,16639.337,1291.091,
baseline,2953,1,read,880.231,10929.952,249.672,
baseline,2954,2,read,198.848,9160.525,646.107,
baseline,2955,0,read,165.937,7390.467,512.169,
baseline,2956,1,read,140.22,6023.565,137.415,
baseline,2957,2,write,219.327,49796.313,106.407,
baseline,2958,0,write,437.079,43258.956,193.579,
baseline,2959,1,write,671.583,32355.171,1113.102,
baseline,2960,2,read,362.012,27241.292,224.545,
baseline,2961,0,read,104.484,18476.058,74.818,
baseline,2962,1,read,91.008,20227.751,239.935,
baseline,2963,2,read,139.529,12833.628,251.746,
baseline,2964,0,read,120.002,5180.945,85.959,
baseline,2965,1,read,270.04,25772.029,803.148,
baseline,2966,2,read,125.713,21203.95,770.567,
baseline,2967,0,write,1995.666,27611.786,892.323,
baseline,2968,1,write,602.867,16463.641,1124.061,
baseline,2969,2,write,130.772,17617.407,405.481,
baseline,2970,0,read,343.306,10566.71,147.302,
baseline,2971,1,read,187.347,14619.415,308.511,
baseline,2972,2,read,139.949,12585.689,757.673,
baseline,2973,0,read,263.488,14389.9,549.458,
baseline,2974,1,read,160.347,8073.572,141.953,
baseline,2975,2,read,180.374,8526.231,138.927,
baseline,2976,0,read,129.489,9016.318,95.918,
baseline,2977,1,write,157.372,20493.494,106.858,
baseline,2978,2,write,413.104,25598.789,207.254,
baseline,2979,0,write,381.256,41921.539,291.75,
baseline,2980,1,read,130.321,35553.325,154.356,
baseline,2981,2,read,504.634,24160.906,1144.71,
baseline,2982,0,read,120.234,15218.626,99.804,
baseline,2983,1,read,121.765,5870.331,104.955,
baseline,2984,2,read,131.744,5574.814,534.33,
baseline,2985,0,read,136.752,8269.825,107.53,
baseline,2986,1,read,134.249,22716.16,240.866,
baseline,2987,2,write,470.141,32760.313,210.66,
baseline,2988,0,write,131.905,37272.239,139.428,
baseline,2989,1,write,186.125,27324.575,108.431,
baseline,2990,2,read,111.076,20535.171,123.078,
baseline,2991,0,read,337.956,9980.624,1235.879,
baseline,2992,1,read,515.975,31300.549,153.284,
baseline,2993,2,read,348.917,7230.391,13859.197,
baseline,2994,0,read,121.746,16879.201,4230.675,
baseline,2995,1,read,366.248,7269.513,311.397,
baseline,2996,2,read,159.104,19950.618,7.094,
baseline,2997,0,write,125.171,29488.442,1285.662,
baseline,2998,1,write,168.421,20370.486,742.075,
baseline,2999,2,write,135.27,11475.242,1065.223,
baseline,3000,0,read,279.637,11559.578,3324.027,
baseline,3001,1,read,101.789,7914.638,149.146,
baseline,3002,2,read,119.231,6338.57,92.992,
baseline,3003,0,read,93.492,8248.145,18.976,
baseline,3004,1,read,113.961,11254.753,199.42,
baseline,3005,2,read,120.453,14465.67,464.491,
baseline,3006,0,read,117.577,45449.792,201.173,
baseline,3007,1,write,650.204,56466.425,652.509,
baseline,3008,2,write,397.777,48314.909,18.835,
baseline,3009,0,write,132.987,45093.383,125.863,
baseline,3010,1,read,102.049,31242.31,94.265,
baseline,3011,2,read,7341.777,20654.231,118.109,
baseline,3012,0,read,397.796,13042.344,1452.17,
baseline,3013,1,read,725.965,13263.274,606.994,
baseline,3014,2,read,189.821,17096.362,318.27,
baseline,3015,0,read,614.528,27079.461,153.144,
baseline,3016,1,read,110.184,15829.626,4705.615,
baseline,3017,2,write,653.359,50676.162,1549.21,
baseline,3018,0,write,123.319,41880.613,325.763,
baseline,3019,1,write,1371.57,25075.369,1002.718,
baseline,3020,2,read,163.282,10832.632,1026.892,
baseline,3021,0,read,95.788,17680.845,87.111,
baseline,3022,1,read,110.536,7906.794,302.69,
baseline,3023,2,read,210.069,10158.233,96.569,
baseline,3024,0,read,102.349,7176.031,484.818,
baseline,3025,1,read,119.521,30912.24,148.665,
baseline,3026,2,read,130.401,33080.294,2545.094,
baseline,3027,0,write,547.544,45177.628,3078.272,
baseline,3028,1,write,119.1,29879.787,262.126,
baseline,3029,2,write,102.42,73019.021,8762.578,
baseline,3030,0,read,62.806,8452.734,135.551,
baseline,3031,1,read,139.769,26172.872,110.454,
baseline,3032,2,read,134.279,52512.192,438.963,
baseline,3033,0,read,91.119,40977.752,1960.891,
baseline,3034,1,read,341.623,43937.572,698.103,
baseline,3035,2,read,392.937,23528.635,11596.166,
baseline,3036,0,read,9387.756,21328.481,2007.798,
baseline,3037,1,write,317.127,31200.674,1441.63,
baseline,3038,2,write,124.651,18006.046,2132.3,
baseline,3039,0,write,147.523,14400.58,112.268,
baseline,3040,1,read,97.601,6758.537,103.722,
baseline,3041,2,read,259.962,7475.625,320.113,
baseline,3042,0,read,109.623,3325.85,77.674,
baseline,3043,1,read,146.1,7195.275,479.098,
baseline,3044,2,read,85.579,4319.26,86.79,
baseline,3045,0,read,111.155,6322.078,308.572,
baseline,3046,1,read,120.062,14124.328,99.565,
baseline,3047,2,write,828.454,21340.863,123.94,
baseline,3048,0,write,123.428,13082.228,538.819,
baseline,3049,1,write,133.598,9977.238,103.852,
baseline,3050,2,read,103.07,3619.724,93.714,
baseline,3051,0,read,124.44,7414.983,312.028,
baseline,3052,1,read,150.118,12192.891,49.532,
baseline,3053,2,read,152.371,7371.351,866.686,
baseline,3054,0,read,142.635,6599.944,66.613,
baseline,3055,1,read,159.465,4860.892,141.873,
baseline,3056,2,read,106.717,8290.244,123.389,
baseline,3057,0,write,140.18,13343.041,165.016,
baseline,3058,1,write,151.591,13586.362,206.573,
baseline,3059,2,write,152.702,12820.693,89.136,
baseline,3060,0,read,131.213,5197.676,135.411,
baseline,3061,1,read,260.963,24591.133,192.036,
baseline,3062,2,read,182.717,6112.379,12484.192,
baseline,3063,0,read,37.539,7112.372,2692.217,
baseline,3064,1,read,67.104,4369.091,58.8,
baseline,3065,2,read,129.239,9922.566,178.982,
baseline,3066,0,read,141.252,10070.561,100.316,
baseline,3067,1,write,183.68,18753.611,131.925,
baseline,3068,2,write,183.89,13208.051,538.147,
baseline,3069,0,write,92.741,10034.142,101.038,
baseline,3070,1,read,92.912,4854.872,80.559,
baseline,3071,2,read,156.61,5935.363,92.231,
baseline,3072,0,read,178.331,8430.133,302.42,
baseline,3073,1,read,283.615,8720.159,710.276,
baseline,3074,2,read,193.939,12497.355,191.555,
baseline,3075,0,read,108.17,8666.861,111.246,
baseline,3076,1,read,113.881,10211.582,82.643,
baseline,3077,2,write,132.015,21776.31,291.65,
baseline,3078,0,write,169.624,15354.226,131.163,
baseline,3079,1,write,107.43,15606.643,136.924,
baseline,3080,2,read,121.495,7120.798,404.77,
baseline,3081,0,read,114.762,7450.969,82.754,
baseline,3082,1,read,119.771,6795.205,97.381,
baseline,3083,2,read,124.781,9500.876,101.238,
baseline,3084,0,read,73.987,11805.975,129.109,
baseline,3085,1,read,118.38,4344.967,601.424,
baseline,3086,2,read,134.028,8700.102,845.406,
baseline,3087,0,write,476.643,22172.363,116.837,
baseline,3088,1,write,145.59,14635.145,996.666,
baseline,3089,2,write,363.404,37944.083,168.131,
baseline,3090,0,read,465.541,19621.318,11784.205,
baseline,3091,1,read,85.108,27989.286,2267.169,
baseline,3092,2,read,118.399,30753.065,725.023,
baseline,3093,0,read,101.708,20740.721,3003.202,
baseline,3094,1,read,90.578,13977.495,315.104,
baseline,3095,2,read,85.118,9374.111,2015.132,
baseline,3096,0,read,227.742,9814.577,160.457,
baseline,3097,1,write,90.357,22648.945,142.775,
baseline,3098,2,write,93.354,13795.02,114.181,
baseline,3099,0,write,103.582,6865.294,155.869,
baseline,3100,1,read,97.891,5629.516,94.385,
baseline,3101,2,read,115.946,25801.756,107.879,
baseline,3102,0,read,125.242,20422.942,166.479,
baseline,3103,1,read,1828.216,5170.717,1119.223,
baseline,3104,2,read,90.007,5588.76,391.445,
baseline,3105,0,read,628.995,15330.353,568.322,
baseline,3106,1,read,210.06,8419.964,2777.794,
baseline,3107,2,write,165.467,37364.329,438.051,
baseline,3108,0,write,457.437,31457.238,1019.138,
baseline,3109,1,write,246.897,34167.858,9409.477,
baseline,3110,2,read,264.831,18758.13,863.9,
baseline,3111,0,read,140.409,20853.991,192.778,
baseline,3112,1,read,167.881,27211.705,377.57,
baseline,3113,2,read,116.415,19980.493,685.44,
baseline,3114,0,read,112.188,128648.326,6868.851,
baseline,3115,1,read,99.275,53593.756,1201.154,
baseline,3116,2,read,126.885,20434.744,8223.841,
baseline,3117,0,write,1000.314,120286.35,6366.34,
baseline,3118,1,write,138.577,126378.172,7326.93,
baseline,3119,2,write,128.188,71628.186,4532.414,
baseline,3120,0,read,176.847,83884.534,257.627,
baseline,3121,1,read,158.082,63864.467,1180.877,
baseline,3122,2,read,210.64,53667.923,1362.403,
baseline,3123,0,read,136.062,31952.255,35709.574,
baseline,3124,1,read,568.983,34226.156,25868.258,
baseline,3125,2,read,40.024,29800.24,16442.171,
baseline,3126,0,read,43.511,33592.103,6484.068,
baseline,3127,1,write,82.703,44070.719,777.68,
baseline,3128,2,write,1443.573,34016.388,378.892,
baseline,3129,0,write,208.116,32192.851,175.815,
baseline,3130,1,read,72.325,14673.526,185.593,
baseline,3131,2,read,101.658,8564.211,84.807,
baseline,3132,0,read,82.723,8437.094,201.644,
baseline,3133,1,read,157.091,7231.132,271.934,
baseline,3134,2,read,176.928,7409.252,99.334,
baseline,3135,0,read,137.795,5161.209,137.354,
baseline,3136,1,read,174.914,14218.183,170.836,
baseline,3137,2,write,126.875,30030.596,795.113,
baseline,3138,0,write,119.171,26934.753,476.322,
baseline,3139,1,write,878.006,20267.947,420.638,
baseline,3140,2,read,166.318,5859.371,90.558,
baseline,3141,0,read,90.318,4492.741,95.326,
baseline,3142,1,read,123.739,7891.906,101.167,
baseline,3143,2,read,148.244,6084.349,126.374,
baseline,3144,0,read,104.223,4374.793,91.94,
baseline,3145,1,read,149.316,8085.414,92.762,
baseline,3146,2,read,109.794,5267.335,129.289,
baseline,3147,0,write,173.752,13305.382,134.118,
baseline,3148,1,write,105.456,40382.88,118.569,
baseline,3149,2,write,112.338,39051.363,158.443,
baseline,3150,0,read,123.969,6855.685,10382.279,
baseline,3151,1,read,56.435,6875.404,523.008,
baseline,3152,2,read,166.398,7700.742,459.541,
baseline,3153,0,read,109.673,4747.793,102.039,
baseline,3154,1,read,149.266,4118.968,80.199,
baseline,3155,2,read,133.387,7431.153,712.459,
baseline,3156,0,read,93.854,9118.818,409.909,
baseline,3157,1,write,110.804,12782.212,183.19,
baseline,3158,2,write,221.06,18079.354,685.349,
baseline,3159,0,write,108.63,17780.659,205.511,
baseline,3160,1,read,113.63,6804.131,56.194,
baseline,3161,2,read,156.89,6868.41,318.44,
baseline,3162,0,read,253.409,8181.291,101.408,
baseline,3163,1,read,193.929,6427.113,110.234,
baseline,3164,2,read,168.302,5210.74,117.848,
baseline,3165,0,read,86.791,13299.0,289.235,
baseline,3166,1,read,131.053,8291.085,399.009,
baseline,3167,2,write,155.257,14388.226,96.87,
baseline,3168,0,write,491.24,15157.331,600.943,
baseline,3169,1,write,150.069,12131.277,110.935,
baseline,3170,2,read,125.693,3038.276,111.286,
baseline,3171,0,read,109.973,5298.553,125.653,
baseline,3172,1,read,141.562,6299.526,96.569,
baseline,3173,2,read,137.013,6896.081,127.527,
baseline,3174,0,read,149.628,7733.924,113.51,
baseline,3175,1,read,141.703,10830.268,170.896,
baseline,3176,2,read,126.524,6666.076,652.919,
baseline,3177,0,write,150.608,31760.73,57.166,
baseline,3178,1,write,136.712,33975.903,95.808,
baseline,3179,2,write,132.675,16007.615,9745.339,
baseline,3180,0,read,108.37,10838.773,156.32,
baseline,3181,1,read,131.834,6756.423,29.835,
baseline,3182,2,read,117.698,8484.342,189.882,
baseline,3183,0,read,151.88,8622.949,421.872,
baseline,3184,1,read,127.547,8096.335,120.262,
baseline,3185,2,read,98.433,10122.768,104.233,
baseline,3186,0,read,109.613,8294.33,318.881,
baseline,3187,1,write,165.376,15534.71,169.695,
baseline,3188,2,write,117.357,23992.474,202.535,
baseline,3189,0,write,161.54,26871.306,131.814,
baseline,3190,1,read,161.659,9448.168,166.789,
baseline,3191,2,read,2502.936,9356.948,96.579,
baseline,3192,0,read,89.957,8048.967,100.646,
baseline,3193,1,read,121.876,12873.883,342.384,
baseline,3194,2,read,131.244,5043.641,286.681,
baseline,3195,0,read,112.187,6930.896,116.967,
baseline,3196,1,read,126.504,16851.078,97.591,
baseline,3197,2,write,371.398,27665.918,127.306,
baseline,3198,0,write,128.398,19472.473,307.73,
baseline,3199,1,write,108.802,21441.53,130.151,
baseline,3200,2,read,246.767,4062.222,183.611,
baseline,3201,0,read,69.088,3449.297,250.334,
baseline,3202,1,read,107.368,11961.904,84.597,
baseline,3203,2,read,122.046,8403.364,412.143,
baseline,3204,0,read,118.36,17134.764,1271.164,
baseline,3205,1,read,110.045,6500.991,502.831,
baseline,3206,2,read,123.799,5701.55,113.07,
baseline,3207,0,write,163.172,11002.296,95.397,
baseline,3208,1,write,89.206,12606.919,127.656,
baseline,3209,2,write,132.715,16638.894,263.92,
baseline,3210,0,read,133.197,5161.259,109.873,
baseline,3211,1,read,97.821,5120.103,88.464,
baseline,3212,2,read,255.333,11260.254,81.782,
baseline,3213,0,read,129.19,7457.502,196.394,
baseline,3214,1,read,155.339,5537.757,772.971,
baseline,3215,2,read,124.15,11926.818,98.182,
baseline,3216,0,read,194.73,10749.417,171.809,
baseline,3217,1,write,159.605,13816.408,498.143,
baseline,3218,2,write,124.49,11296.151,134.93,
baseline,3219,0,write,135.511,12586.441,97.671,
baseline,3220,1,read,104.914,3494.923,784.373,
baseline,3221,2,read,140.882,7737.42,116.105,
baseline,3222,0,read,128.899,4637.81,102.4,
baseline,3223,1,read,511.057,8515.12,11225.559,
baseline,3224,2,read,128.769,5452.909,1753.777,
baseline,3225,0,read,111.466,6616.845,82.182,
baseline,3226,1,read,332.356,4425.496,1542.106,
baseline,3227,2,write,425.999,9319.44,596.605,
baseline,3228,0,write,113.84,9233.46,142.976,
baseline,3229,1,write,5260.874,5989.883,122.307,
baseline,3230,2,read,178.49,4678.364,89.426,
baseline,3231,0,read,234.755,6645.618,526.666,
baseline,3232,1,read,130.211,5343.025,168.844,
baseline,3233,2,read,139.117,9643.2,104.975,
baseline,3234,0,read,85.518,5854.282,146.352,
baseline,3235,1,read,252.708,8150.686,22.953,
baseline,3236,2,read,150.98,7504.909,86.11,
baseline,3237,0,write,120.033,11174.666,342.735,
baseline,3238,1,write,154.457,14317.356,125.062,
baseline,3239,2,write,118.68,10672.686,520.244,
baseline,3240,0,read,63.608,5893.635,79.277,
baseline,3241,1,read,119.441,7214.502,87.272,
baseline,3242,2,read,141.172,9385.422,107.85,
baseline,3243,0,read,107.159,6863.401,126.314,
baseline,3244,1,read,123.379,6982.201,116.276,
baseline,3245,2,read,162.391,6634.056,178.391,
baseline,3246,0,read,172.039,5126.494,286.341,
baseline,3247,1,write,156.01,11603.27,143.716,
baseline,3248,2,write,146.671,9747.532,262.116,
baseline,3249,0,write,144.768,14346.529,143.246,
baseline,3250,1,read,123.759,5583.871,267.386,
baseline,3251,2,read,114.011,7546.075,157.793,
baseline,3252,0,read,153.735,6150.411,172.52,
baseline,3253,1,read,143.847,6223.706,135.602,
baseline,3254,2,read,130.952,6493.867,107.089,
baseline,3255,0,read,107.238,7717.693,107.51,
baseline,3256,1,read,149.668,6288.707,144.548,
baseline,3257,2,write,136.783,13674.875,248.401,
baseline,3258,0,write,160.156,10289.044,284.829,
baseline,3259,1,write,118.729,18980.131,132.146,
baseline,3260,2,read,130.642,5796.155,381.888,
baseline,3261,0,read,104.373,6162.482,78.937,
baseline,3262,1,read,116.045,6156.182,98.964,
baseline,3263,2,read,122.848,5720.175,135.922,
baseline,3264,0,read,147.222,5911.348,120.103,
baseline,3265,1,read,141.763,6844.275,108.392,
baseline,3266,2,read,135.451,10035.746,88.555,
baseline,3267,0,write,142.645,13934.868,704.034,
baseline,3268,1,write,101.288,12180.579,146.181,
baseline,3269,2,write,116.004,23812.791,235.077,
baseline,3270,0,read,90.917,12090.591,208.548,
baseline,3271,1,read,92.281,5370.456,86.892,
baseline,3272,2,read,101.689,4486.339,96.94,
baseline,3273,0,read,136.773,5287.682,106.468,
baseline,3274,1,read,151.27,6724.013,189.682,
baseline,3275,2,read,93.453,4636.427,83.585,
baseline,3276,0,read,127.155,4847.237,93.875,
baseline,3277,1,write,149.858,10255.804,137.425,
baseline,3278,2,write,134.169,8768.37,109.984,
baseline,3279,0,write,116.125,16544.43,149.348,
baseline,3280,1,read,144.917,3852.895,179.875,
baseline,3281,2,read,191.135,7479.252,114.272,
baseline,3282,0,read,95.086,8166.083,93.524,
baseline,3283,1,read,156.681,5608.688,149.307,
baseline,3284,2,read,123.318,9781.726,184.593,
baseline,3285,0,read,66.372,8332.441,92.042,
baseline,3286,1,read,823.245,8562.368,84.337,
baseline,3287,2,write,140.339,15717.067,125.043,
baseline,3288,0,write,162.621,10998.47,805.222,
baseline,3289,1,write,119.491,20365.016,354.097,
baseline,3290,2,read,179.692,7518.584,7517.994,
baseline,3291,0,read,122.407,8016.658,275.38,
baseline,3292,1,read,120.344,5774.595,169.404,
baseline,3293,2,read,125.533,7645.459,92.923,
baseline,3294,0,read,136.923,6654.775,31.129,
baseline,3295,1,read,224.305,6671.415,216.562,
baseline,3296,2,read,133.958,4786.244,18.325,
baseline,3297,0,write,139.498,13688.471,182.058,
baseline,3298,1,write,150.779,13521.803,129.641,
baseline,3299,2,write,133.637,19169.03,243.873,
baseline,3300,0,read,354.476,7745.604,153.406,
baseline,3301,1,read,90.067,6051.517,100.086,
baseline,3302,2,read,141.042,9779.041,181.306,
baseline,3303,0,read,145.8,11999.062,234.776,
baseline,3304,1,read,260.753,12288.598,811.193,
baseline,3305,2,read,125.514,11971.752,63.618,
baseline,3306,0,read,115.033,7698.127,407.165,
baseline,3307,1,write,357.853,22567.565,207.856,
baseline,3308,2,write,140.38,25763.304,165.006,
baseline,3309,0,write,178.169,16806.645,721.297,
baseline,3310,1,read,99.575,5435.677,96.68,
baseline,3311,2,read,451.546,9786.905,89.978,
baseline,3312,0,read,75.711,6892.986,96.219,
baseline,3313,1,read,232.381,10956.822,121.746,
baseline,3314,2,read,147.282,16587.58,83.165,
baseline,3315,0,read,120.443,12163.216,145.22,
baseline,3316,1,read,103.833,11269.391,105.456,
baseline,3317,2,write,115.904,23107.254,162.442,
baseline,3318,0,write,136.604,19049.35,479.769,
baseline,3319,1,write,145.088,18879.735,313.492,
baseline,3320,2,read,106.167,6993.082,126.695,
baseline,3321,0,read,137.776,11910.869,107.139,
baseline,3322,1,read,124.821,12588.384,102.471,
baseline,3323,2,read,122.246,4374.011,105.837,
baseline,3324,0,read,172.96,6634.867,100.548,
baseline,3325,1,read,146.841,6307.1,193.991,
baseline,3326,2,read,151.19,5045.194,96.901,
baseline,3327,0,write,185.063,21961.833,293.945,
baseline,3328,1,write,163.954,19763.713,158.805,
baseline,3329,2,write,190.592,15892.262,472.647,
baseline,3330,0,read,130.952,7866.358,443.583,
baseline,3331,1,read,178.09,9178.859,174.775,
baseline,3332,2,read,109.522,3771.865,241.549,
baseline,3333,0,read,106.647,7746.206,129.461,
baseline,3334,1,read,135.4,6906.721,116.988,
baseline,3335,2,read,135.501,5349.637,393.55,
baseline,3336,0,read,141.141,6487.876,100.167,
baseline,3337,1,write,129.489,16450.987,148.166,
baseline,3338,2,write,169.725,12229.75,97.662,
baseline,3339,0,write,127.576,10541.743,126.255,
baseline,3340,1,read,139.389,6360.941,222.803,
baseline,3341,2,read,133.798,7689.731,104.766,
baseline,3342,0,read,195.553,7440.499,147.294,
baseline,3343,1,read,161.459,10583.08,164.796,
baseline,3344,2,read,122.857,7989.527,421.782,
baseline,3345,0,read,157.222,9217.13,151.271,
baseline,3346,1,read,112.549,6119.393,108.983,
baseline,3347,2,write,220.429,12359.65,154.447,
baseline,3348,0,write,98.192,12601.368,133.639,
baseline,3349,1,write,114.191,14299.843,118.251,
baseline,3350,2,read,117.938,5072.624,139.5,
baseline,3351,0,read,162.151,8584.619,100.517,
baseline,3352,1,read,154.025,5040.846,87.373,
baseline,3353,2,read,159.366,6480.472,124.121,
baseline,3354,0,read,141.581,6951.253,115.656,
baseline,3355,1,read,108.791,10205.52,102.612,
baseline,3356,2,read,114.883,7483.64,355.239,
baseline,3357,0,write,144.337,15558.955,135.252,
baseline,3358,1,write,159.004,26883.629,343.848,
baseline,3359,2,write,153.835,18262.633,4187.957,
baseline,3360,0,read,228.343,5361.641,308.262,
baseline,3361,1,read,89.766,6931.377,25.589,
baseline,3362,2,read,98.583,4336.341,95.058,
baseline,3363,0,read,130.842,9308.55,188.701,
baseline,3364,1,read,429.165,5301.589,829.317,
baseline,3365,2,read,270.581,7586.18,42.4,
baseline,3366,0,read,143.046,10939.711,110.165,
baseline,3367,1,write,137.826,12788.946,326.175,
baseline,3368,2,write,338.186,18171.954,138.278,
baseline,3369,0,write,439.443,23182.584,598.851,
baseline,3370,1,read,167.45,8087.608,392.849,
baseline,3371,2,read,124.159,5539.488,259.583,
baseline,3372,0,read,126.504,6418.948,89.437,
baseline,3373,1,read,142.745,8576.063,105.627,
baseline,3374,2,read,117.728,6474.561,172.411,
baseline,3375,0,read,139.588,9616.74,595.475,
baseline,3376,1,read,104.553,5892.764,183.231,
baseline,3377,2,write,165.216,18823.852,624.529,
baseline,3378,0,write,184.861,13588.846,292.594,
baseline,3379,1,write,161.74,6995.727,131.174,
baseline,3380,2,read,128.258,5962.252,87.133,
baseline,3381,0,read,122.627,6944.101,104.325,
baseline,3382,1,read,149.757,6618.909,236.81,
baseline,3383,2,read,123.759,5469.889,105.508,
baseline,3384,0,read,109.573,5986.718,100.858,
baseline,3385,1,read,106.747,8637.076,121.557,
baseline,3386,2,read,160.207,5463.849,307.381,
baseline,3387,0,write,224.285,11227.152,101.079,
baseline,3388,1,write,127.687,16127.819,151.221,
baseline,3389,2,write,178.752,15629.496,190.875,
baseline,3390,0,read,104.363,6128.83,181.969,
baseline,3391,1,read,176.137,7094.028,364.116,
baseline,3392,2,read,189.862,5157.282,224.627,
baseline,3393,0,read,123.329,7194.425,109.274,
baseline,3394,1,read,122.307,7651.761,103.503,
baseline,3395,2,read,121.695,7245.458,104.636,
baseline,3396,0,read,160.819,6836.382,117.719,
baseline,3397,1,write,160.678,23709.33,138.618,
baseline,3398,2,write,164.505,20195.512,292.663,
baseline,3399,0,write,152.924,14228.872,137.977,
baseline,3400,1,read,123.469,4496.117,304.776,
baseline,3401,2,read,82.583,6937.729,113.051,
baseline,3402,0,read,103.773,11088.306,77.515,
baseline,3403,1,read,117.278,5990.756,160.398,
baseline,3404,2,read,123.419,14560.106,100.908,
baseline,3405,0,read,103.833,15080.6,282.444,
baseline,3406,1,read,228.062,8633.719,252.67,
baseline,3407,2,write,132.405,15666.364,225.299,
baseline,3408,0,write,264.169,20050.373,237.161,
baseline,3409,1,write,186.426,16234.276,526.436,
baseline,3410,2,read,94.977,5647.319,94.817,
baseline,3411,0,read,184.682,5684.037,135.362,
baseline,3412,1,read,112.78,6988.504,229.576,
baseline,3413,2,read,637.0,7200.134,196.917,
baseline,3414,0,read,95.006,8415.084,158.716,
baseline,3415,1,read,561.64,7608.371,117.299,
baseline,3416,2,read,128.378,6732.909,53.791,
baseline,3417,0,write,242.649,23008.902,165.528,
baseline,3418,1,write,164.705,23301.364,489.959,
baseline,3419,2,write,117.438,13660.108,119.112,
baseline,3420,0,read,129.49,4082.681,406.064,
baseline,3421,1,read,109.813,3723.365,93.746,
baseline,3422,2,read,95.376,5479.838,95.93,
baseline,3423,0,read,665.873,3249.628,261.606,
baseline,3424,1,read,521.254,4822.02,134.281,
baseline,3425,2,read,129.249,5212.864,1936.077,
baseline,3426,0,read,186.296,4538.535,114.804,
baseline,3427,1,write,151.972,13956.629,116.667,
baseline,3428,2,write,107.72,15573.222,193.67,
baseline,3429,0,write,163.353,14759.705,107.01,
baseline,3430,1,read,152.273,3314.569,803.269,
baseline,3431,2,read,120.864,5250.023,122.739,
baseline,3432,0,read,398.218,8767.328,469.681,
baseline,3433,1,read,745.842,2988.615,97.452,
baseline,3434,2,read,128.658,5606.874,282.164,
baseline,3435,0,read,2708.045,4374.191,215.561,
baseline,3436,1,read,141.542,8484.514,115.115,
baseline,3437,2,write,1074.29,18564.361,301.42,
baseline,3438,0,write,299.235,11173.013,904.947,
baseline,3439,1,write,98.803,14059.819,381.889,
baseline,3440,2,read,110.365,4482.052,98.734,
baseline,3441,0,read,137.013,8741.699,146.293,
baseline,3442,1,read,152.943,8868.254,105.918,
baseline,3443,2,read,122.567,8501.905,216.363,
baseline,3444,0,read,116.035,3418.432,58.55,
baseline,3445,1,read,140.381,5018.925,145.581,
baseline,3446,2,read,121.445,6021.723,99.496,
baseline,3447,0,write,146.922,11831.302,116.087,
baseline,3448,1,write,127.276,13685.266,113.231,
baseline,3449,2,write,152.563,9404.978,374.295,
baseline,3450,0,read,88.574,5989.222,94.236,
baseline,3451,1,read,150.981,5119.742,94.787,
baseline,3452,2,read,124.18,6306.8,100.648,
baseline,3453,0,read,169.172,4048.667,101.48,
baseline,3454,1,read,110.284,5661.024,153.947,
baseline,3455,2,read,124.511,5950.56,121.086,
baseline,3456,0,read,106.357,4416.88,376.569,
baseline,3457,1,write,126.023,14261.081,145.852,
baseline,3458,2,write,98.302,9564.985,99.957,
baseline,3459,0,write,93.063,13118.677,94.917,
baseline,3460,1,read,122.266,7782.934,105.998,
baseline,3461,2,read,122.026,7634.209,171.419,
baseline,3462,0,read,190.823,9711.937,850.958,
baseline,3463,1,read,124.561,6528.531,125.173,
baseline,3464,2,read,112.348,8193.485,105.607,
baseline,3465,0,read,102.971,7025.932,167.522,
baseline,3466,1,read,116.417,5810.111,92.653,
baseline,3467,2,write,155.377,17571.532,132.718,
baseline,3468,0,write,125.983,21852.471,832.924,
baseline,3469,1,write,126.474,20272.535,97.873,
baseline,3470,2,read,137.334,5632.952,945.333,
baseline,3471,0,read,412.955,7254.145,221.372,
baseline,3472,1,read,136.912,10071.602,99.537,
baseline,3473,2,read,167.41,5815.86,452.32,
baseline,3474,0,read,275.16,5613.366,110.146,
baseline,3475,1,read,130.422,10366.239,261.917,
baseline,3476,2,read,103.531,9995.141,286.663,
baseline,3477,0,write,129.881,16323.271,163.835,
baseline,3478,1,write,150.088,9495.295,155.931,
baseline,3479,2,write,139.599,11525.335,165.689,
baseline,3480,0,read,103.361,5905.888,142.155,
baseline,3481,1,read,113.009,6246.348,43.192,
baseline,3482,2,read,125.563,9061.932,227.273,
baseline,3483,0,read,119.591,12010.663,164.818,
baseline,3484,1,read,94.295,8089.762,102.872,
baseline,3485,2,read,134.058,5602.516,94.547,
baseline,3486,0,read,329.27,5947.024,193.5,
baseline,3487,1,write,247.008,19359.525,280.0,
baseline,3488,2,write,147.643,19340.889,201.455,
baseline,3489,0,write,127.827,17324.224,184.995,
baseline,3490,1,read,88.474,10085.979,693.516,
baseline,3491,2,read,105.175,6498.576,36.85,
baseline,3492,0,read,209.518,8723.196,228.906,
baseline,3493,1,read,189.992,8659.567,103.063,
baseline,3494,2,read,171.358,3042.986,299.326,
baseline,3495,0,read,152.943,7616.165,14.198,
baseline,3496,1,read,129.53,7078.75,3181.163,
baseline,3497,2,write,102.611,11185.687,119.232,
baseline,3498,0,write,292.782,16844.727,229.096,
baseline,3499,1,write,121.345,7322.09,286.362,
baseline,3500,2,read,81.311,3989.799,3642.618,
baseline,3501,0,read,1612.507,5651.146,172.451,
baseline,3502,1,read,221.951,4824.325,169.486,
baseline,3503,2,read,107.248,5413.806,216.854,
baseline,3504,0,read,102.52,9169.131,162.563,
baseline,3505,1,read,138.496,4862.084,277.847,
baseline,3506,2,read,138.836,5370.456,95.98,
baseline,3507,0,write,156.931,11449.254,435.438,
baseline,3508,1,write,582.038,11044.605,112.861,
baseline,3509,2,write,102.739,10390.493,98.074,
baseline,3510,0,read,103.733,8130.057,100.067,
baseline,3511,1,read,140.26,10705.908,111.388,
baseline,3512,2,read,123.41,6875.734,128.279,
baseline,3513,0,read,110.364,10009.067,97.252,
baseline,3514,1,read,121.746,6211.875,94.146,
baseline,3515,2,read,141.793,4160.736,92.393,
baseline,3516,0,read,138.637,13385.179,80.02,
baseline,3517,1,write,848.611,20783.601,301.871,
baseline,3518,2,write,378.381,15077.855,282.194,
baseline,3519,0,write,423.214,16735.714,150.441,
baseline,3520,1,read,99.303,6128.009,1191.94,
baseline,3521,2,read,114.282,6176.891,168.183,
baseline,3522,0,read,181.315,6426.682,115.877,
baseline,3523,1,read,196.934,5670.251,131.075,
baseline,3524,2,read,123.749,8309.729,228.625,
baseline,3525,0,read,160.206,9144.025,445.066,
baseline,3526,1,read,275.2,12534.995,239.455,
baseline,3527,2,write,216.521,25633.564,152.394,
baseline,3528,0,write,116.055,27430.953,160.409,
baseline,3529,1,write,6900.51,31850.377,658.181,
baseline,3530,2,read,727.808,11145.431,163.405,
baseline,3531,0,read,91.56,10720.194,105.247,
baseline,3532,1,read,127.365,11595.714,2151.317,
baseline,3533,2,read,313.852,8692.98,1350.553,
baseline,3534,0,read,83.545,7770.201,97.923,
baseline,3535,1,read,152.753,6617.466,258.14,
baseline,3536,2,read,118.389,16153.386,312.481,
baseline,3537,0,write,722.798,51380.166,1479.422,
baseline,3538,1,write,142.264,49146.339,294.778,
baseline,3539,2,write,142.513,32622.527,247.21,
baseline,3540,0,read,431.199,21177.992,1048.083,
baseline,3541,1,read,115.714,17471.648,2516.553,
baseline,3542,2,read,143.867,13058.445,292.664,
baseline,3543,0,read,105.285,12804.694,873.66,
baseline,3544,1,read,134.429,9859.019,867.278,
baseline,3545,2,read,66.473,7465.486,65.944,
baseline,3546,0,read,103.07,7734.394,245.998,
baseline,3547,1,write,159.455,13570.332,731.427,
baseline,3548,2,write,154.808,16054.854,505.778,
baseline,3549,0,write,234.744,17570.771,781.349,
baseline,3550,1,read,120.092,9831.397,515.697,
baseline,3551,2,read,103.622,9948.815,372.702,
baseline,3552,0,read,261.825,10124.269,165.168,
baseline,3553,1,read,143.496,8117.885,356.051,
baseline,3554,2,read,93.042,7120.667,110.166,
baseline,3555,0,read,114.362,5735.042,103.824,
baseline,3556,1,read,109.252,4993.899,117.85,
baseline,3557,2,write,166.869,15806.723,132.207,
baseline,3558,0,write,148.766,28820.436,133.559,
baseline,3559,1,write,107.358,19397.784,12297.808,
baseline,3560,2,read,378.261,9415.758,2421.266,
baseline,3561,0,read,100.255,8822.919,91.332,
baseline,3562,1,read,91.089,7396.208,91.451,
baseline,3563,2,read,111.036,5840.717,90.169,
baseline,3564,0,read,71.643,4654.701,112.069,
baseline,3565,1,read,117.477,5631.759,96.531,
baseline,3566,2,read,115.635,6626.914,233.644,
baseline,3567,0,write,146.371,22092.646,147.305,
baseline,3568,1,write,122.037,21617.706,768.916,
baseline,3569,2,write,122.727,17490.381,276.495,
baseline,3570,0,read,79.688,5331.094,299.336,
baseline,3571,1,read,117.698,6774.487,86.492,
baseline,3572,2,read,145.519,6370.097,109.705,
baseline,3573,0,read,111.095,6357.815,124.012,
baseline,3574,1,read,157.802,7832.144,145.642,
baseline,3575,2,read,704.905,10739.63,66.235,
baseline,3576,0,read,112.699,11728.281,542.016,
baseline,3577,1,write,132.566,19930.251,1030.861,
baseline,3578,2,write,185.824,22450.529,114.424,
baseline,3579,0,write,138.246,16021.171,618.728,
baseline,3580,1,read,109.041,7322.662,417.195,
baseline,3581,2,read,139.518,7465.095,111.89,
baseline,3582,0,read,106.407,7573.807,291.883,
baseline,3583,1,read,122.186,5464.24,487.585,
baseline,3584,2,read,126.354,6211.543,200.945,
baseline,3585,0,read,112.89,10835.798,195.434,
baseline,3586,1,read,101.216,15451.316,396.487,
baseline,3587,2,write,956.703,27281.877,1688.859,
baseline,3588,0,write,121.185,24415.288,763.586,
baseline,3589,1,write,115.494,21958.367,744.481,
baseline,3590,2,read,213.806,5828.665,299.136,
baseline,3591,0,read,94.014,5853.841,122.739,
baseline,3592,1,read,185.775,12114.546,163.024,
baseline,3593,2,read,100.746,12089.92,107.752,
baseline,3594,0,read,96.048,9006.7,94.497,
baseline,3595,1,read,108.081,8895.986,192.047,
baseline,3596,2,read,276.843,10525.693,223.757,
baseline,3597,0,write,122.557,63865.198,127.258,
baseline,3598,1,write,348.846,50285.609,4385.434,
baseline,3599,2,write,144.018,30887.925,6916.03,
baseline,3600,0,read,193.379,9535.581,17146.126,
baseline,3601,1,read,98.052,7464.244,7357.588,
baseline,3602,2,read,891.931,9276.921,154.779,
baseline,3603,0,read,93.913,6817.164,147.105,
baseline,3604,1,read,177.328,12659.595,405.954,
baseline,3605,2,read,167.109,7892.517,451.989,
baseline,3606,0,read,103.572,6337.658,670.313,
baseline,3607,1,write,199.421,27884.493,176.568,
baseline,3608,2,write,144.557,19836.356,187.219,
baseline,3609,0,write,113.371,17040.079,419.939,
baseline,3610,1,read,302.941,5505.516,121.477,
baseline,3611,2,read,167.54,6290.76,599.542,
baseline,3612,0,read,222.232,7438.197,98.233,
baseline,3613,1,read,103.662,5899.215,109.264,
baseline,3614,2,read,435.217,14939.879,395.063,
baseline,3615,0,read,104.304,20139.578,112.069,
baseline,3616,1,read,390.093,10026.279,1035.469,
baseline,3617,2,write,116.455,12828.007,114.434,
baseline,3618,0,write,765.187,16537.697,541.084,
baseline,3619,1,write,493.263,20079.898,309.665,
baseline,3620,2,read,215.94,6495.68,583.733,
baseline,3621,0,read,111.326,7822.618,96.42,
baseline,3622,1,read,264.06,5035.856,108.302,
baseline,3623,2,read,109.021,6991.578,87.053,
baseline,3624,0,read,228.082,4880.78,107.751,
baseline,3625,1,read,117.828,8824.694,100.928,
baseline,3626,2,read,108.842,5969.014,1257.23,
baseline,3627,0,write,183.25,9409.135,101.169,
baseline,3628,1,write,125.403,14394.599,107.52,
baseline,3629,2,write,622.362,11662.299,109.184,
baseline,3630,0,read,91.309,2767.956,96.791,
baseline,3631,1,read,94.534,6670.202,105.177,
baseline,3632,2,read,420.92,4929.87,230.879,
baseline,3633,0,read,110.625,7652.943,123.57,
baseline,3634,1,read,196.524,9713.048,114.644,
baseline,3635,2,read,771.659,3832.107,708.444,
baseline,3636,0,read,199.38,8183.406,459.031,
baseline,3637,1,write,120.674,26201.746,95.689,
baseline,3638,2,write,144.448,21382.45,85.931,
baseline,3639,0,write,116.987,10702.841,2058.023,
baseline,3640,1,read,157.181,4685.959,68.157,
baseline,3641,2,read,97.53,10357.232,77.325,
baseline,3642,0,read,88.174,7595.777,257.148,
baseline,3643,1,read,110.284,9283.223,86.492,
baseline,3644,2,read,364.685,17859.095,112.901,
baseline,3645,0,read,425.588,8265.777,176.519,
baseline,3646,1,read,100.467,17733.753,95.929,
baseline,3647,2,write,156.53,21611.465,573.954,
baseline,3648,0,write,137.283,23370.06,332.869,
baseline,3649,1,write,133.487,8526.26,97.703,
baseline,3650,2,read,86.179,5466.254,239.926,
baseline,3651,0,read,111.576,6700.029,1521.46,
baseline,3652,1,read,107.048,5931.826,651.619,
baseline,3653,2,read,103.411,5912.891,133.319,
baseline,3654,0,read,106.208,5772.191,31.259,
baseline,3655,1,read,123.479,6675.995,144.95,
baseline,3656,2,read,126.834,5865.693,42.932,
baseline,3657,0,write,123.49,13638.058,126.095,
baseline,3658,1,write,154.175,13229.511,32.352,
baseline,3659,2,write,226.049,13752.81,346.464,
baseline,3660,0,read,100.286,3647.466,96.851,
baseline,3661,1,read,102.129,4663.247,70.763,
baseline,3662,2,read,149.957,6160.108,99.697,
baseline,3663,0,read,103.311,4612.923,98.314,
baseline,3664,1,read,98.242,5459.651,92.804,
baseline,3665,2,read,111.196,4179.431,25.91,
baseline,3666,0,read,119.451,6501.15,120.986,
baseline,3667,1,write,164.745,11595.835,120.516,
baseline,3668,2,write,156.39,10344.237,118.311,
baseline,3669,0,write,189.14,10672.205,285.05,
baseline,3670,1,read,178.672,4301.617,150.971,
baseline,3671,2,read,137.204,6268.219,113.863,
baseline,3672,0,read,116.426,5348.415,101.46,
baseline,3673,1,read,114.112,5698.464,241.279,
baseline,3674,2,read,139.367,7060.456,161.201,
baseline,3675,0,read,110.575,7459.865,139.661,
baseline,3676,1,read,238.381,6396.386,97.753,
baseline,3677,2,write,206.022,14199.899,433.184,
baseline,3678,0,write,184.602,14565.906,173.634,
baseline,3679,1,write,170.266,14222.991,163.986,
baseline,3680,2,read,101.248,7374.138,116.898,
baseline,3681,0,read,136.061,9241.675,115.797,
baseline,3682,1,read,127.025,7258.423,445.106,
baseline,3683,2,read,136.582,22684.871,753.719,
baseline,3684,0,read,121.084,13683.622,1434.449,
baseline,3685,1,read,164.715,8040.721,128.911,
baseline,3686,2,read,136.553,13253.926,199.362,
baseline,3687,0,write,196.994,17566.763,182.611,
baseline,3688,1,write,431.67,16742.387,108.483,
baseline,3689,2,write,281.511,15843.312,85.22,
baseline,3690,0,read,88.002,10754.737,241.4,
baseline,3691,1,read,115.284,7933.794,977.783,
baseline,3692,2,read,120.804,6191.036,93.846,
baseline,3693,0,read,102.481,5623.245,179.945,
baseline,3694,1,read,159.415,8438.669,204.902,
baseline,3695,2,read,133.117,14829.184,505.678,
baseline,3696,0,read,105.777,14639.292,103.223,
baseline,3697,1,write,129.499,30403.437,164.968,
baseline,3698,2,write,324.802,28984.78,179.044,
baseline,3699,0,write,333.658,24872.224,121.076,
baseline,3700,1,read,87.361,10437.911,330.915,
baseline,3701,2,read,99.524,7353.008,373.614,
baseline,3702,0,read,177.058,13599.757,2528.705,
baseline,3703,1,read,129.65,7977.886,265.283,
baseline,3704,2,read,119.232,10335.202,397.668,
baseline,3705,0,read,125.603,17285.042,105.918,
baseline,3706,1,read,127.917,23713.247,224.899,
baseline,3707,2,write,174.383,41176.309,415.141,
baseline,3708,0,write,123.739,25569.714,757.616,
baseline,3709,1,write,152.252,41121.788,713.443,
baseline,3710,2,read,563.472,20484.216,330.936,
baseline,3711,0,read,98.533,13084.574,102.772,
baseline,3712,1,read,89.155,13413.782,346.564,
baseline,3713,2,read,117.878,17701.633,1505.26,
baseline,3714,0,read,203.077,20350.259,1259.304,
baseline,3715,1,read,122.788,25423.113,722.31,
baseline,3716,2,read,141.701,31247.78,1906.033,
baseline,3717,0,write,124.671,77130.826,369.888,
baseline,3718,1,write,147.304,76059.723,4416.361,
baseline,3719,2,write,155.999,66106.74,1029.549,
baseline,3720,0,read,847.3,50088.715,1328.342,
baseline,3721,1,read,97.37,43426.907,792.49,
baseline,3722,2,read,504.314,29110.182,1318.284,
baseline,3723,0,read,382.128,39175.234,80.461,
baseline,3724,1,read,2616.446,31132.507,950.182,
baseline,3725,2,read,190.332,27965.281,1152.387,
baseline,3726,0,read,259.732,23943.634,864.343,
baseline,3727,1,write,515.164,44854.681,5444.205,
baseline,3728,2,write,109.744,52531.59,206.735,
baseline,3729,0,write,949.288,37020.262,11383.515,
baseline,3730,1,read,57.336,26231.621,2356.607,
baseline,3731,2,read,121.234,16076.774,4102.04,
baseline,3732,0,read,117.187,12224.74,683.308,
baseline,3733,1,read,138.937,6011.543,239.286,
baseline,3734,2,read,143.827,4948.846,645.187,
baseline,3735,0,read,138.978,6172.783,284.409,
baseline,3736,1,read,128.969,9821.31,98.274,
baseline,3737,2,write,112.88,19902.159,164.627,
baseline,3738,0,write,172.059,17164.819,144.851,
baseline,3739,1,write,139.508,14696.488,97.173,
baseline,3740,2,read,99.735,5142.855,100.178,
baseline,3741,0,read,115.835,4700.205,208.178,
baseline,3742,1,read,140.239,7945.255,219.569,
baseline,3743,2,read,117.637,9152.821,188.532,
baseline,3744,0,read,84.857,8563.129,334.983,
baseline,3745,1,read,85.027,4586.905,118.102,
baseline,3746,2,read,136.031,5209.878,555.843,
baseline,3747,0,write,156.48,16801.646,106.37,
baseline,3748,1,write,647.268,14015.817,465.405,
baseline,3749,2,write,146.902,14861.844,128.01,
baseline,3750,0,read,97.852,6656.368,86.993,
baseline,3751,1,read,126.515,7223.979,144.751,
baseline,3752,2,read,137.204,6199.622,126.427,
baseline,3753,0,read,109.553,8453.186,135.233,
baseline,3754,1,read,137.173,6187.278,102.874,
baseline,3755,2,read,356.68,4823.453,167.333,
baseline,3756,0,read,329.62,4865.862,36.671,
baseline,3757,1,write,149.105,9150.076,186.238,
baseline,3758,2,write,97.611,12400.366,112.14,
baseline,3759,0,write,127.305,10642.249,107.693,
baseline,3760,1,read,93.503,5354.416,94.668,
baseline,3761,2,read,281.973,7351.225,108.854,
baseline,3762,0,read,127.436,4577.267,91.111,
baseline,3763,1,read,138.876,10571.617,144.371,
baseline,3764,2,read,125.943,6273.368,201.186,
baseline,3765,0,read,193.089,6535.825,109.435,
baseline,3766,1,read,106.357,6454.313,118.412,
baseline,3767,2,write,246.466,21463.991,320.627,
baseline,3768,0,write,125.612,18440.702,154.048,
baseline,3769,1,write,229.915,17227.114,71.055,
baseline,3770,2,read,95.527,6335.754,318.162,
baseline,3771,0,read,132.726,6960.351,100.609,
baseline,3772,1,read,123.699,7229.459,147.937,
baseline,3773,2,read,116.596,7150.663,129.593,
baseline,3774,0,read,113.229,7440.269,162.865,
baseline,3775,1,read,145.7,7558.338,109.696,
baseline,3776,2,read,110.825,7046.45,114.024,
baseline,3777,0,write,161.449,19370.605,64.522,
baseline,3778,1,write,175.564,14808.646,32.193,
baseline,3779,2,write,101.007,12024.179,427.805,
baseline,3780,0,read,223.193,7312.793,377.342,
baseline,3781,1,read,118.84,7431.795,178.593,
baseline,3782,2,read,121.766,7938.091,69.451,
baseline,3783,0,read,109.673,5675.171,106.48,
baseline,3784,1,read,134.269,7788.806,170.508,
baseline,3785,2,read,116.124,6877.737,100.129,
baseline,3786,0,read,111.497,9373.801,129.883,
baseline,3787,1,write,233.362,20735.673,143.709,
baseline,3788,2,write,443.742,24464.058,203.329,
baseline,3789,0,write,169.714,14376.856,269.482,
baseline,3790,1,read,97.35,10644.885,144.861,
baseline,3791,2,read,100.667,4893.443,94.187,
baseline,3792,0,read,128.138,9281.841,111.589,
baseline,3793,1,read,118.148,7052.45,506.011,
baseline,3794,2,read,118.068,12700.17,155.621,
baseline,3795,0,read,144.216,7192.21,148.298,
baseline,3796,1,read,138.617,9649.511,446.901,
baseline,3797,2,write,120.212,16363.555,679.121,
baseline,3798,0,write,144.347,14518.859,143.569,
baseline,3799,1,write,159.656,29565.695,129.733,
baseline,3800,2,read,130.692,9683.714,337.939,
baseline,3801,0,read,194.321,8961.156,147.175,
baseline,3802,1,read,88.203,5632.903,196.236,
baseline,3803,2,read,106.387,8319.638,109.676,
baseline,3804,0,read,239.423,7492.205,106.761,
baseline,3805,1,read,268.337,6854.134,260.485,
baseline,3806,2,read,93.233,6351.504,98.425,
baseline,3807,0,write,169.193,13925.51,158.857,
baseline,3808,1,write,122.036,11747.296,112.381,
baseline,3809,2,write,174.153,10367.211,152.695,
baseline,3810,0,read,118.069,6846.09,265.965,
baseline,3811,1,read,148.204,8329.606,505.76,
baseline,3812,2,read,111.067,5396.335,204.611,
baseline,3813,0,read,126.875,8665.288,985.688,
baseline,3814,1,read,144.788,5730.834,97.824,
baseline,3815,2,read,431.319,6196.947,212.045,
baseline,3816,0,read,139.127,6659.843,105.088,
baseline,3817,1,write,209.217,13098.769,137.197,
baseline,3818,2,write,178.601,8582.926,233.605,
baseline,3819,0,write,136.202,9706.997,143.649,
baseline,3820,1,read,105.757,4451.965,110.397,
baseline,3821,2,read,139.017,4067.644,125.666,
baseline,3822,0,read,333.397,4474.958,98.285,
baseline,3823,1,read,115.984,8642.956,90.491,
baseline,3824,2,read,114.883,8012.359,323.933,
baseline,3825,0,read,112.87,8077.65,97.543,
baseline,3826,1,read,127.126,6125.264,92.394,
baseline,3827,2,write,192.857,15598.438,295.701,
baseline,3828,0,write,136.944,17925.919,338.219,
baseline,3829,1,write,148.294,12228.045,110.829,
baseline,3830,2,read,92.831,6190.454,98.015,
baseline,3831,0,read,130.101,5960.769,349.3,
baseline,3832,1,read,123.459,4760.597,99.537,
baseline,3833,2,read,107.038,5185.343,109.035,
baseline,3834,0,read,122.658,5807.065,102.312,
baseline,3835,1,read,416.541,6156.102,204.171,
baseline,3836,2,read,199.961,8953.482,363.446,
baseline,3837,0,write,106.937,12721.028,218.689,
baseline,3838,1,write,255.523,12763.458,536.727,
baseline,3839,2,write,125.673,8453.145,666.678,
baseline,3840,0,read,888.817,5212.323,90.801,
baseline,3841,1,read,130.762,5266.754,2883.303,
baseline,3842,2,read,98.884,19324.59,73.138,
baseline,3843,0,read,102.79,13505.482,22.605,
baseline,3844,1,read,126.154,4012.44,1223.78,
baseline,3845,2,read,106.037,4877.433,81.534,
baseline,3846,0,read,228.883,6515.075,120.467,
baseline,3847,1,write,165.276,18576.755,117.781,
baseline,3848,2,write,120.824,17608.921,106.17,
baseline,3849,0,write,104.192,19686.299,85.502,
baseline,3850,1,read,132.384,5091.639,110.458,
baseline,3851,2,read,80.4,5552.835,86.503,
baseline,3852,0,read,105.296,4821.16,115.857,
baseline,3853,1,read,117.347,6716.49,895.982,
baseline,3854,2,read,140.36,5068.718,370.399,
baseline,3855,0,read,97.01,10560.799,201.736,
baseline,3856,1,read,161.409,5913.663,24.929,
baseline,3857,2,write,142.514,12673.772,467.118,
baseline,3858,0,write,129.971,13521.863,97.263,
baseline,3859,1,write,105.696,11457.63,114.555,
baseline,3860,2,read,118.389,5776.539,49.825,
baseline,3861,0,read,122.186,12093.406,96.022,
baseline,3862,1,read,126.244,7569.738,240.008,
baseline,3863,2,read,110.565,5580.044,223.327,
baseline,3864,0,read,120.745,6420.111,100.689,
baseline,3865,1,read,117.798,10118.99,150.903,
baseline,3866,2,read,119.471,6048.171,111.409,
baseline,3867,0,write,190.673,12637.163,437.183,
baseline,3868,1,write,176.407,10150.669,358.467,
baseline,3869,2,write,188.589,15823.985,529.745,
baseline,3870,0,read,111.957,5402.935,195.706,
baseline,3871,1,read,122.437,10417.814,103.785,
baseline,3872,2,read,125.523,8755.736,242.703,
baseline,3873,0,read,91.069,6584.915,86.884,
baseline,3874,1,read,120.112,5825.598,103.195,
baseline,3875,2,read,127.586,9708.621,105.809,
baseline,3876,0,read,62.315,8181.001,237.844,
baseline,3877,1,write,154.435,24947.202,230.23,
baseline,3878,2,write,170.045,31795.355,235.419,
baseline,3879,0,write,112.798,24432.97,938.772,
baseline,3880,1,read,693.835,9501.016,580.899,
baseline,3881,2,read,128.639,17927.672,271.456,
baseline,3882,0,read,129.34,9564.895,176.76,
baseline,3883,1,read,81.531,10987.949,141.927,
baseline,3884,2,read,228.012,8172.576,191.348,
baseline,3885,0,read,131.724,15750.39,169.828,
baseline,3886,1,read,1816.254,13246.622,811.316,
baseline,3887,2,write,216.371,23860.952,95.229,
baseline,3888,0,write,104.214,24623.613,160.019,
baseline,3889,1,write,500.577,17153.549,809.152,
baseline,3890,2,read,157.461,7669.985,340.474,
baseline,3891,0,read,90.206,9539.707,153.458,
baseline,3892,1,read,134.569,8575.171,252.311,
baseline,3893,2,read,129.6,9013.223,96.332,
baseline,3894,0,read,90.166,7341.195,166.472,
baseline,3895,1,read,242.651,7696.475,480.903,
baseline,3896,2,read,89.907,10222.071,257.129,
baseline,3897,0,write,501.018,19189.059,233.956,
baseline,3898,1,write,153.876,17102.354,199.883,
baseline,3899,2,write,100.025,14633.05,698.347,
baseline,3900,0,read,95.657,5289.055,107.673,
baseline,3901,1,read,97.601,5620.469,104.407,
baseline,3902,2,read,133.748,7388.384,99.026,
baseline,3903,0,read,102.229,7150.983,140.975,
baseline,3904,1,read,252.217,8716.713,106.02,
baseline,3905,2,read,66.162,3147.71,92.244,
baseline,3906,0,read,124.38,5595.211,134.333,
baseline,3907,1,write,157.332,14997.515,141.816,
baseline,3908,2,write,120.643,14046.293,140.514,
baseline,3909,0,write,395.814,8068.815,109.165,
baseline,3910,1,read,104.013,7572.434,89.379,
baseline,3911,2,read,234.925,6836.561,37.934,
baseline,3912,0,read,117.478,7962.857,155.261,
baseline,3913,1,read,106.638,6970.42,129.222,
baseline,3914,2,read,109.112,7308.315,87.355,
baseline,3915,0,read,133.167,10712.851,207.367,
baseline,3916,1,read,132.085,5501.54,105.408,
baseline,3917,2,write,115.313,17587.782,125.065,
baseline,3918,0,write,133.888,20643.983,100.79,
baseline,3919,1,write,127.856,20533.417,847.203,
baseline,3920,2,read,113.111,7340.916,77.967,
baseline,3921,0,read,106.567,7519.295,127.099,
baseline,3922,1,read,102.64,6542.136,124.454,
baseline,3923,2,read,132.806,5880.451,94.188,
baseline,3924,0,read,96.839,6631.512,101.812,
baseline,3925,1,read,116.686,6539.862,319.355,
baseline,3926,2,read,117.106,7222.986,103.526,
baseline,3927,0,write,186.096,18528.285,122.77,
baseline,3928,1,write,149.607,12382.473,108.514,
baseline,3929,2,write,140.351,17164.218,210.583,
baseline,3930,0,read,109.513,8466.22,137.007,
baseline,3931,1,read,135.662,5846.579,153.437,
baseline,3932,2,read,156.4,12546.567,188.783,
baseline,3933,0,read,113.229,8027.998,379.246,
baseline,3934,1,read,106.217,7126.718,73.61,
baseline,3935,2,read,129.6,6975.177,150.182,
baseline,3936,0,read,144.768,8073.702,132.549,
baseline,3937,1,write,131.905,23963.059,38.565,
baseline,3938,2,write,145.599,22627.566,135.495,
baseline,3939,0,write,182.006,17923.073,566.042,
baseline,3940,1,read,171.027,10003.627,561.443,
baseline,3941,2,read,116.986,10532.726,101.522,
baseline,3942,0,read,133.949,6973.145,122.76,
baseline,3943,1,read,819.627,9545.799,1168.287,
baseline,3944,2,read,214.107,15740.492,821.124,
baseline,3945,0,read,261.534,26787.289,120.547,
baseline,3946,1,read,157.161,19450.461,864.044,
baseline,3947,2,write,393.95,22281.926,4883.898,
baseline,3948,0,write,86.33,20283.054,620.963,
baseline,3949,1,write,177.759,12731.718,1112.835,
baseline,3950,2,read,99.624,2982.353,420.723,
baseline,3951,0,read,126.965,8765.193,218.178,
baseline,3952,1,read,139.147,9619.665,161.613,
baseline,3953,2,read,101.888,9299.844,172.132,
baseline,3954,0,read,103.612,7104.398,89.319,
baseline,3955,1,read,124.37,7098.866,134.864,
baseline,3956,2,read,152.572,9467.875,274.502,
baseline,3957,0,write,100.676,13463.945,108.625,
baseline,3958,1,write,144.708,8851.473,94.318,
baseline,3959,2,write,102.379,18468.073,149.46,
baseline,3960,0,read,99.044,17885.113,100.469,
baseline,3961,1,read,88.975,8469.936,310.689,
baseline,3962,2,read,140.389,8714.84,379.737,
baseline,3963,0,read,93.213,6985.077,49.595,
baseline,3964,1,read,110.915,8084.432,211.826,
baseline,3965,2,read,85.528,4833.121,212.948,
baseline,3966,0,read,122.166,7404.153,91.192,
baseline,3967,1,write,175.294,13803.805,264.413,
baseline,3968,2,write,177.939,13604.094,149.07,
baseline,3969,0,write,190.894,12445.95,58.672,
baseline,3970,1,read,107.649,6831.592,83.889,
baseline,3971,2,read,136.583,8186.792,221.744,
baseline,3972,0,read,105.456,6178.032,120.176,
baseline,3973,1,read,697.883,8315.539,215.012,
baseline,3974,2,read,906.359,8294.773,213.649,
baseline,3975,0,read,122.176,6014.949,23.007,
baseline,3976,1,read,142.695,5407.715,188.392,
baseline,3977,2,write,149.065,14939.468,136.026,
baseline,3978,0,write,146.46,13749.083,108.515,
baseline,3979,1,write,130.661,12245.909,99.679,
baseline,3980,2,read,129.199,6450.626,141.716,
baseline,3981,0,read,240.655,5767.411,327.39,
baseline,3982,1,read,150.288,7478.67,108.936,
baseline,3983,2,read,128.077,5209.347,152.757,
baseline,3984,0,read,124.691,5378.291,109.576,
baseline,3985,1,read,145.709,6016.031,108.515,
baseline,3986,2,read,786.196,6207.206,211.946,
baseline,3987,0,write,184.02,19912.227,110.759,
baseline,3988,1,write,145.859,19823.102,197.68,
baseline,3989,2,write,106.818,14044.24,322.21,
baseline,3990,0,read,63.448,4434.593,293.036,
baseline,3991,1,read,112.739,6918.163,147.777,
baseline,3992,2,read,115.674,7218.829,267.339,
baseline,3993,0,read,89.737,6083.137,133.971,
baseline,3994,1,read,626.58,6186.808,130.776,
baseline,3995,2,read,111.446,6025.819,125.056,
baseline,3996,0,read,124.25,11731.447,152.165,
baseline,3997,1,write,1617.826,27626.675,142.227,
baseline,3998,2,write,132.466,26008.769,1403.332,
baseline,3999,0,write,101.649,27548.511,171.551,
baseline,4000,1,read,49.722,12413.39,7918.669,
baseline,4001,2,read,80.439,35988.471,3202.685,
baseline,4002,0,read,69.068,29005.709,603.461,
baseline,4003,1,read,242.369,19736.472,790.337,
baseline,4004,2,read,2004.774,13293.861,871.457,
baseline,4005,0,read,112.719,8262.703,91.713,
baseline,4006,1,read,127.706,6192.418,162.144,
baseline,4007,2,write,145.329,13619.113,108.304,
baseline,4008,0,write,297.771,23601.631,155.051,
baseline,4009,1,write,150.849,17664.674,122.551,
baseline,4010,2,read,119.151,5158.444,145.803,
baseline,4011,0,read,116.395,5207.534,314.186,
baseline,4012,1,read,113.38,6567.784,98.726,
baseline,4013,2,read,143.595,7174.887,100.14,
baseline,4014,0,read,125.252,10931.665,112.392,
baseline,4015,1,read,146.432,7062.821,235.92,
baseline,4016,2,read,137.355,15322.958,2106.184,
baseline,4017,0,write,141.252,35289.606,195.345,
baseline,4018,1,write,1410.393,30856.767,420.953,
baseline,4019,2,write,121.796,17553.91,2780.252,
baseline,4020,0,read,110.935,9872.233,477.869,
baseline,4021,1,read,98.512,4280.397,189.675,
baseline,4022,2,read,170.937,11428.727,1321.3,
baseline,4023,0,read,155.026,9732.034,97.074,
baseline,4024,1,read,95.798,6242.371,101.371,
baseline,4025,2,read,123.259,9834.294,110.117,
baseline,4026,0,read,68.477,8377.826,92.655,
baseline,4027,1,write,170.215,12813.621,218.077,
baseline,4028,2,write,125.042,10179.402,110.218,
baseline,4029,0,write,127.496,19442.267,562.716,
baseline,4030,1,read,212.954,11908.124,348.7,
baseline,4031,2,read,209.297,8029.209,116.901,
baseline,4032,0,read,1345.933,9212.271,165.37,
baseline,4033,1,read,82.543,10274.759,126.157,
baseline,4034,2,read,104.284,6795.626,133.851,
baseline,4035,0,read,122.366,7221.354,155.171,
baseline,4036,1,read,149.616,6226.281,115.408,
baseline,4037,2,write,470.421,14740.039,477.257,
baseline,4038,0,write,220.98,14865.381,220.121,
baseline,4039,1,write,110.113,13060.208,113.424,
baseline,4040,2,read,100.526,3993.666,104.728,
baseline,4041,0,read,117.778,6213.587,144.982,
baseline,4042,1,read,115.554,5473.637,107.342,
baseline,4043,2,read,632.311,6565.971,311.911,
baseline,4044,0,read,115.906,5682.995,898.026,
baseline,4045,1,read,98.683,6892.344,82.226,
baseline,4046,2,read,418.665,5471.523,103.746,
baseline,4047,0,write,167.319,6788.151,110.329,
baseline,4048,1,write,337.275,13760.665,184.786,
baseline,4049,2,write,145.229,15948.136,131.337,
baseline,4050,0,read,94.244,7475.685,131.287,
baseline,4051,1,read,179.121,4095.814,93.608,
baseline,4052,2,read,294.976,6741.234,107.764,
baseline,4053,0,read,125.082,4220.867,93.186,
baseline,4054,1,read,191.955,4736.251,84.35,
baseline,4055,2,read,149.707,7584.376,143.119,
baseline,4056,0,read,125.592,6093.124,233.947,
baseline,4057,1,write,140.931,9579.131,155.722,
baseline,4058,2,write,125.873,17052.572,70.444,
baseline,4059,0,write,570.357,13079.885,238.375,
baseline,4060,1,read,109.503,8073.293,126.768,
baseline,4061,2,read,91.028,5124.14,95.631,
baseline,4062,0,read,110.064,7739.684,102.894,
baseline,4063,1,read,455.092,9135.759,235.45,
baseline,4064,2,read,116.366,4390.993,74.491,
baseline,4065,0,read,97.951,6408.188,99.308,
baseline,4066,1,read,115.925,4416.88,172.874,
baseline,4067,2,write,154.277,9738.857,174.897,
baseline,4068,0,write,149.196,23848.838,113.474,
baseline,4069,1,write,163.293,25295.579,116.609,
baseline,4070,2,read,267.757,9520.733,310.969,
baseline,4071,0,read,101.477,5815.06,132.349,
baseline,4072,1,read,144.397,5599.079,97.164,
baseline,4073,2,read,106.066,4266.853,157.495,
baseline,4074,0,read,179.481,4510.904,113.695,
baseline,4075,1,read,138.507,3647.726,102.684,
baseline,4076,2,read,124.47,5554.437,95.02,
baseline,4077,0,write,135.521,11872.578,106.521,
baseline,4078,1,write,193.098,11902.033,113.434,
baseline,4079,2,write,97.842,7251.681,145.553,
baseline,4080,0,read,104.474,5269.389,95.24,
baseline,4081,1,read,97.151,6566.682,130.425,
baseline,4082,2,read,139.689,5420.639,101.882,
baseline,4083,0,read,117.167,8902.838,117.341,
baseline,4084,1,read,210.681,3791.933,95.38,
baseline,4085,2,read,114.271,5949.358,100.26,
baseline,4086,0,read,119.561,6910.698,102.614,
baseline,4087,1,write,180.864,14645.654,77.778,
baseline,4088,2,write,146.131,12411.286,154.59,
baseline,4089,0,write,137.976,11137.937,150.352,
baseline,4090,1,read,106.518,4741.912,77.988,
baseline,4091,2,read,128.127,6889.038,106.431,
baseline,4092,0,read,131.524,4887.251,228.597,
baseline,4093,1,read,129.59,7147.266,104.488,
baseline,4094,2,read,126.604,4084.194,170.751,
baseline,4095,0,read,124.42,5873.207,121.479,
baseline,4096,1,read,133.117,6286.673,91.363,
baseline,4097,2,write,148.215,14560.506,159.209,
baseline,4098,0,write,144.258,9848.931,40.949,
baseline,4099,1,write,132.716,11462.678,291.284,
baseline,4100,2,read,104.965,7004.984,301.322,
baseline,4101,0,read,125.733,6054.994,98.476,
baseline,4102,1,read,110.564,5860.934,98.527,
baseline,4103,2,read,103.942,4593.468,146.986,
baseline,4104,0,read,130.923,5027.361,106.1,
baseline,4105,1,read,125.543,4213.654,125.967,
baseline,4106,2,read,121.244,5042.089,102.123,
baseline,4107,0,write,178.891,13874.766,121.018,
baseline,4108,1,write,150.98,12240.429,61.137,
baseline,4109,2,write,141.893,12501.433,112.622,
baseline,4110,0,read,89.906,5623.524,101.863,
baseline,4111,1,read,125.082,5009.468,108.635,
baseline,4112,2,read,106.277,5612.144,78.76,
baseline,4113,0,read,94.245,5409.93,90.01,
baseline,4114,1,read,91.649,4427.51,98.827,
baseline,4115,2,read,133.457,6521.217,106.622,
baseline,4116,0,read,105.116,5177.369,108.855,
baseline,4117,1,write,172.89,10756.892,159.9,
baseline,4118,2,write,120.333,15293.925,97.314,
baseline,4119,0,write,131.865,10195.663,186.8,
baseline,4120,1,read,101.808,5969.175,84.391,
baseline,4121,2,read,126.454,6016.913,111.701,
baseline,4122,0,read,97.851,7366.062,97.625,
baseline,4123,1,read,168.963,6432.913,215.624,
baseline,4124,2,read,134.479,6982.932,132.029,
baseline,4125,0,read,109.783,5760.018,96.503,
baseline,4126,1,read,126.695,7235.851,117.842,
baseline,4127,2,write,193.81,18566.395,640.029,
baseline,4128,0,write,133.758,32860.689,449.456,
baseline,4129,1,write,119.772,29162.089,248.995,
baseline,4130,2,read,167.45,11267.187,4341.004,
baseline,4131,0,read,367.641,7810.175,130.516,
baseline,4132,1,read,78.767,8500.854,105.75,
baseline,4133,2,read,114.863,7614.562,137.669,
baseline,4134,0,read,140.63,10005.79,93.879,
baseline,4135,1,read,134.289,6485.472,178.054,
baseline,4136,2,read,109.612,6107.321,26.093,
baseline,4137,0,write,153.114,12057.41,128.943,
baseline,4138,1,write,155.288,11907.303,123.784,
baseline,4139,2,write,124.781,12558.137,139.924,
baseline,4140,0,read,304.704,3583.998,72.839,
baseline,4141,1,read,152.974,5808.157,95.982,
baseline,4142,2,read,156.469,4730.921,559.481,
baseline,4143,0,read,136.002,7859.355,96.313,
baseline,4144,1,read,241.848,5676.373,1411.178,
baseline,4145,2,read,128.278,7707.605,186.53,
baseline,4146,0,read,143.546,10149.487,156.785,
baseline,4147,1,write,114.442,24086.348,111.07,
baseline,4148,2,write,198.257,16276.604,3103.643,
baseline,4149,0,write,111.126,17792.562,99.118,
baseline,4150,1,read,102.801,6173.803,349.492,
baseline,4151,2,read,114.04,7748.32,335.216,
baseline,4152,0,read,146.981,15121.254,54.035,
baseline,4153,1,read,196.425,36713.444,1764.742,
baseline,4154,2,read,440.916,44495.324,2205.169,
baseline,4155,0,read,168.502,34326.262,99.649,
baseline,4156,1,read,393.529,15245.214,9748.088,
baseline,4157,2,write,417.042,20799.942,167.314,
baseline,4158,0,write,734.891,17122.952,445.409,
baseline,4159,1,write,107.559,11630.539,72.418,
baseline,4160,2,read,94.876,6071.485,111.37,
baseline,4161,0,read,130.902,5842.57,400.967,
baseline,4162,1,read,134.449,5228.594,150.312,
baseline,4163,2,read,108.631,8248.957,96.202,
baseline,4164,0,read,155.889,3511.374,578.345,
baseline,4165,1,read,118.609,6057.197,97.315,
baseline,4166,2,read,146.773,6753.679,1529.446,
baseline,4167,0,write,146.142,11568.206,110.498,
baseline,4168,1,write,108.682,14926.674,140.404,
baseline,4169,2,write,156.37,14904.684,281.265,
baseline,4170,0,read,91.349,6464.322,162.615,
baseline,4171,1,read,95.126,5181.907,132.319,
baseline,4172,2,read,137.935,5864.34,92.025,
baseline,4173,0,read,106.757,6842.151,153.519,
baseline,4174,1,read,130.983,7435.802,648.835,
baseline,4175,2,read,576.056,6165.279,96.012,
baseline,4176,0,read,138.366,6958.687,123.944,
baseline,4177,1,write,144.799,16145.733,116.429,
baseline,4178,2,write,174.733,9427.19,501.062,
baseline,4179,0,write,89.035,7637.314,28.958,
baseline,4180,1,read,102.519,6924.864,71.427,
baseline,4181,2,read,133.588,5990.445,245.258,
baseline,4182,0,read,149.358,4280.318,172.453,
baseline,4183,1,read,122.237,5703.754,101.762,
baseline,4184,2,read,116.616,5656.996,102.254,
baseline,4185,0,read,106.417,4455.392,94.349,
baseline,4186,1,read,124.661,5124.421,105.77,
baseline,4187,2,write,168.872,10759.427,135.215,
baseline,4188,0,write,114.051,10889.327,314.688,
baseline,4189,1,write,254.191,11640.608,221.424,
baseline,4190,2,read,114.933,5408.586,86.014,
baseline,4191,0,read,117.428,5710.276,102.474,
baseline,4192,1,read,128.578,4852.967,290.523,
baseline,4193,2,read,130.332,5562.102,263.893,
baseline,4194,0,read,110.394,10028.333,108.686,
baseline,4195,1,read,123.779,9257.174,634.951,
baseline,4196,2,read,166.568,11698.035,104.408,
baseline,4197,0,write,116.235,12704.188,105.92,
baseline,4198,1,write,133.969,11636.642,230.38,
baseline,4199,2,write,107.178,12781.661,119.887,
baseline,4200,0,read,194.942,4516.305,152.366,
baseline,4201,1,read,116.665,5247.098,259.365,
baseline,4202,2,read,116.436,4997.194,106.592,
baseline,4203,0,read,123.79,7383.224,247.302,
baseline,4204,1,read,123.61,6875.654,131.648,
baseline,4205,2,read,119.261,5635.387,74.382,
baseline,4206,0,read,117.779,6221.343,297.405,
baseline,4207,1,write,151.381,9583.77,235.46,
baseline,4208,2,write,126.785,16280.772,166.042,
baseline,4209,0,write,124.009,19311.053,159.781,
baseline,4210,1,read,833.914,7617.367,684.893,
baseline,4211,2,read,68.055,5337.184,75.615,
baseline,4212,0,read,107.769,4789.741,102.114,
baseline,4213,1,read,126.865,5707.952,97.495,
baseline,4214,2,read,132.615,4117.906,101.663,
baseline,4215,0,read,126.515,8104.8,116.27,
baseline,4216,1,read,162.41,6612.997,242.434,
baseline,4217,2,write,151.911,15339.349,166.312,
baseline,4218,0,write,163.392,13090.323,148.55,
baseline,4219,1,write,223.904,9656.473,601.529,
baseline,4220,2,read,90.838,6910.899,92.616,
baseline,4221,0,read,108.411,5318.33,96.363,
baseline,4222,1,read,128.117,4461.313,217.888,
baseline,4223,2,read,128.438,4869.659,153.098,
baseline,4224,0,read,90.388,4171.716,94.56,
baseline,4225,1,read,108.751,5982.931,106.562,
baseline,4226,2,read,141.272,6538.179,106.532,
baseline,4227,0,write,145.751,13518.938,138.541,
baseline,4228,1,write,130.782,10154.916,121.35,
baseline,4229,2,write,103.071,7479.813,102.184,
baseline,4230,0,read,74.168,3105.061,93.127,
baseline,4231,1,read,122.668,4760.046,132.039,
baseline,4232,2,read,116.316,4574.884,113.524,
baseline,4233,0,read,113.941,6424.739,97.285,
baseline,4234,1,read,134.178,6508.263,112.213,
baseline,4235,2,read,110.564,6388.671,120.889,
baseline,4236,0,read,131.734,5682.554,503.888,
baseline,4237,1,write,132.455,16064.462,131.468,
baseline,4238,2,write,243.501,12462.099,183.355,
baseline,4239,0,write,115.234,14069.928,117.442,
baseline,4240,1,read,107.199,4124.829,91.935,
baseline,4241,2,read,140.57,6594.673,109.989,
baseline,4242,0,read,117.978,5001.903,120.288,
baseline,4243,1,read,139.589,6539.572,101.051,
baseline,4244,2,read,139.519,5374.153,193.463,
baseline,4245,0,read,142.304,8203.533,37.705,
baseline,4246,1,read,126.525,9171.407,118.684,
baseline,4247,2,write,109.674,8581.633,146.696,
baseline,4248,0,write,93.172,19508.469,767.577,
baseline,4249,1,write,124.039,21685.41,114.267,
baseline,4250,2,read,92.331,14788.819,89.851,
baseline,4251,0,read,116.736,10675.19,281.757,
baseline,4252,1,read,113.671,6356.001,105.29,
baseline,4253,2,read,222.651,13605.106,363.048,
baseline,4254,0,read,102.98,8295.534,115.148,
baseline,4255,1,read,189.199,11945.462,302.155,
baseline,4256,2,read,188.619,6591.016,35.621,
baseline,4257,0,write,109.343,15584.623,104.378,
baseline,4258,1,write,474.109,21319.996,246.781,
baseline,4259,2,write,422.933,21154.508,204.584,
baseline,4260,0,read,199.049,6175.417,552.638,
baseline,4261,1,read,73.095,4876.501,1407.652,
baseline,4262,2,read,117.377,5919.092,84.191,
baseline,4263,0,read,103.521,8427.157,101.834,
baseline,4264,1,read,492.633,11308.404,58.974,
baseline,4265,2,read,122.567,23446.534,124.625,
baseline,4266,0,read,104.233,30663.539,90.983,
baseline,4267,1,write,447.057,34845.363,133.292,
baseline,4268,2,write,141.041,33428.97,284.442,
baseline,4269,0,write,444.523,22113.004,41.652,
baseline,4270,1,read,637.16,7884.071,944.114,
baseline,4271,2,read,695.739,11144.42,225.943,
baseline,4272,0,read,313.872,6538.139,292.997,
baseline,4273,1,read,672.105,7330.086,1518.366,
baseline,4274,2,read,109.193,10536.335,218.639,
baseline,4275,0,read,100.014,5143.865,198.353,
baseline,4276,1,read,100.436,4650.593,145.354,
baseline,4277,2,write,139.328,41440.379,93.127,
baseline,4278,0,write,349.556,32681.916,632.447,
baseline,4279,1,write,123.298,24278.244,1337.031,
baseline,4280,2,read,756.932,7272.228,105.38,
baseline,4281,0,read,107.168,5173.752,39.438,
baseline,4282,1,read,105.024,6725.946,75.886,
baseline,4283,2,read,118.259,10646.808,304.249,
baseline,4284,0,read,422.623,14103.419,712.224,
baseline,4285,1,read,107.85,13348.702,1703.139,
baseline,4286,2,read,133.508,10948.066,140.906,
baseline,4287,0,write,145.279,19136.941,141.447,
baseline,4288,1,write,105.014,17860.308,254.977,
baseline,4289,2,write,123.028,24266.743,122.752,
baseline,4290,0,read,109.774,10938.76,183.294,
baseline,4291,1,read,413.696,9173.129,187.362,
baseline,4292,2,read,67.264,7236.251,122.182,
baseline,4293,0,read,84.878,8021.606,9.723,
baseline,4294,1,read,184.351,9311.484,30.552,
baseline,4295,2,read,78.727,8519.499,141.286,
baseline,4296,0,read,124.761,13183.385,154.932,
baseline,4297,1,write,147.071,16612.065,108.256,
baseline,4298,2,write,179.252,20622.282,429.03,
baseline,4299,0,write,207.926,15912.47,4172.793,
baseline,4300,1,read,123.278,7734.375,477.549,
baseline,4301,2,read,82.032,8500.954,101.102,
baseline,4302,0,read,96.529,6988.402,826.426,
baseline,4303,1,read,125.152,7682.038,586.431,
baseline,4304,2,read,108.632,8311.113,218.97,
baseline,4305,0,read,115.013,9031.316,263.253,
baseline,4306,1,read,116.836,15256.525,223.97,
baseline,4307,2,write,174.584,29154.405,1452.234,
baseline,4308,0,write,115.294,23689.934,196.008,
baseline,4309,1,write,758.535,18327.853,3146.182,
baseline,4310,2,read,107.138,6800.324,216.857,
baseline,4311,0,read,70.011,7664.164,797.892,
baseline,4312,1,read,101.438,8282.089,145.755,
baseline,4313,2,read,105.254,4972.939,403.463,
baseline,4314,0,read,120.102,10975.566,118.445,
baseline,4315,1,read,106.347,10513.762,509.238,
baseline,4316,2,read,127.896,8253.474,1098.36,
baseline,4317,0,write,399.77,16985.447,27.376,
baseline,4318,1,write,1232.804,18911.344,225.783,
baseline,4319,2,write,119.031,28994.047,227.135,
baseline,4320,0,read,76.642,11125.804,151.306,
baseline,4321,1,read,93.252,11889.349,89.792,
baseline,4322,2,read,88.324,8092.407,21.735,
baseline,4323,0,read,153.263,5946.363,100.732,
baseline,4324,1,read,90.348,7309.327,45.209,
baseline,4325,2,read,146.711,8004.223,277.169,
baseline,4326,0,read,472.174,14487.11,364.26,
baseline,4327,1,write,222.392,12810.836,247.383,
baseline,4328,2,write,109.222,12777.624,370.231,
baseline,4329,0,write,139.227,23426.436,91.625,
baseline,4330,1,read,149.457,5543.497,122.051,
baseline,4331,2,read,115.353,4586.905,169.059,
baseline,4332,0,read,107.058,10548.556,1143.493,
baseline,4333,1,read,127.155,11275.472,155.133,
baseline,4334,2,read,113.941,8144.685,118.845,
baseline,4335,0,read,94.654,7185.597,109.729,
baseline,4336,1,read,97.241,12129.795,108.606,
baseline,4337,2,write,451.215,20326.715,1830.235,
baseline,4338,0,write,296.219,14632.069,414.122,
baseline,4339,1,write,315.223,10765.317,300.883,
baseline,4340,2,read,122.116,6739.45,717.515,
baseline,4341,0,read,101.639,6543.239,106.993,
baseline,4342,1,read,128.217,10645.906,108.166,
baseline,4343,2,read,90.528,6203.319,745.586,
baseline,4344,0,read,93.213,5591.336,156.194,
baseline,4345,1,read,305.155,5878.858,143.461,
baseline,4346,2,read,335.371,10229.966,259.105,
baseline,4347,0,write,144.628,15383.149,148.561,
baseline,4348,1,write,175.285,19460.601,238.627,
baseline,4349,2,write,139.349,22094.74,125.347,
baseline,4350,0,read,295.107,11251.338,40.971,
baseline,4351,1,read,118.148,6413.357,355.805,
baseline,4352,2,read,144.838,7971.322,101.283,
baseline,4353,0,read,104.493,12813.169,129.826,
baseline,4354,1,read,88.664,8515.59,363.599,
baseline,4355,2,read,151.431,7808.381,323.995,
baseline,4356,0,read,104.294,8193.596,364.209,
baseline,4357,1,write,124.04,15874.28,127.2,
baseline,4358,2,write,206.793,17145.282,772.687,
baseline,4359,0,write,800.092,16295.219,516.251,
baseline,4360,1,read,628.795,10093.463,133.713,
baseline,4361,2,read,107.089,7313.175,124.065,
baseline,4362,0,read,92.581,6802.728,106.573,
baseline,4363,1,read,118.339,7054.835,347.359,
baseline,4364,2,read,113.651,4858.168,89.11,
baseline,4365,0,read,105.986,11783.493,364.18,
baseline,4366,1,read,94.234,6419.208,33.047,
baseline,4367,2,write,142.303,12090.762,359.271,
baseline,4368,0,write,103.262,16482.055,122.542,
baseline,4369,1,write,149.246,15074.288,238.126,
baseline,4370,2,read,101.147,11094.647,104.499,
baseline,4371,0,read,139.76,9043.178,97.816,
baseline,4372,1,read,130.831,6390.755,171.123,
baseline,4373,2,read,159.766,7313.404,190.699,
baseline,4374,0,read,266.444,8060.498,111.181,
baseline,4375,1,read,136.523,7559.782,111.401,
baseline,4376,2,read,139.008,8351.838,413.641,
baseline,4377,0,write,87.192,10607.115,272.429,
baseline,4378,1,write,118.429,12177.192,96.725,
baseline,4379,2,write,91.47,10052.798,61.669,
baseline,4380,0,read,83.595,4520.613,106.592,
baseline,4381,1,read,106.477,6219.649,168.197,
baseline,4382,2,read,107.228,7690.803,91.365,
baseline,4383,0,read,135.83,6764.177,157.558,
baseline,4384,1,read,128.968,8356.096,102.866,
baseline,4385,2,read,123.198,7865.346,110.571,
baseline,4386,0,read,136.333,6302.422,105.29,
baseline,4387,1,write,164.104,13675.707,210.776,
baseline,4388,2,write,127.677,16493.626,159.06,
baseline,4389,0,write,184.001,64265.35,109.137,
baseline,4390,1,read,114.171,9493.331,213.16,
baseline,4391,2,read,86.42,45556.24,162.336,
baseline,4392,0,read,105.445,34946.37,104.008,
baseline,4393,1,read,161.61,24315.653,630.423,
baseline,4394,2,read,112.698,14877.033,77.519,
baseline,4395,0,read,121.636,7340.395,562.637,
baseline,4396,1,read,136.793,8051.772,122.753,
baseline,4397,2,write,141.282,17437.514,293.409,
baseline,4398,0,write,134.128,12976.122,110.911,
baseline,4399,1,write,142.955,12084.811,126.219,
baseline,4400,2,read,119.311,5747.574,120.409,
baseline,4401,0,read,244.142,5737.415,117.493,
baseline,4402,1,read,127.957,6653.482,172.535,
baseline,4403,2,read,130.471,6626.522,107.074,
baseline,4404,0,read,112.679,5045.744,109.959,
baseline,4405,1,read,136.804,6791.408,100.471,
baseline,4406,2,read,266.173,9862.585,151.967,
baseline,4407,0,write,126.444,13953.312,164.951,
baseline,4408,1,write,384.352,10398.508,167.516,
baseline,4409,2,write,123.239,16762.744,150.905,
baseline,4410,0,read,106.798,7356.804,100.111,
baseline,4411,1,read,120.654,5367.13,128.413,
baseline,4412,2,read,114.081,7677.628,105.832,
baseline,4413,0,read,196.413,5926.275,162.747,
baseline,4414,1,read,112.167,6773.314,754.793,
baseline,4415,2,read,92.271,6200.714,133.312,
baseline,4416,0,read,121.405,4726.002,108.988,
baseline,4417,1,write,98.924,12910.47,138.802,
baseline,4418,2,write,147.783,8780.251,200.968,
baseline,4419,0,write,115.163,14837.709,81.086,
baseline,4420,1,read,108.852,7040.869,842.676,
baseline,4421,2,read,107.268,7444.848,947.851,
baseline,4422,0,read,89.787,10504.675,281.677,
baseline,4423,1,read,83.826,3032.396,285.143,
baseline,4424,2,read,106.547,8269.915,112.364,
baseline,4425,0,read,87.111,3212.129,80.615,
baseline,4426,1,read,107.018,5970.387,85.013,
baseline,4427,2,write,978.572,11084.268,98.548,
baseline,4428,0,write,110.384,13821.668,392.883,
baseline,4429,1,write,129.821,7820.755,134.915,
baseline,4430,2,read,124.961,6790.195,126.36,
baseline,4431,0,read,151.662,4494.023,50.559,
baseline,4432,1,read,114.072,5028.563,1029.502,
baseline,4433,2,read,83.375,3390.429,98.107,
baseline,4434,0,read,121.545,4258.758,556.806,
baseline,4435,1,read,101.338,4605.038,130.347,
baseline,4436,2,read,135.692,5329.821,126.82,
baseline,4437,0,write,130.581,12482.157,103.307,
baseline,4438,1,write,159.987,9653.238,117.182,
baseline,4439,2,write,136.453,11865.895,103.898,
baseline,4440,0,read,128.868,4392.254,25.693,
baseline,4441,1,read,101.108,4045.733,171.703,
baseline,4442,2,read,117.898,4262.985,121.691,
baseline,4443,0,read,99.655,4261.443,126.479,
baseline,4444,1,read,120.523,5878.167,105.381,
baseline,4445,2,read,112.91,7040.429,274.994,
baseline,4446,0,read,109.183,8045.43,219.021,
baseline,4447,1,write,164.314,17864.746,151.155,
baseline,4448,2,write,135.151,14618.563,103.567,
baseline,4449,0,write,128.398,12552.077,81.376,
baseline,4450,1,read,79.728,5382.088,207.309,
baseline,4451,2,read,104.132,4740.008,127.322,
baseline,4452,0,read,99.715,7195.958,150.694,
baseline,4453,1,read,142.643,4864.829,232.306,
baseline,4454,2,read,112.778,6936.296,216.527,
baseline,4455,0,read,102.339,5160.466,103.027,
baseline,4456,1,read,112.859,4948.073,250.079,
baseline,4457,2,write,293.032,13907.888,670.317,
baseline,4458,0,write,170.135,10020.108,117.393,
baseline,4459,1,write,95.146,10705.557,196.249,
baseline,4460,2,read,110.254,6481.574,86.215,
baseline,4461,0,read,140.019,4991.022,464.727,
baseline,4462,1,read,113.65,4546.029,59.606,
baseline,4463,2,read,122.687,8509.64,278.271,
baseline,4464,0,read,94.586,6228.806,79.793,
baseline,4465,1,read,108.611,4816.49,83.681,
baseline,4466,2,read,104.704,5166.859,78.03,
baseline,4467,0,write,347.003,12196.388,119.156,
baseline,4468,1,write,142.222,10158.573,134.175,
baseline,4469,2,write,135.301,9798.086,90.333,
baseline,4470,0,read,76.06,4503.019,194.316,
baseline,4471,1,read,113.33,4937.364,137.971,
baseline,4472,2,read,131.363,5650.674,112.815,
baseline,4473,0,read,91.81,6532.889,134.655,
baseline,4474,1,read,87.502,4284.205,74.674,
baseline,4475,2,read,119.982,3731.52,107.605,
baseline,4476,0,read,96.078,6931.819,109.548,
baseline,4477,1,write,424.697,6846.299,365.142,
baseline,4478,2,write,116.786,9867.094,106.793,
baseline,4479,0,write,89.446,6736.717,134.394,
baseline,4480,1,read,93.444,5264.049,104.108,
baseline,4481,2,read,109.944,3460.539,362.146,
baseline,4482,0,read,76.241,3723.556,113.596,
baseline,4483,1,read,113.63,6911.801,168.999,
baseline,4484,2,read,219.337,5313.571,337.881,
baseline,4485,0,read,117.107,7003.822,108.426,
baseline,4486,1,read,146.301,6442.432,135.807,
baseline,4487,2,write,178.209,10740.261,158.61,
baseline,4488,0,write,135.07,16471.636,207.63,
baseline,4489,1,write,140.892,16202.738,672.831,
baseline,4490,2,read,99.475,9047.777,57.632,
baseline,4491,0,read,77.062,5966.93,103.598,
baseline,4492,1,read,139.337,11227.352,127.182,
baseline,4493,2,read,296.789,14924.239,687.199,
baseline,4494,0,read,104.805,6498.075,82.548,
baseline,4495,1,read,237.62,9491.098,279.263,
baseline,4496,2,read,130.922,7709.678,95.623,
baseline,4497,0,write,154.426,20045.564,96.805,
baseline,4498,1,write,150.098,15565.066,304.169,
baseline,4499,2,write,383.48,19077.992,606.399,
baseline,4500,0,read,68.256,5211.792,3751.544,
baseline,4501,1,read,68.307,4691.58,85.293,
baseline,4502,2,read,140.339,6406.224,139.835,
baseline,4503,0,read,85.819,6645.698,135.877,
baseline,4504,1,read,124.611,7304.358,167.516,
baseline,4505,2,read,114.602,5569.756,342.47,
baseline,4506,0,read,138.766,6468.129,120.95,
baseline,4507,1,write,159.305,11897.935,111.893,
baseline,4508,2,write,128.678,13725.199,112.494,
baseline,4509,0,write,178.921,13804.626,75.486,
baseline,4510,1,read,91.36,6544.901,98.388,
baseline,4511,2,read,120.413,5210.59,92.527,
baseline,4512,0,read,127.346,3919.86,84.041,
baseline,4513,1,read,115.865,5272.946,119.697,
baseline,4514,2,read,148.005,6880.574,108.917,
baseline,4515,0,read,149.067,5764.827,247.854,
baseline,4516,1,read,127.025,4270.169,176.272,
baseline,4517,2,write,146.031,9496.849,190.909,
baseline,4518,0,write,126.794,5263.017,98.769,
baseline,4519,1,write,136.773,13834.211,117.283,
baseline,4520,2,read,115.063,5228.985,268.172,
baseline,4521,0,read,121.575,6728.13,100.732,
baseline,4522,1,read,114.873,8086.366,96.224,
baseline,4523,2,read,134.469,3262.382,114.067,
baseline,4524,0,read,109.764,6198.289,100.161,
baseline,4525,1,read,99.834,5249.832,102.145,
baseline,4526,2,read,121.986,5319.262,117.493,
baseline,4527,0,write,166.499,9903.19,176.342,
baseline,4528,1,write,222.512,12893.128,134.655,
baseline,4529,2,write,146.332,12156.024,112.253,
baseline,4530,0,read,80.87,6344.059,427.387,
baseline,4531,1,read,230.557,6401.956,96.815,
baseline,4532,2,read,116.024,4510.854,90.163,
baseline,4533,0,read,117.287,6584.584,305.442,
baseline,4534,1,read,147.142,5853.31,13.912,
baseline,4535,2,read,122.126,4985.653,116.742,
baseline,4536,0,read,117.778,8090.955,163.268,
baseline,4537,1,write,120.433,16217.004,129.606,
baseline,4538,2,write,160.767,13699.761,202.501,
baseline,4539,0,write,102.881,11260.345,233.898,
baseline,4540,1,read,86.591,5931.425,122.623,
baseline,4541,2,read,130.091,8057.924,120.599,
baseline,4542,0,read,100.857,6122.709,95.503,
baseline,4543,1,read,90.698,8303.308,178.917,
baseline,4544,2,read,145.659,7391.759,239.72,
baseline,4545,0,read,94.395,6154.818,123.144,
baseline,4546,1,read,139.599,6335.724,83.13,
baseline,4547,2,write,144.768,17237.504,194.105,
baseline,4548,0,write,169.894,8797.302,334.125,
baseline,4549,1,write,130.272,11525.836,114.027,
baseline,4550,2,read,115.403,4915.904,116.161,
baseline,4551,0,read,126.334,6903.675,104.52,
baseline,4552,1,read,130.331,6548.918,106.473,
baseline,4553,2,read,125.923,3653.506,97.076,
baseline,4554,0,read,119.07,4166.035,100.472,
baseline,4555,1,read,116.246,5453.48,99.179,
baseline,4556,2,read,132.376,6745.984,94.14,
baseline,4557,0,write,144.338,16434.367,857.924,
baseline,4558,1,write,160.118,11153.517,237.515,
baseline,4559,2,write,109.263,10885.611,167.766,
baseline,4560,0,read,138.777,5973.242,229.411,
baseline,4561,1,read,149.047,5821.783,202.51,
baseline,4562,2,read,106.017,4590.933,139.854,
baseline,4563,0,read,96.639,8381.232,84.252,
baseline,4564,1,read,117.958,6415.632,17.468,
baseline,4565,2,read,140.199,6899.628,7.981,
baseline,4566,0,read,113.06,10577.73,708.137,
baseline,4567,1,write,180.454,18943.382,200.207,
baseline,4568,2,write,301.979,11023.515,589.608,
baseline,4569,0,write,110.394,11275.452,144.684,
baseline,4570,1,read,90.177,4348.894,386.381,
baseline,4571,2,read,111.245,12648.053,98.699,
baseline,4572,0,read,98.362,5529.971,2050.984,
baseline,4573,1,read,114.592,12453.104,762.297,
baseline,4574,2,read,177.118,5878.879,82.648,
baseline,4575,0,read,87.371,10907.71,96.515,
baseline,4576,1,read,140.47,95195.342,141.808,
baseline,4577,2,write,16422.755,58158.76,6892.06,
baseline,4578,0,write,7728.804,41605.664,13410.171,
baseline,4579,1,write,104.964,66979.086,11180.001,
baseline,4580,2,read,3061.36,33776.244,1287.54,
baseline,4581,0,read,4322.195,52593.754,79.813,
baseline,4582,1,read,107.609,30360.959,129.556,
baseline,4583,2,read,1011.112,5676.483,1916.195,
baseline,4584,0,read,75.91,21273.369,201.529,
baseline,4585,1,read,103.761,9523.167,273.012,
baseline,4586,2,read,351.842,4997.205,397.822,
baseline,4587,0,write,182.669,13983.628,87.458,
baseline,4588,1,write,142.555,14530.611,212.699,
baseline,4589,2,write,171.718,13891.207,117.363,
baseline,4590,0,read,392.698,8260.178,167.746,
baseline,4591,1,read,161.409,22234.89,245.821,
baseline,4592,2,read,161.209,22511.692,327.041,
baseline,4593,0,read,12453.273,18213.431,1495.245,
baseline,4594,1,read,577.57,5290.008,3973.564,
baseline,4595,2,read,1281.574,9780.594,297.807,
baseline,4596,0,read,98.944,10165.677,93.278,
baseline,4597,1,write,110.915,30119.982,346.247,
baseline,4598,2,write,135.991,58331.079,371.554,
baseline,4599,0,write,1654.855,56694.698,277.73,
baseline,4600,1,read,94.344,42702.204,772.206,
baseline,4601,2,read,230.337,32985.941,473.081,
baseline,4602,0,read,125.833,30190.913,904.832,
baseline,4603,1,read,106.247,17635.851,1952.963,
baseline,4604,2,read,77.855,13111.984,140.946,
baseline,4605,0,read,80.048,15139.968,1555.908,
baseline,4606,1,read,2800.046,20850.195,14.282,
baseline,4607,2,write,206.944,51744.141,4254.705,
baseline,4608,0,write,653.049,52464.584,1959.495,
baseline,4609,1,write,308.151,65375.005,6598.756,
baseline,4610,2,read,156.43,31524.203,2619.016,
baseline,4611,0,read,365.146,36565.85,7549.247,
baseline,4612,1,read,167.63,23363.249,6235.093,
baseline,4613,2,read,109.784,26996.579,2663.117,
baseline,4614,0,read,100.567,16217.035,109.628,
baseline,4615,1,read,87.092,9965.486,2031.127,
baseline,4616,2,read,89.216,3351.146,90.834,
baseline,4617,0,write,126.594,58669.947,252.413,
baseline,4618,1,write,305.156,52369.098,202.721,
baseline,4619,2,write,143.956,37123.112,3335.563,
baseline,4620,0,read,131.093,17674.162,1901.006,
baseline,4621,1,read,660.012,17254.916,758.611,
baseline,4622,2,read,98.543,10109.693,221.596,
baseline,4623,0,read,92.291,6209.02,65.777,
baseline,4624,1,read,115.985,18275.105,110.791,
baseline,4625,2,read,183.5,13145.887,157.197,
baseline,4626,0,read,118.9,9420.076,139.514,
baseline,4627,1,write,138.768,21190.997,132.771,
baseline,4628,2,write,123.269,18561.356,236.984,
baseline,4629,0,write,120.222,11390.434,100.352,
baseline,4630,1,read,79.687,5305.716,103.788,
baseline,4631,2,read,124.41,13590.51,583.987,
baseline,4632,0,read,195.623,8825.115,139.404,
baseline,4633,1,read,89.065,8096.906,75.716,
baseline,4634,2,read,146.873,9243.821,90.623,
baseline,4635,0,read,124.781,10599.41,67.14,
baseline,4636,1,read,158.423,26129.411,702.758,
baseline,4637,2,write,576.128,24089.174,5274.273,
baseline,4638,0,write,1288.677,21669.863,1207.612,
baseline,4639,1,write,821.882,17643.717,953.251,
baseline,4640,2,read,58.679,4153.813,77.399,
baseline,4641,0,read,67.695,6226.291,105.592,
baseline,4642,1,read,83.024,6782.622,95.332,
baseline,4643,2,read,106.117,8346.348,34.209,
baseline,4644,0,read,76.451,4621.238,103.608,
baseline,4645,1,read,120.494,5739.81,102.315,
baseline,4646,2,read,109.633,4770.946,94.821,
baseline,4647,0,write,134.389,15059.129,122.503,
baseline,4648,1,write,124.771,11531.817,602.582,
baseline,4649,2,write,143.726,12429.62,240.862,
baseline,4650,0,read,127.416,5581.418,409.644,
baseline,4651,1,read,118.229,6128.771,103.447,
baseline,4652,2,read,123.929,5994.19,162.357,
baseline,4653,0,read,91.448,6111.959,363.149,
baseline,4654,1,read,206.572,6630.97,123.495,
baseline,4655,2,read,139.027,6679.891,484.644,
baseline,4656,0,read,102.108,7275.534,117.053,
baseline,4657,1,write,168.783,14023.031,154.852,
baseline,4658,2,write,147.313,17819.592,414.724,
baseline,4659,0,write,118.83,13284.673,129.566,
baseline,4660,1,read,79.357,4084.485,92.527,
baseline,4661,2,read,112.769,6203.69,228.779,
baseline,4662,0,read,114.723,5563.824,157.748,
baseline,4663,1,read,184.302,7707.104,226.285,
baseline,4664,2,read,98.081,7512.944,91.395,
baseline,4665,0,read,114.883,10157.302,474.695,
baseline,4666,1,read,121.435,9647.868,96.745,
baseline,4667,2,write,128.998,14530.46,279.714,
baseline,4668,0,write,360.098,8746.949,95.332,
baseline,4669,1,write,109.633,12232.665,88.069,
baseline,4670,2,read,126.594,11746.955,104.51,
baseline,4671,0,read,137.325,5173.782,321.391,
baseline,4672,1,read,96.7,7185.988,49.828,
baseline,4673,2,read,155.137,3808.913,208.693,
baseline,4674,0,read,83.875,6311.669,57.052,
baseline,4675,1,read,117.457,7942.269,102.646,
baseline,4676,2,read,120.152,5857.348,202.391,
baseline,4677,0,write,135.04,21939.332,315.611,
baseline,4678,1,write,167.34,19069.056,168.318,
baseline,4679,2,write,103.532,15721.997,92.487,
baseline,4680,0,read,77.854,7924.246,268.874,
baseline,4681,1,read,107.189,8288.41,631.536,
baseline,4682,2,read,101.729,4905.095,211.768,
baseline,4683,0,read,130.813,7892.387,314.538,
baseline,4684,1,read,134.268,7078.409,606.289,
baseline,4685,2,read,96.899,3733.975,347.56,
baseline,4686,0,read,106.427,8863.685,86.156,
baseline,4687,1,write,136.062,17284.041,93.008,
baseline,4688,2,write,148.846,13277.46,76.638,
baseline,4689,0,write,125.001,10174.553,93.199,
baseline,4690,1,read,141.232,8132.462,98.177,
baseline,4691,2,read,138.035,9528.596,23.941,
baseline,4692,0,read,280.49,10081.401,81.517,
baseline,4693,1,read,104.994,10571.619,95.002,
baseline,4694,2,read,343.585,10173.701,116.913,
baseline,4695,0,read,74.508,6629.978,128.284,
baseline,4696,1,read,105.596,6299.728,167.005,
baseline,4697,2,write,106.658,12841.633,192.362,
baseline,4698,0,write,380.164,15258.419,117.263,
baseline,4699,1,write,127.145,17375.619,139.625,
baseline,4700,2,read,91.931,6114.134,112.103,
baseline,4701,0,read,113.421,4233.732,164.39,
baseline,4702,1,read,109.803,7349.761,257.173,
baseline,4703,2,read,130.903,5894.938,263.935,
baseline,4704,0,read,412.654,12241.591,398.815,
baseline,4705,1,read,113.24,5959.667,137.721,
baseline,4706,2,read,103.782,11526.547,85.805,
baseline,4707,0,write,224.046,14789.641,115.139,
baseline,4708,1,write,173.331,18572.576,230.473,
baseline,4709,2,write,129.971,13282.96,127.753,
baseline,4710,0,read,59.971,4365.395,312.435,
baseline,4711,1,read,103.743,7307.484,97.747,
baseline,4712,2,read,539.97,8259.206,162.928,
baseline,4713,0,read,96.209,5550.01,213.992,
baseline,4714,1,read,100.967,5281.241,266.229,
baseline,4715,2,read,86.781,5294.546,79.153,
baseline,4716,0,read,94.305,5298.092,325.669,
baseline,4717,1,write,99.744,18371.104,94.471,
baseline,4718,2,write,172.239,17900.242,308.998,
baseline,4719,0,write,109.364,10815.3,164.28,
baseline,4720,1,read,285.499,3259.567,102.917,
baseline,4721,2,read,106.268,7208.741,103.387,
baseline,4722,0,read,88.784,4168.981,232.658,
baseline,4723,1,read,84.236,6874.501,123.265,
baseline,4724,2,read,115.434,6328.46,237.376,
baseline,4725,0,read,93.964,4672.343,87.278,
baseline,4726,1,read,120.794,8053.936,150.285,
baseline,4727,2,write,135.521,14356.378,341.268,
baseline,4728,0,write,119.272,12084.972,96.755,
baseline,4729,1,write,163.373,9669.398,66.459,
baseline,4730,2,read,109.983,10616.281,119.278,
baseline,4731,0,read,84.627,5752.654,91.576,
baseline,4732,1,read,104.082,7243.855,157.679,
baseline,4733,2,read,100.857,8656.802,93.219,
baseline,4734,0,read,134.319,6988.192,384.158,
baseline,4735,1,read,105.444,6386.988,80.997,
baseline,4736,2,read,86.0,5890.8,99.781,
baseline,4737,0,write,136.022,10245.794,114.99,
baseline,4738,1,write,131.845,14288.693,300.012,
baseline,4739,2,write,105.595,14550.216,116.473,
baseline,4740,0,read,73.406,5740.693,161.365,
baseline,4741,1,read,109.252,8621.477,223.11,
baseline,4742,2,read,93.504,5578.611,105.782,
baseline,4743,0,read,118.79,6341.385,106.734,
baseline,4744,1,read,106.849,10502.291,92.858,
baseline,4745,2,read,97.851,5048.049,425.855,
baseline,4746,0,read,135.381,13783.606,107.436,
baseline,4747,1,write,150.579,26467.488,155.514,
baseline,4748,2,write,101.748,27608.792,142.26,
baseline,4749,0,write,424.065,26317.71,187.985,
baseline,4750,1,read,379.864,8935.729,184.889,
baseline,4751,2,read,107.91,8561.406,1059.238,
baseline,4752,0,read,432.169,7196.418,127.443,
baseline,4753,1,read,123.89,9640.174,153.07,
baseline,4754,2,read,348.504,3930.348,336.791,
baseline,4755,0,read,103.862,5708.502,88.981,
baseline,4756,1,read,102.389,5123.86,101.484,
baseline,4757,2,write,136.773,13593.225,120.63,
baseline,4758,0,write,118.269,10366.498,193.936,
baseline,4759,1,write,90.167,7128.462,106.804,
baseline,4760,2,read,141.982,4995.461,114.149,
baseline,4761,0,read,134.038,7421.033,156.627,
baseline,4762,1,read,143.896,9681.009,90.775,
baseline,4763,2,read,93.753,8383.577,283.251,
baseline,4764,0,read,98.171,5814.728,100.143,
baseline,4765,1,read,138.467,9425.947,230.023,
baseline,4766,2,read,99.625,7129.174,109.529,
baseline,4767,0,write,139.728,7438.275,228.37,
baseline,4768,1,write,120.704,9677.082,156.346,
baseline,4769,2,write,120.152,8055.949,130.699,
baseline,4770,0,read,105.755,4733.537,94.111,
baseline,4771,1,read,149.037,7270.455,107.936,
baseline,4772,2,read,96.96,5830.939,96.425,
baseline,4773,0,read,463.869,6446.038,217.369,
baseline,4774,1,read,97.861,5905.527,82.139,
baseline,4775,2,read,128.728,7938.221,113.397,
baseline,4776,0,read,123.488,6506.079,94.332,
baseline,4777,1,write,148.174,8530.738,135.548,
baseline,4778,2,write,110.395,12557.958,128.464,
baseline,4779,0,write,116.868,11065.014,109.168,
baseline,4780,1,read,107.068,4960.426,90.865,
baseline,4781,2,read,159.927,9649.942,273.302,
baseline,4782,0,read,71.723,4994.369,94.762,
baseline,4783,1,read,96.098,6740.223,172.376,
baseline,4784,2,read,162.591,7105.157,326.833,
baseline,4785,0,read,143.805,6910.298,79.234,
baseline,4786,1,read,128.158,5290.399,144.243,
baseline,4787,2,write,175.735,14720.081,599.427,
baseline,4788,0,write,140.08,12247.072,607.932,
baseline,4789,1,write,166.388,14095.705,61.1,
baseline,4790,2,read,134.489,4865.341,88.25,
baseline,4791,0,read,131.193,10973.372,92.478,
baseline,4792,1,read,109.183,6312.33,813.373,
baseline,4793,2,read,185.964,5481.121,104.42,
baseline,4794,0,read,118.43,5549.529,116.712,
baseline,4795,1,read,105.856,12245.659,184.058,
baseline,4796,2,read,111.085,7481.225,103.669,
baseline,4797,0,write,194.339,18912.155,114.339,
baseline,4798,1,write,307.339,14287.991,177.616,
baseline,4799,2,write,68.817,8636.896,103.939,
baseline,4800,0,read,106.809,4693.694,318.466,
baseline,4801,1,read,81.351,4937.645,100.192,
baseline,4802,2,read,110.285,6012.396,768.61,
baseline,4803,0,read,224.797,7501.613,76.398,
baseline,4804,1,read,96.558,7044.507,114.91,
baseline,4805,2,read,103.642,7752.407,106.053,
baseline,4806,0,read,119.001,6395.956,98.559,
baseline,4807,1,write,183.37,15363.613,189.157,
baseline,4808,2,write,104.655,13021.777,113.486,
baseline,4809,0,write,117.898,17289.43,265.488,
baseline,4810,1,read,92.581,5135.471,109.219,
baseline,4811,2,read,97.16,9859.97,325.75,
baseline,4812,0,read,73.877,8293.921,96.355,
baseline,4813,1,read,95.497,7319.005,128.214,
baseline,4814,2,read,86.14,6457.278,83.692,
baseline,4815,0,read,87.552,5425.149,155.414,
baseline,4816,1,read,117.799,7588.945,256.261,
baseline,4817,2,write,133.296,13360.633,96.516,
baseline,4818,0,write,122.627,14966.046,236.285,
baseline,4819,1,write,361.008,11383.602,756.929,
baseline,4820,2,read,97.982,4137.002,119.578,
baseline,4821,0,read,109.683,8822.069,11.969,
baseline,4822,1,read,116.706,5926.566,98.149,
baseline,4823,2,read,116.686,5578.411,156.427,
baseline,4824,0,read,158.724,8227.107,179.96,
baseline,4825,1,read,87.813,7318.504,106.945,
baseline,4826,2,read,385.173,8449.508,425.295,
baseline,4827,0,write,128.027,21227.884,154.663,
baseline,4828,1,write,1047.349,15760.479,127.663,
baseline,4829,2,write,134.79,11747.657,124.107,
baseline,4830,0,read,78.765,5087.141,96.526,
baseline,4831,1,read,162.231,7955.313,347.27,
baseline,4832,2,read,92.231,4796.894,90.384,
baseline,4833,0,read,94.546,7244.177,120.42,
baseline,4834,1,read,131.795,9303.721,34.39,
baseline,4835,2,read,101.618,8365.042,88.521,
baseline,4836,0,read,88.694,6221.021,246.624,
baseline,4837,1,write,123.379,13848.588,107.386,
baseline,4838,2,write,128.628,17645.209,300.594,
baseline,4839,0,write,113.941,14085.827,130.378,
baseline,4840,1,read,95.898,6072.907,140.387,
baseline,4841,2,read,153.946,5371.167,240.632,
baseline,4842,0,read,86.71,10708.221,184.579,
baseline,4843,1,read,120.864,5484.748,119.338,
baseline,4844,2,read,102.099,5778.952,144.074,
baseline,4845,0,read,105.576,5703.933,189.438,
baseline,4846,1,read,261.794,6406.294,145.487,
baseline,4847,2,write,136.093,8817.219,239.31,
baseline,4848,0,write,68.728,14982.088,106.424,
baseline,4849,1,write,116.515,19978.64,541.18,
baseline,4850,2,read,103.461,9629.764,168.7,
baseline,4851,0,read,131.353,5823.566,1470.991,
baseline,4852,1,read,138.737,6006.384,177.676,
baseline,4853,2,read,107.609,11735.053,189.659,
baseline,4854,0,read,162.23,6844.837,351.919,
baseline,4855,1,read,111.036,8661.361,259.758,
baseline,4856,2,read,110.274,6089.157,182.154,
baseline,4857,0,write,164.775,28787.284,115.261,
baseline,4858,1,write,106.287,22899.651,910.854,
baseline,4859,2,write,121.876,15990.595,96.976,
baseline,4860,0,read,217.363,4965.336,85.395,
baseline,4861,1,read,99.475,13169.971,97.407,
baseline,4862,2,read,92.74,12021.242,87.53,
baseline,4863,0,read,379.753,8069.865,387.395,
baseline,4864,1,read,118.61,7600.165,673.134,
baseline,4865,2,read,150.509,8328.955,656.312,
baseline,4866,0,read,127.416,5114.713,130.669,
baseline,4867,1,write,116.947,12456.389,1833.052,
baseline,4868,2,write,95.036,18486.096,720.171,
baseline,4869,0,write,155.299,10461.976,101.705,
baseline,4870,1,read,117.728,3990.871,249.609,
baseline,4871,2,read,127.937,6965.74,151.838,
baseline,4872,0,read,132.604,7463.732,98.801,
baseline,4873,1,read,97.711,8479.585,160.073,
baseline,4874,2,read,90.708,5722.738,161.206,
baseline,4875,0,read,110.514,6563.925,112.516,
baseline,4876,1,read,98.322,6287.183,584.58,
baseline,4877,2,write,125.112,9368.28,139.536,
baseline,4878,0,write,155.308,13503.268,141.509,
baseline,4879,1,write,119.151,13908.238,95.845,
baseline,4880,2,read,506.969,6078.408,162.678,
baseline,4881,0,read,181.376,8218.17,192.053,
baseline,4882,1,read,84.537,5569.826,130.248,
baseline,4883,2,read,90.928,7408.631,74.706,
baseline,4884,0,read,93.974,6192.919,111.313,
baseline,4885,1,read,112.949,6929.653,107.797,
baseline,4886,2,read,525.623,9174.04,346.85,
baseline,4887,0,write,108.381,16461.407,102.477,
baseline,4888,1,write,112.688,9643.45,622.851,
baseline,4889,2,write,122.287,10143.547,105.312,
baseline,4890,0,read,85.849,6285.02,84.694,
baseline,4891,1,read,85.238,4720.623,152.379,
baseline,4892,2,read,93.974,4765.987,119.799,
baseline,4893,0,read,96.589,7847.714,99.181,
baseline,4894,1,read,143.906,8142.47,108.388,
baseline,4895,2,read,81.32,6612.887,409.456,
baseline,4896,0,read,123.369,9849.151,635.013,
baseline,4897,1,write,127.606,19126.783,118.256,
baseline,4898,2,write,130.903,12330.516,117.585,
baseline,4899,0,write,454.572,14671.833,377.496,
baseline,4900,1,read,106.097,13962.82,131.811,
baseline,4901,2,read,100.776,14286.939,102.207,
baseline,4902,0,read,1785.638,8980.502,100.373,
baseline,4903,1,read,153.364,12971.373,154.894,
baseline,4904,2,read,95.237,7438.637,68.433,
baseline,4905,0,read,93.744,9585.622,108.278,
baseline,4906,1,read,61.153,6732.919,102.808,
baseline,4907,2,write,127.025,22248.354,106.735,
baseline,4908,0,write,91.84,13548.601,182.446,
baseline,4909,1,write,282.093,16339.2,172.216,
baseline,4910,2,read,96.008,4307.488,859.198,
baseline,4911,0,read,87.222,4524.198,125.299,
baseline,4912,1,read,94.085,7329.475,105.422,
baseline,4913,2,read,82.623,8540.707,94.863,
baseline,4914,0,read,76.331,7632.465,9.695,
baseline,4915,1,read,141.052,7733.323,434.862,
baseline,4916,2,read,102.489,11349.178,1027.17,
baseline,4917,0,write,113.411,14944.277,168.388,
baseline,4918,1,write,134.78,15456.275,19.583,
baseline,4919,2,write,128.037,13484.133,333.725,
baseline,4920,0,read,85.379,7536.859,104.54,
baseline,4921,1,read,82.473,6734.663,196.971,
baseline,4922,2,read,200.881,7984.677,102.948,
baseline,4923,0,read,86.911,5417.484,267.432,
baseline,4924,1,read,80.248,6693.286,96.977,
baseline,4925,2,read,110.815,9349.335,99.291,
baseline,4926,0,read,70.49,7787.623,94.833,
baseline,4927,1,write,332.075,17143.21,92.738,
baseline,4928,2,write,104.634,12563.749,205.307,
baseline,4929,0,write,122.908,19804.979,185.26,
baseline,4930,1,read,91.82,6280.562,863.476,
baseline,4931,2,read,124.301,6313.503,100.002,
baseline,4932,0,read,93.723,6572.642,92.068,
baseline,4933,1,read,107.98,5010.059,100.233,
baseline,4934,2,read,115.744,6221.672,103.629,
baseline,4935,0,read,90.097,6721.719,142.751,
baseline,4936,1,read,141.542,6178.943,88.02,
baseline,4937,2,write,189.441,14750.979,161.536,
baseline,4938,0,write,150.228,13386.982,108.588,
baseline,4939,1,write,120.473,14603.947,491.798,
baseline,4940,2,read,76.863,5340.662,103.959,
baseline,4941,0,read,107.45,6309.166,162.307,
baseline,4942,1,read,106.036,5611.934,198.204,
baseline,4943,2,read,109.262,7722.632,109.741,
baseline,4944,0,read,120.733,6899.047,79.164,
baseline,4945,1,read,100.085,7158.668,113.307,
baseline,4946,2,read,81.651,6971.862,148.442,
baseline,4947,0,write,193.759,16806.185,37.897,
baseline,4948,1,write,120.683,11157.754,298.47,
baseline,4949,2,write,127.927,25455.082,121.763,
baseline,4950,0,read,94.706,11064.082,31.645,
baseline,4951,1,read,103.501,6207.035,126.973,
baseline,4952,2,read,84.646,8605.296,96.767,
baseline,4953,0,read,335.981,16152.003,118.016,
baseline,4954,1,read,93.343,11372.673,741.58,
baseline,4955,2,read,110.224,3965.424,260.61,
baseline,4956,0,read,90.728,10759.296,117.625,
baseline,4957,1,write,103.04,19162.078,92.629,
baseline,4958,2,write,120.723,20971.128,155.796,
baseline,4959,0,write,108.089,29202.142,224.063,
baseline,4960,1,read,118.108,13190.77,421.658,
baseline,4961,2,read,248.039,9634.944,207.582,
baseline,4962,0,read,76.652,5434.835,245.071,
baseline,4963,1,read,126.975,12058.383,171.985,
baseline,4964,2,read,116.095,8379.91,327.233,
baseline,4965,0,read,167.46,5679.579,197.012,
baseline,4966,1,read,315.354,5723.39,830.365,
baseline,4967,2,write,171.448,33765.614,198.384,
baseline,4968,0,write,101.749,36928.112,1188.768,
baseline,4969,1,write,103.782,34720.292,1300.305,
baseline,4970,2,read,101.427,18862.202,283.102,
baseline,4971,0,read,89.636,15213.946,336.711,
baseline,4972,1,read,90.808,7815.765,140.267,
baseline,4973,2,read,125.362,7955.884,97.628,
baseline,4974,0,read,371.129,9806.141,199.055,
baseline,4975,1,read,109.923,7125.717,148.743,
baseline,4976,2,read,121.074,7529.935,135.649,
baseline,4977,0,write,103.242,14478.304,137.752,
baseline,4978,1,write,104.574,24274.487,102.717,
baseline,4979,2,write,130.402,17865.196,734.177,
baseline,4980,0,read,169.574,7159.99,107.346,
baseline,4981,1,read,103.842,9782.807,150.206,
baseline,4982,2,read,88.013,5448.531,141.509,
baseline,4983,0,read,99.995,4693.292,189.849,
baseline,4984,1,read,172.189,6643.143,119.098,
baseline,4985,2,read,104.443,10902.2,125.831,
baseline,4986,0,read,243.941,8560.684,49.92,
baseline,4987,1,write,149.577,9989.421,114.72,
baseline,4988,2,write,91.999,12546.545,192.585,
baseline,4989,0,write,117.708,10280.97,92.138,
baseline,4990,1,read,107.298,4980.513,176.274,
baseline,4991,2,read,108.54,6592.849,103.65,
baseline,4992,0,read,79.899,4934.399,96.375,
baseline,4993,1,read,98.031,6469.301,95.735,
baseline,4994,2,read,119.331,11566.21,324.048,
baseline,4995,0,read,140.751,7558.028,407.432,
baseline,4996,1,read,100.998,13256.352,206.94,
baseline,4997,2,write,141.532,23673.794,138.804,
baseline,4998,0,write,131.494,46402.388,136.36,
baseline,4999,1,write,131.673,42112.161,292.169,
baseline,5000,2,read,253.349,40416.191,3139.832,
baseline,5001,0,read,259.591,31916.478,1632.261,
baseline,5002,1,read,488.705,15243.661,7330.664,
baseline,5003,2,read,105.525,12572.894,938.616,
baseline,5004,0,read,147.973,9150.937,2605.974,
baseline,5005,1,read,112.559,11177.161,621.959,
baseline,5006,2,read,161.799,8648.988,255.32,
baseline,5007,0,write,128.848,14146.81,135.358,
baseline,5008,1,write,146.651,15286.421,113.568,
baseline,5009,2,write,143.517,14596.683,71.78,
baseline,5010,0,read,86.811,4884.045,617.08,
baseline,5011,1,read,83.986,5802.987,96.736,
baseline,5012,2,read,95.026,5394.18,179.821,
baseline,5013,0,read,97.942,6250.206,125.87,
baseline,5014,1,read,78.074,3930.329,74.175,
baseline,5015,2,read,162.191,8264.116,89.172,
baseline,5016,0,read,106.036,10501.829,540.569,
baseline,5017,1,write,160.287,20364.887,111.283,
baseline,5018,2,write,218.455,19301.277,300.764,
baseline,5019,0,write,118.951,18827.84,106.975,
baseline,5020,1,read,116.475,8224.441,113.779,
baseline,5021,2,read,428.033,8357.578,213.753,
baseline,5022,0,read,70.722,9757.451,38.308,
baseline,5023,1,read,84.767,8082.659,264.487,
baseline,5024,2,read,147.543,10952.013,421.879,
baseline,5025,0,read,95.087,9206.241,116.382,
baseline,5026,1,read,105.795,5673.227,96.647,
baseline,5027,2,write,154.275,57402.539,273.284,
baseline,5028,0,write,173.492,51685.161,368.169,
baseline,5029,1,write,132.395,44256.572,85.917,
baseline,5030,2,read,200.962,22761.104,3442.723,
baseline,5031,0,read,84.476,21012.846,604.577,
baseline,5032,1,read,743.497,12107.122,878.113,
baseline,5033,2,read,151.891,7833.669,641.194,
baseline,5034,0,read,444.953,7055.937,127.103,
baseline,5035,1,read,113.48,8598.844,107.226,
baseline,5036,2,read,112.858,21745.111,191.923,
baseline,5037,0,write,119.942,15816.071,799.548,
baseline,5038,1,write,126.664,9100.433,372.758,
baseline,5039,2,write,95.066,11388.252,187.494,
baseline,5040,0,read,121.855,4567.8,129.036,
baseline,5041,1,read,115.684,10770.808,101.936,
baseline,5042,2,read,99.164,7068.06,794.037,
baseline,5043,0,read,93.333,4787.616,146.068,
baseline,5044,1,read,114.321,7898.016,98.3,
baseline,5045,2,read,88.263,5136.653,45.351,
baseline,5046,0,read,192.788,6325.786,111.894,
baseline,5047,1,write,153.545,14271.551,117.504,
baseline,5048,2,write,125.262,9441.014,206.68,
baseline,5049,0,write,95.707,10678.327,114.94,
baseline,5050,1,read,105.575,6421.472,120.13,
baseline,5051,2,read,90.738,3924.548,90.746,
baseline,5052,0,read,116.044,6343.908,436.436,
baseline,5053,1,read,135.761,6866.417,155.295,
baseline,5054,2,read,123.9,3718.818,351.358,
baseline,5055,0,read,115.614,5912.03,105.352,
baseline,5056,1,read,90.377,5347.274,102.076,
baseline,5057,2,write,121.605,13450.17,140.147,
baseline,5058,0,write,127.897,13625.103,112.776,
baseline,5059,1,write,89.536,10735.433,135.658,
baseline,5060,2,read,76.872,5050.483,114.72,
baseline,5061,0,read,107.279,9761.839,131.521,
baseline,5062,1,read,87.02,7422.676,126.482,
baseline,5063,2,read,118.42,9390.973,520.641,
baseline,5064,0,read,50.654,7732.149,97.498,
baseline,5065,1,read,117.508,5727.347,106.274,
baseline,5066,2,read,84.417,4597.515,104.01,
baseline,5067,0,write,98.453,10000.732,308.819,
baseline,5068,1,write,129.52,9613.475,117.635,
baseline,5069,2,write,135.882,13010.296,88.24,
baseline,5070,0,read,81.933,4092.86,141.489,
baseline,5071,1,read,101.889,7424.831,94.973,
baseline,5072,2,read,127.145,7366.282,111.945,
baseline,5073,0,read,290.729,4803.396,320.912,
baseline,5074,1,read,100.646,4805.71,123.236,
baseline,5075,2,read,122.727,8346.688,91.918,
baseline,5076,0,read,95.427,11518.022,94.222,
baseline,5077,1,write,99.364,21236.93,109.831,
baseline,5078,2,write,249.111,18490.134,301.636,
baseline,5079,0,write,195.021,20783.01,901.697,
baseline,5080,1,read,88.194,9877.493,90.054,
baseline,5081,2,read,84.416,6653.192,146.619,
baseline,5082,0,read,110.073,5744.027,89.173,
baseline,5083,1,read,147.113,5385.945,295.865,
baseline,5084,2,read,104.223,3166.184,59.698,
baseline,5085,0,read,161.49,6530.785,277.741,
baseline,5086,1,read,125.021,5768.884,135.348,
baseline,5087,2,write,199.84,10829.646,188.878,
baseline,5088,0,write,117.137,9039.11,155.556,
baseline,5089,1,write,139.278,7982.082,108.779,
baseline,5090,2,read,107.159,3972.988,34.351,
baseline,5091,0,read,94.986,4634.502,162.819,
baseline,5092,1,read,123.378,5897.162,258.797,
baseline,5093,2,read,109.203,6097.743,90.645,
baseline,5094,0,read,182.879,4575.925,113.477,
baseline,5095,1,read,98.843,6323.06,105.984,
baseline,5096,2,read,274.218,5871.164,179.089,
baseline,5097,0,write,100.236,7618.24,106.274,
baseline,5098,1,write,152.893,13243.988,106.875,
baseline,5099,2,write,361.899,16527.087,103.981,
baseline,5100,0,read,103.422,6196.667,118.977,
baseline,5101,1,read,93.253,7699.109,113.427,
baseline,5102,2,read,77.423,6622.093,100.624,
baseline,5103,0,read,90.337,8906.195,428.501,
baseline,5104,1,read,88.973,6701.661,142.402,
baseline,5105,2,read,102.16,7050.017,265.589,
baseline,5106,0,read,108.672,6399.813,190.009,
baseline,5107,1,write,302.921,14811.721,819.215,
baseline,5108,2,write,132.085,11593.901,152.46,
baseline,5109,0,write,161.739,12379.947,297.098,
baseline,5110,1,read,262.135,4857.205,202.232,
baseline,5111,2,read,116.495,6504.796,177.667,
baseline,5112,0,read,117.497,6672.547,649.771,
baseline,5113,1,read,104.193,12353.95,687.07,
baseline,5114,2,read,160.748,3425.916,454.208,
baseline,5115,0,read,73.336,6409.269,77.461,
baseline,5116,1,read,126.154,6889.369,172.477,
baseline,5117,2,write,127.386,13637.458,288.471,
baseline,5118,0,write,446.187,15400.611,199.908,
baseline,5119,1,write,427.031,11513.653,125.971,
baseline,5120,2,read,168.402,5620.149,548.172,
baseline,5121,0,read,125.092,7398.111,48.287,
baseline,5122,1,read,118.54,6224.427,170.563,
baseline,5123,2,read,109.612,6099.516,159.994,
baseline,5124,0,read,188.259,3966.145,510.393,
baseline,5125,1,read,344.238,8066.419,169.331,
baseline,5126,2,read,112.548,6531.275,104.211,
baseline,5127,0,write,139.509,20661.236,133.424,
baseline,5128,1,write,169.103,15252.928,258.236,
baseline,5129,2,write,103.462,14617.111,773.991,
baseline,5130,0,read,98.542,7389.415,180.262,
baseline,5131,1,read,137.414,8022.858,108.639,
baseline,5132,2,read,153.735,16583.171,467.133,
baseline,5133,0,read,87.352,10998.429,676.741,
baseline,5134,1,read,89.225,5010.83,113.538,
baseline,5135,2,read,151.501,14610.219,1164.674,
baseline,5136,0,read,2240.248,10109.692,37.127,
baseline,5137,1,write,100.456,47665.196,148.182,
baseline,5138,2,write,126.655,62876.097,833.2,
baseline,5139,0,write,130.652,59152.48,225.826,
baseline,5140,1,read,98.303,16493.907,1306.577,
baseline,5141,2,read,148.534,30461.224,744.577,
baseline,5142,0,read,276.011,16019.116,7678.068,
baseline,5143,1,read,215.189,14323.977,99.522,
baseline,5144,2,read,112.949,12054.576,98.89,
baseline,5145,0,read,87.753,8980.483,117.184,
baseline,5146,1,read,89.145,7564.82,293.491,
baseline,5147,2,write,157.612,14332.814,127.103,
baseline,5148,0,write,331.684,17850.839,103.419,
baseline,5149,1,write,162.961,20375.826,186.453,
baseline,5150,2,read,100.585,8889.263,128.666,
baseline,5151,0,read,89.957,8560.814,274.566,
baseline,5152,1,read,71.001,5393.488,93.922,
baseline,5153,2,read,172.759,7557.226,109.37,
baseline,5154,0,read,97.29,4654.961,85.786,
baseline,5155,1,read,126.214,10677.334,96.847,
baseline,5156,2,read,125.051,6265.954,425.696,
baseline,5157,0,write,155.988,20910.335,162.048,
baseline,5158,1,write,195.011,35594.903,1347.222,
baseline,5159,2,write,103.332,32486.755,304.381,
baseline,5160,0,read,432.861,23455.149,443.589,
baseline,5161,1,read,169.474,12752.116,2691.022,
baseline,5162,2,read,1313.382,8882.42,93.14,
baseline,5163,0,read,106.156,14200.99,568.25,
baseline,5164,1,read,99.184,22859.616,307.527,
baseline,5165,2,read,115.564,31225.469,870.329,
baseline,5166,0,read,5784.142,17262.921,2173.322,
baseline,5167,1,write,1234.877,36083.827,2030.598,
baseline,5168,2,write,105.885,118694.331,739.237,
baseline,5169,0,write,391.926,128873.704,2290.649,
baseline,5170,1,read,180.455,84600.189,3450.307,
baseline,5171,2,read,105.536,100149.887,2323.089,
baseline,5172,0,read,285.087,82673.712,9812.73,
baseline,5173,1,read,21.72,74110.753,115.25,
baseline,5174,2,read,121.475,81233.794,2414.098,
baseline,5175,0,read,103.693,73523.465,107.135,
baseline,5176,1,read,98.102,60065.802,202.061,
baseline,5177,2,write,970.997,61973.885,9375.15,
baseline,5178,0,write,228.463,72784.757,375.973,
baseline,5179,1,write,107.598,52847.394,7275.491,
baseline,5180,2,read,203.426,18437.105,2766.571,
baseline,5181,0,read,56.796,23651.093,149.683,
baseline,5182,1,read,128.899,31465.754,1703.261,
baseline,5183,2,read,61.664,26149.318,552.41,
baseline,5184,0,read,117.017,12107.142,651.814,
baseline,5185,1,read,71.642,15438.381,155.996,
baseline,5186,2,read,109.973,17569.508,1024.324,
baseline,5187,0,write,167.961,23127.602,74.976,
baseline,5188,1,write,117.167,24771.126,97.477,
baseline,5189,2,write,99.285,18654.368,372.055,
baseline,5190,0,read,96.719,4711.806,176.343,
baseline,5191,1,read,314.291,5957.723,98.77,
baseline,5192,2,read,113.64,8168.238,395.008,
baseline,5193,0,read,74.719,8586.803,132.021,
baseline,5194,1,read,92.0,4353.011,112.736,
baseline,5195,2,read,89.336,4805.961,100.843,
baseline,5196,0,read,126.424,5218.675,115.931,
baseline,5197,1,write,152.574,16435.269,50.259,
baseline,5198,2,write,158.574,14616.509,146.358,
baseline,5199,0,write,120.543,13386.482,566.516,
baseline,5200,1,read,133.457,5216.1,242.546,
baseline,5201,2,read,489.427,6582.772,338.794,
baseline,5202,0,read,112.98,9083.102,185.239,
baseline,5203,1,read,98.903,10025.537,130.058,
baseline,5204,2,read,151.61,9245.994,557.429,
baseline,5205,0,read,98.712,7874.903,54.528,
baseline,5206,1,read,148.355,8609.825,430.434,
baseline,5207,2,write,147.664,13666.19,106.864,
baseline,5208,0,write,240.615,12185.647,58.636,
baseline,5209,1,write,133.838,12350.995,105.592,
baseline,5210,2,read,160.157,4345.198,104.64,
baseline,5211,0,read,174.893,4647.777,241.404,
baseline,5212,1,read,112.457,7102.784,130.429,
baseline,5213,2,read,148.676,7462.791,1355.487,
baseline,5214,0,read,759.336,10055.713,107.506,
baseline,5215,1,read,69.919,9750.437,104.571,
baseline,5216,2,read,201.192,17417.707,231.085,
baseline,5217,0,write,578.04,29532.935,4344.553,
baseline,5218,1,write,749.969,25292.963,365.504,
baseline,5219,2,write,127.386,18738.843,1728.729,
baseline,5220,0,read,89.095,7400.336,102.216,
baseline,5221,1,read,487.834,7059.815,102.356,
baseline,5222,2,read,126.824,4638.65,98.53,
baseline,5223,0,read,93.954,8051.672,47.575,
baseline,5224,1,read,106.297,4486.71,103.258,
baseline,5225,2,read,115.845,5940.392,93.229,
baseline,5226,0,read,111.136,5057.788,108.357,
baseline,5227,1,write,160.187,7328.433,72.24,
baseline,5228,2,write,142.715,9521.895,134.185,
baseline,5229,0,write,144.989,10980.756,112.385,
baseline,5230,1,read,88.955,4215.367,77.179,
baseline,5231,2,read,124.139,3891.507,103.208,
baseline,5232,0,read,116.164,5366.207,99.091,
baseline,5233,1,read,114.112,4539.759,127.001,
baseline,5234,2,read,113.55,4791.073,95.113,
baseline,5235,0,read,96.97,5645.215,140.417,
baseline,5236,1,read,114.311,5215.468,114.9,
baseline,5237,2,write,149.407,10608.256,116.222,
baseline,5238,0,write,145.178,12826.515,113.537,
baseline,5239,1,write,127.536,10130.411,152.4,
baseline,5240,2,read,79.467,5969.405,142.621,
baseline,5241,0,read,138.105,4385.432,131.561,
baseline,5242,1,read,122.467,6027.303,111.663,
baseline,5243,2,read,130.221,8288.339,100.994,
baseline,5244,0,read,110.684,6346.403,103.97,
baseline,5245,1,read,128.508,5592.988,115.1,
baseline,5246,2,read,568.503,8333.834,289.563,
baseline,5247,0,write,154.676,20033.131,227.198,
baseline,5248,1,write,354.968,17083.75,265.127,
baseline,5249,2,write,122.107,16094.958,67.822,
baseline,5250,0,read,644.283,7737.701,93.149,
baseline,5251,1,read,93.824,6553.446,180.622,
baseline,5252,2,read,163.021,9553.503,99.291,
baseline,5253,0,read,64.069,8268.944,112.295,
baseline,5254,1,read,111.085,8948.061,119.108,
baseline,5255,2,read,163.402,8385.951,25.384,
baseline,5256,0,read,105.686,16683.719,234.19,
baseline,5257,1,write,114.913,17731.378,167.547,
baseline,5258,2,write,148.827,12610.526,1452.496,
baseline,5259,0,write,140.651,12593.583,90.735,
baseline,5260,1,read,83.244,7988.454,87.8,
baseline,5261,2,read,91.158,5836.91,104.711,
baseline,5262,0,read,84.326,6929.262,103.589,
baseline,5263,1,read,93.393,7339.002,287.98,
baseline,5264,2,read,86.791,5892.183,179.098,
baseline,5265,0,read,95.405,4495.565,129.287,
baseline,5266,1,read,103.382,8986.353,123.485,
baseline,5267,2,write,126.344,8940.437,332.483,
baseline,5268,0,write,103.14,8961.176,141.279,
baseline,5269,1,write,107.68,16274.29,175.552,
baseline,5270,2,read,223.524,7574.869,502.247,
baseline,5271,0,read,85.92,6609.431,96.956,
baseline,5272,1,read,100.806,8518.777,376.424,
baseline,5273,2,read,73.277,5101.148,257.243,
baseline,5274,0,read,94.615,7284.521,248.027,
baseline,5275,1,read,91.59,4704.934,117.284,
baseline,5276,2,read,96.84,5396.114,123.405,
baseline,5277,0,write,110.474,15642.55,131.16,
baseline,5278,1,write,134.77,14936.652,191.993,
baseline,5279,2,write,73.015,11184.163,106.664,
baseline,5280,0,read,189.461,5713.983,229.381,
baseline,5281,1,read,100.195,5623.915,167.868,
baseline,5282,2,read,181.335,5199.84,103.599,
baseline,5283,0,read,97.331,4710.784,174.59,
baseline,5284,1,read,532.817,7779.088,143.242,
baseline,5285,2,read,88.274,5867.857,94.191,
baseline,5286,0,read,114.743,7204.422,130.729,
baseline,5287,1,write,176.376,10457.276,265.399,
baseline,5288,2,write,139.088,11058.46,153.101,
baseline,5289,0,write,112.729,7642.294,119.578,
baseline,5290,1,read,74.267,4663.727,94.612,
baseline,5291,2,read,89.977,5462.977,112.425,
baseline,5292,0,read,146.813,7193.543,114.268,
baseline,5293,1,read,94.896,3458.785,97.057,
baseline,5294,2,read,93.202,6289.739,106.344,
baseline,5295,0,read,102.179,5042.428,262.804,
baseline,5296,1,read,89.986,7493.739,801.812,
baseline,5297,2,write,130.402,19556.709,57.373,
baseline,5298,0,write,135.371,12338.31,98.73,
baseline,5299,1,write,91.379,10583.951,144.224,
baseline,5300,2,read,85.007,4136.309,106.675,
baseline,5301,0,read,103.822,5792.478,114.89,
baseline,5302,1,read,141.302,6248.382,118.897,
baseline,5303,2,read,104.624,5423.434,143.713,
baseline,5304,0,read,73.466,3472.441,126.311,
baseline,5305,1,read,82.904,6377.442,209.815,
baseline,5306,2,read,85.007,10067.495,409.345,
baseline,5307,0,write,240.206,12157.808,157.688,
baseline,5308,1,write,93.012,29837.599,128.435,
baseline,5309,2,write,115.575,19462.485,116.983,
baseline,5310,0,read,164.775,7293.377,449.099,
baseline,5311,1,read,100.646,5217.061,826.508,
baseline,5312,2,read,108.842,3735.549,169.721,
baseline,5313,0,read,121.164,4121.262,175.573,
baseline,5314,1,read,88.995,6527.119,99.481,
baseline,5315,2,read,112.439,9797.234,107.937,
baseline,5316,0,read,64.409,5398.738,99.952,
baseline,5317,1,write,112.879,12930.046,33.379,
baseline,5318,2,write,153.694,13764.532,470.759,
baseline,5319,0,write,100.226,8268.093,179.61,
baseline,5320,1,read,72.135,6811.585,224.392,
baseline,5321,2,read,91.95,7164.939,139.496,
baseline,5322,0,read,284.126,5048.139,102.918,
baseline,5323,1,read,114.592,7660.987,105.583,
baseline,5324,2,read,90.047,7547.458,230.394,
baseline,5325,0,read,123.729,3997.935,172.246,
baseline,5326,1,read,455.634,3217.95,128.074,
baseline,5327,2,write,181.236,20002.745,125.279,
baseline,5328,0,write,326.805,30928.499,441.866,
baseline,5329,1,write,149.516,12536.818,192.955,
baseline,5330,2,read,90.067,15466.904,117.735,
baseline,5331,0,read,117.819,6960.461,255.089,
baseline,5332,1,read,99.715,11090.188,113.297,
baseline,5333,2,read,277.263,4048.929,87.9,
baseline,5334,0,read,207.754,8456.501,247.386,
baseline,5335,1,read,100.637,6780.367,1389.21,
baseline,5336,2,read,254.401,5460.042,394.718,
baseline,5337,0,write,210.059,11323.912,309.039,
baseline,5338,1,write,102.259,10748.856,280.848,
baseline,5339,2,write,147.383,14828.332,111.043,
baseline,5340,0,read,141.883,6869.022,120.991,
baseline,5341,1,read,216.831,6750.923,487.741,
baseline,5342,2,read,101.628,6571.24,108.408,
baseline,5343,0,read,199.42,5500.517,123.075,
baseline,5344,1,read,139.578,5351.29,119.028,
baseline,5345,2,read,126.074,5032.842,114.679,
baseline,5346,0,read,205.38,6469.251,228.45,
baseline,5347,1,write,209.087,13407.119,305.123,
baseline,5348,2,write,147.723,11542.377,110.372,
baseline,5349,0,write,103.592,10306.167,288.061,
baseline,5350,1,read,88.173,7410.414,92.839,
baseline,5351,2,read,94.446,4586.795,118.306,
baseline,5352,0,read,106.828,6778.443,115.992,
baseline,5353,1,read,119.02,6242.18,301.837,
baseline,5354,2,read,129.731,3894.333,112.956,
baseline,5355,0,read,144.799,6249.384,119.027,
baseline,5356,1,read,92.061,6342.255,154.834,
baseline,5357,2,write,130.021,11819.93,158.351,
baseline,5358,0,write,101.739,14698.562,111.694,
baseline,5359,1,write,105.435,12822.637,212.681,
baseline,5360,2,read,123.899,5055.874,93.951,
baseline,5361,0,read,102.591,6582.822,156.667,
baseline,5362,1,read,96.227,12202.619,112.296,
baseline,5363,2,read,147.754,11491.432,780.643,
baseline,5364,0,read,259.47,6743.458,67.032,
baseline,5365,1,read,94.776,5609.408,113.187,
baseline,5366,2,read,121.876,11617.206,113.607,
baseline,5367,0,write,363.833,35973.963,102.367,
baseline,5368,1,write,102.36,46817.467,996.322,
baseline,5369,2,write,211.101,50744.218,398.095,
baseline,5370,0,read,81.571,17669.574,206.79,
baseline,5371,1,read,89.095,46440.609,115.16,
baseline,5372,2,read,99.394,42786.37,110.472,
baseline,5373,0,read,245.825,6547.876,822.291,
baseline,5374,1,read,343.296,29168.12,206.339,
baseline,5375,2,read,376.056,32099.979,764.604,
baseline,5376,0,read,2416.234,45853.5,573.36,
baseline,5377,1,write,310.394,34583.618,1856.927,
baseline,5378,2,write,731.025,45374.033,495.254,
baseline,5379,0,write,157.181,54198.716,270.859,
baseline,5380,1,read,84.256,28214.133,5669.928,
baseline,5381,2,read,79.057,18750.586,7217.514,
baseline,5382,0,read,75.369,12021.755,1862.326,
baseline,5383,1,read,73.106,25545.862,652.295,
baseline,5384,2,read,195.762,48569.008,1761.761,
baseline,5385,0,read,147.914,12893.639,2936.446,
baseline,5386,1,read,206.121,69662.685,116.623,
baseline,5387,2,write,175.055,80778.051,1431.198,
baseline,5388,0,write,117.737,66131.796,7976.69,
baseline,5389,1,write,78.304,61585.917,634.232,
baseline,5390,2,read,151.01,38619.282,7065.693,
baseline,5391,0,read,98.001,38780.371,164.983,
baseline,5392,1,read,76.431,28771.794,184.43,
baseline,5393,2,read,3365.263,12127.37,5095.133,
baseline,5394,0,read,105.365,10637.781,87.189,
baseline,5395,1,read,159.345,9489.864,907.539,
baseline,5396,2,read,71.412,9607.913,199.738,
baseline,5397,0,write,125.553,34977.519,242.907,
baseline,5398,1,write,119.381,27754.803,86.988,
baseline,5399,2,write,297.221,26844.056,1401.392,
baseline,5400,0,read,83.364,13340.026,121.382,
baseline,5401,1,read,124.24,8187.383,361.507,
baseline,5402,2,read,69.919,5991.205,95.154,
baseline,5403,0,read,89.195,6253.571,93.1,
baseline,5404,1,read,99.504,7393.533,229.743,
baseline,5405,2,read,79.568,5727.378,92.819,
baseline,5406,0,read,352.843,6975.128,698.17,
baseline,5407,1,write,168.512,16633.916,137.913,
baseline,5408,2,write,107.029,20506.919,165.674,
baseline,5409,0,write,348.245,15236.999,151.127,
baseline,5410,1,read,346.232,5750.129,162.057,
baseline,5411,2,read,97.25,5759.516,181.674,
baseline,5412,0,read,103.542,9613.053,173.799,
baseline,5413,1,read,78.946,7827.196,67.202,
baseline,5414,2,read,104.333,3984.87,65.078,
baseline,5415,0,read,265.001,17658.815,132.833,
baseline,5416,1,read,332.906,17623.83,58.055,
baseline,5417,2,write,213.215,18451.393,2100.537,
baseline,5418,0,write,464.991,15710.165,191.212,
baseline,5419,1,write,340.02,12549.131,150.155,
baseline,5420,2,read,87.542,4591.825,110.271,
baseline,5421,0,read,321.917,10572.41,127.974,
baseline,5422,1,read,129.329,12721.991,299.292,
baseline,5423,2,read,280.65,8011.607,548.443,
baseline,5424,0,read,144.467,8294.1,425.556,
baseline,5425,1,read,420.058,9203.244,389.549,
baseline,5426,2,read,75.84,12785.378,84.785,
baseline,5427,0,write,219.256,13196.069,157.469,
baseline,5428,1,write,119.792,19144.296,347.11,
baseline,5429,2,write,257.126,31042.39,148.643,
baseline,5430,0,read,99.585,5956.0,148.402,
baseline,5431,1,read,142.504,14106.365,581.134,
baseline,5432,2,read,872.286,11248.653,347.791,
baseline,5433,0,read,101.047,10477.324,315.592,
baseline,5434,1,read,290.278,6998.482,297.949,
baseline,5435,2,read,104.894,7493.699,161.707,
baseline,5436,0,read,108.191,9153.342,124.348,
baseline,5437,1,write,106.336,17391.299,109.611,
baseline,5438,2,write,184.211,13199.475,117.876,
baseline,5439,0,write,102.029,17649.988,126.642,
baseline,5440,1,read,129.119,6001.244,167.107,
baseline,5441,2,read,119.132,6550.062,114.038,
baseline,5442,0,read,89.566,6453.101,89.984,
baseline,5443,1,read,111.167,3752.991,107.977,
baseline,5444,2,read,98.463,5374.664,100.373,
baseline,5445,0,read,101.308,5627.722,117.485,
baseline,5446,1,read,171.647,6850.527,165.905,
baseline,5447,2,write,166.639,16038.643,167.057,
baseline,5448,0,write,121.314,11778.764,178.809,
baseline,5449,1,write,130.001,12097.424,200.249,
baseline,5450,2,read,115.053,5212.283,80.196,
baseline,5451,0,read,105.947,5069.039,122.664,
baseline,5452,1,read,100.315,5331.684,179.611,
baseline,5453,2,read,106.798,4440.083,107.066,
baseline,5454,0,read,102.491,4536.993,133.474,
baseline,5455,1,read,105.796,6734.632,154.634,
baseline,5456,2,read,89.686,8259.687,101.015,
baseline,5457,0,write,111.187,15018.354,104.18,
baseline,5458,1,write,115.564,14662.775,222.279,
baseline,5459,2,write,137.895,11906.039,117.616,
baseline,5460,0,read,68.408,7804.505,113.467,
baseline,5461,1,read,98.241,8963.23,68.625,
baseline,5462,2,read,101.809,6046.82,107.456,
baseline,5463,0,read,87.933,5163.482,144.095,
baseline,5464,1,read,146.561,7014.209,446.545,
baseline,5465,2,read,105.015,6175.066,122.013,
baseline,5466,0,read,92.922,4744.427,799.057,
baseline,5467,1,write,105.074,13961.446,138.785,
baseline,5468,2,write,105.917,8867.352,128.555,
baseline,5469,0,write,93.173,14362.65,107.987,
baseline,5470,1,read,85.238,5310.706,97.328,
baseline,5471,2,read,120.143,9127.544,202.793,
baseline,5472,0,read,81.302,7679.052,102.697,
baseline,5473,1,read,84.616,6431.35,303.59,
baseline,5474,2,read,105.314,7158.606,223.863,
baseline,5475,0,read,77.544,4404.567,96.456,
baseline,5476,1,read,84.025,5504.124,93.601,
baseline,5477,2,write,152.072,13357.969,158.341,
baseline,5478,0,write,222.152,16290.701,108.859,
baseline,5479,1,write,98.042,12862.992,962.29,
baseline,5480,2,read,118.079,6831.352,263.816,
baseline,5481,0,read,205.39,6002.496,166.326,
baseline,5482,1,read,170.997,4733.566,103.109,
baseline,5483,2,read,93.212,7846.682,127.113,
baseline,5484,0,read,87.591,6067.748,97.709,
baseline,5485,1,read,90.497,5049.611,95.114,
baseline,5486,2,read,109.582,5643.23,133.736,
baseline,5487,0,write,162.591,16041.749,110.984,
baseline,5488,1,write,119.952,10781.317,92.068,
baseline,5489,2,write,157.782,9914.421,182.907,
baseline,5490,0,read,85.318,6531.956,84.685,
baseline,5491,1,read,108.131,5205.802,157.078,
baseline,5492,2,read,162.22,5540.391,292.459,
baseline,5493,0,read,109.514,8829.403,144.114,
baseline,5494,1,read,77.774,7659.476,99.552,
baseline,5495,2,read,97.722,5464.801,97.187,
baseline,5496,0,read,107.368,7910.079,130.58,
baseline,5497,1,write,101.799,19333.435,107.397,
baseline,5498,2,write,126.424,15330.432,159.473,
baseline,5499,0,write,112.559,10591.546,70.438,
baseline,5500,1,read,73.376,3949.655,2667.648,
baseline,5501,2,read,106.257,4396.923,101.676,
baseline,5502,0,read,80.328,3979.189,76.54,
baseline,5503,1,read,76.872,9043.598,153.923,
baseline,5504,2,read,284.177,6467.188,120.24,
baseline,5505,0,read,77.023,4702.078,96.506,
baseline,5506,1,read,113.91,5318.129,38.99,
baseline,5507,2,write,174.133,12061.467,139.115,
baseline,5508,0,write,152.622,13730.508,430.996,
baseline,5509,1,write,166.929,15539.538,114.781,
baseline,5510,2,read,99.615,6295.489,145.777,
baseline,5511,0,read,91.75,6098.705,120.21,
baseline,5512,1,read,140.44,4824.395,91.126,
baseline,5513,2,read,98.703,5345.049,104.431,
baseline,5514,0,read,101.077,7185.788,141.75,
baseline,5515,1,read,162.582,6998.842,177.666,
baseline,5516,2,read,100.857,6064.762,163.19,
baseline,5517,0,write,124.571,11839.217,281.509,
baseline,5518,1,write,91.038,11717.681,99.001,
baseline,5519,2,write,256.384,14767.54,1207.063,
baseline,5520,0,read,146.361,6451.929,510.002,
baseline,5521,1,read,79.728,5128.909,102.177,
baseline,5522,2,read,178.281,6310.267,315.181,
baseline,5523,0,read,154.766,13554.041,101.316,
baseline,5524,1,read,84.246,6987.661,659.369,
baseline,5525,2,read,133.858,4924.24,155.806,
baseline,5526,0,read,102.289,12030.37,182.646,
baseline,5527,1,write,150.359,19683.615,256.672,
baseline,5528,2,write,147.663,10919.983,136.801,
baseline,5529,0,write,132.866,13175.561,16.508,
baseline,5530,1,read,107.82,5200.462,229.021,
baseline,5531,2,read,113.069,8663.154,93.631,
baseline,5532,0,read,96.88,5437.651,44.33,
baseline,5533,1,read,133.978,6215.601,101.676,
baseline,5534,2,read,126.744,7891.604,158.622,
baseline,5535,0,read,120.904,8012.468,97.639,
baseline,5536,1,read,84.777,6459.492,114.34,
baseline,5537,2,write,124.561,14029.823,169.682,
baseline,5538,0,write,535.512,11842.904,107.727,
baseline,5539,1,write,113.16,17142.217,2566.11,
baseline,5540,2,read,99.874,5173.952,2628.306,
baseline,5541,0,read,81.422,11865.826,126.291,
baseline,5542,1,read,154.446,3930.278,98.3,
baseline,5543,2,read,140.25,8337.381,169.601,
baseline,5544,0,read,100.426,8114.919,89.263,
baseline,5545,1,read,97.581,6474.17,218.021,
baseline,5546,2,read,350.017,10680.54,292.5,
baseline,5547,0,write,223.684,34545.277,174.451,
baseline,5548,1,write,120.944,36876.054,139.195,
baseline,5549,2,write,148.324,26154.698,1286.891,
baseline,5550,0,read,93.754,13052.193,966.487,
baseline,5551,1,read,97.902,5607.426,1781.396,
baseline,5552,2,read,97.05,5910.867,283.092,
baseline,5553,0,read,118.079,6471.576,203.163,
baseline,5554,1,read,82.473,5770.296,124.989,
baseline,5555,2,read,114.202,10093.965,107.436,
baseline,5556,0,read,86.931,13625.745,359.032,
baseline,5557,1,write,132.014,19225.536,134.286,
baseline,5558,2,write,190.123,11304.156,130.769,
baseline,5559,0,write,98.883,15828.826,165.694,
baseline,5560,1,read,116.405,5336.483,139.506,
baseline,5561,2,read,136.603,4938.907,478.273,
baseline,5562,0,read,125.402,5134.339,424.083,
baseline,5563,1,read,104.674,9184.289,20.455,
baseline,5564,2,read,246.517,14273.074,230.664,
baseline,5565,0,read,89.796,16978.414,2945.883,
baseline,5566,1,read,86.851,21050.456,4950.315,
baseline,5567,2,write,176.285,44347.431,1306.758,
baseline,5568,0,write,111.225,37316.099,2065.623,
baseline,5569,1,write,199.138,30117.327,230.995,
baseline,5570,2,read,106.356,15325.191,1779.253,
baseline,5571,0,read,85.609,10184.372,450.861,
baseline,5572,1,read,153.786,4630.818,77.299,
baseline,5573,2,read,130.0,8266.148,2206.364,
baseline,5574,0,read,302.711,7663.623,343.783,
baseline,5575,1,read,197.136,58022.757,346.889,
baseline,5576,2,read,147.002,104994.82,2623.085,
baseline,5577,0,write,330.251,87131.087,29182.673,
baseline,5578,1,write,157.623,91265.905,21653.428,
baseline,5579,2,write,29.644,87597.31,11830.477,
baseline,5580,0,read,16.792,58496.426,1862.185,
baseline,5581,1,read,99.424,51587.631,3431.742,
baseline,5582,2,read,119.131,57635.842,8726.648,
baseline,5583,0,read,510.826,35066.133,4021.434,
baseline,5584,1,read,84.006,42098.838,4247.893,
baseline,5585,2,read,887.815,32187.883,3719.685,
baseline,5586,0,read,262.075,24565.435,1322.566,
baseline,5587,1,write,113.641,41487.705,5363.279,
baseline,5588,2,write,158.313,35043.78,542.752,
baseline,5589,0,write,408.306,33823.09,313.207,
baseline,5590,1,read,135.862,13840.823,409.856,
baseline,5591,2,read,88.114,6790.186,122.072,
baseline,5592,0,read,86.691,7311.962,245.782,
baseline,5593,1,read,92.28,5692.972,103.88,
baseline,5594,2,read,97.03,6106.569,90.795,
baseline,5595,0,read,116.165,11842.232,112.715,
baseline,5596,1,read,106.097,18879.566,205.096,
baseline,5597,2,write,151.269,30763.964,1776.127,
baseline,5598,0,write,372.11,26257.129,444.149,
baseline,5599,1,write,95.137,18867.173,138.733,
baseline,5600,2,read,72.244,7520.799,96.856,
baseline,5601,0,read,73.396,5225.588,108.648,
baseline,5602,1,read,115.814,3755.485,122.424,
baseline,5603,2,read,434.556,5936.745,169.991,
baseline,5604,0,read,106.216,6648.042,338.514,
baseline,5605,1,read,99.614,4936.914,60.619,
baseline,5606,2,read,123.719,4832.951,129.917,
baseline,5607,0,write,127.777,11227.974,260.429,
baseline,5608,1,write,138.396,13123.074,139.355,
baseline,5609,2,write,112.468,29691.929,1268.166,
baseline,5610,0,read,116.706,19134.176,94.121,
baseline,5611,1,read,115.865,21241.79,360.374,
baseline,5612,2,read,122.677,14493.261,473.264,
baseline,5613,0,read,707.13,13175.722,225.955,
baseline,5614,1,read,96.028,10231.419,108.868,
baseline,5615,2,read,368.773,8934.116,377.426,
baseline,5616,0,read,81.782,8777.756,168.609,
baseline,5617,1,write,315.645,10408.657,280.065,
baseline,5618,2,write,127.456,10261.394,121.993,
baseline,5619,0,write,125.432,15316.476,71.329,
baseline,5620,1,read,123.649,5677.495,257.944,
baseline,5621,2,read,104.073,5777.4,95.714,
baseline,5622,0,read,113.18,7358.378,111.704,
baseline,5623,1,read,105.766,4869.097,107.907,
baseline,5624,2,read,146.422,5522.118,496.075,
baseline,5625,0,read,106.989,4156.738,346.418,
baseline,5626,1,read,81.121,4000.108,92.458,
baseline,5627,2,write,122.798,15293.844,119.508,
baseline,5628,0,write,499.185,10196.594,50.3,
baseline,5629,1,write,90.708,7739.764,84.764,
baseline,5630,2,read,319.332,6073.258,183.777,
baseline,5631,0,read,118.22,5996.096,149.513,
baseline,5632,1,read,92.371,9209.617,125.85,
baseline,5633,2,read,82.482,9742.143,106.875,
baseline,5634,0,read,585.324,7877.9,86.347,
baseline,5635,1,read,97.8,9485.877,123.456,
baseline,5636,2,read,728.96,7700.081,108.548,
baseline,5637,0,write,164.424,20532.406,190.54,
baseline,5638,1,write,116.065,17062.539,302.237,
baseline,5639,2,write,310.766,11218.777,291.597,
baseline,5640,0,read,125.462,3681.449,113.978,
baseline,5641,1,read,125.132,4884.697,112.064,
baseline,5642,2,read,120.232,6842.201,105.152,
baseline,5643,0,read,113.489,6051.316,118.106,
baseline,5644,1,read,107.049,6293.957,248.256,
baseline,5645,2,read,104.634,5516.266,105.572,
baseline,5646,0,read,99.704,4991.033,114.249,
baseline,5647,1,write,134.77,11079.979,146.829,
baseline,5648,2,write,129.29,11507.944,110.641,
baseline,5649,0,write,127.496,8558.681,136.009,
baseline,5650,1,read,106.878,4795.312,86.176,
baseline,5651,2,read,88.905,5376.208,24.201,
baseline,5652,0,read,100.667,5273.177,178.056,
baseline,5653,1,read,95.357,6576.36,106.213,
baseline,5654,2,read,111.758,5396.695,113.827,
baseline,5655,0,read,123.138,5305.526,133.874,
baseline,5656,1,read,127.296,6030.519,119.237,
baseline,5657,2,write,171.288,14156.217,78.382,
baseline,5658,0,write,91.489,13941.93,352.369,
baseline,5659,1,write,123.479,8893.381,286.066,
baseline,5660,2,read,111.276,4692.85,752.13,
baseline,5661,0,read,156.531,8005.627,542.541,
baseline,5662,1,read,98.262,6779.355,361.326,
baseline,5663,2,read,111.426,5637.531,204.004,
baseline,5664,0,read,95.297,5828.686,90.654,
baseline,5665,1,read,126.645,6271.685,197.823,
baseline,5666,2,read,115.756,12567.356,117.754,
baseline,5667,0,write,130.762,25145.47,415.116,
baseline,5668,1,write,120.904,22420.102,260.84,
baseline,5669,2,write,108.029,32260.736,357.449,
baseline,5670,0,read,220.197,19826.868,1318.76,
baseline,5671,1,read,143.084,11777.171,1537.304,
baseline,5672,2,read,119.051,7653.444,372.867,
baseline,5673,0,read,100.445,4365.014,106.274,
baseline,5674,1,read,104.333,6357.904,91.326,
baseline,5675,2,read,109.583,9511.255,163.219,
baseline,5676,0,read,101.617,6286.371,118.447,
baseline,5677,1,write,148.885,16384.254,117.334,
baseline,5678,2,write,112.078,24726.484,115.24,
baseline,5679,0,write,255.523,12834.169,469.857,
baseline,5680,1,read,125.393,6232.883,110.932,
baseline,5681,2,read,124.781,5917.931,101.765,
baseline,5682,0,read,111.747,5728.609,100.603,
baseline,5683,1,read,111.967,5090.287,110.201,
baseline,5684,2,read,165.767,5174.554,295.504,
baseline,5685,0,read,134.588,7010.212,189.288,
baseline,5686,1,read,126.485,6316.729,100.292,
baseline,5687,2,write,139.949,11561.863,151.167,
baseline,5688,0,write,111.225,10635.987,116.844,
baseline,5689,1,write,80.34,9138.676,96.164,
baseline,5690,2,read,81.261,5010.8,51.472,
baseline,5691,0,read,105.716,4999.248,98.439,
baseline,5692,1,read,117.949,5019.666,110.872,
baseline,5693,2,read,179.853,4947.503,102.998,
baseline,5694,0,read,101.298,5761.42,295.354,
baseline,5695,1,read,136.312,9181.564,192.023,
baseline,5696,2,read,130.722,8006.107,16.327,
baseline,5697,0,write,142.635,13024.913,121.421,
baseline,5698,1,write,123.619,11143.748,162.057,
baseline,5699,2,write,124.901,9764.763,104.952,
baseline,5700,0,read,119.942,5239.554,221.918,
baseline,5701,1,read,123.76,5443.723,116.953,
baseline,5702,2,read,101.848,5668.518,104.671,
baseline,5703,0,read,121.736,4650.633,116.222,
baseline,5704,1,read,197.766,5518.41,118.767,
baseline,5705,2,read,115.354,2988.445,102.256,
baseline,5706,0,read,115.824,7609.242,99.121,
baseline,5707,1,write,134.038,15202.204,150.817,
baseline,5708,2,write,122.657,9098.381,284.664,
baseline,5709,0,write,136.432,9195.961,259.488,
baseline,5710,1,read,74.438,4935.881,87.349,
baseline,5711,2,read,129.418,4598.545,103.8,
baseline,5712,0,read,92.512,5703.654,101.555,
baseline,5713,1,read,115.554,6209.761,106.424,
baseline,5714,2,read,76.913,5275.521,79.023,
baseline,5715,0,read,87.853,4249.43,108.317,
baseline,5716,1,read,96.448,5043.2,92.298,
baseline,5717,2,write,174.092,16727.249,145.567,
baseline,5718,0,write,91.77,13691.907,98.8,
baseline,5719,1,write,294.626,11107.892,98.93,
baseline,5720,2,read,110.014,6458.371,356.016,
baseline,5721,0,read,88.824,8684.724,94.282,
baseline,5722,1,read,96.89,4897.501,1662.676,
baseline,5723,2,read,123.889,3231.895,82.129,
baseline,5724,0,read,98.643,4739.518,78.853,
baseline,5725,1,read,97.519,7169.196,224.103,
baseline,5726,2,read,264.299,5604.398,112.025,
baseline,5727,0,write,147.482,12333.612,36.946,
baseline,5728,1,write,182.619,15549.949,622.7,
baseline,5729,2,write,348.005,15585.153,115.09,
baseline,5730,0,read,99.475,6360.821,75.887,
baseline,5731,1,read,115.504,9713.35,123.105,
baseline,5732,2,read,151.871,4450.803,267.513,
baseline,5733,0,read,141.683,7580.269,167.727,
baseline,5734,1,read,111.385,5184.812,111.454,
baseline,5735,2,read,134.329,7098.838,123.786,
baseline,5736,0,read,119.982,8083.461,121.202,
baseline,5737,1,write,125.953,15851.707,125.209,
baseline,5738,2,write,126.314,13353.16,288.491,
baseline,5739,0,write,141.863,12537.329,311.564,
baseline,5740,1,read,112.428,4038.389,94.743,
baseline,5741,2,read,133.056,9481.609,117.906,
baseline,5742,0,read,93.123,7364.73,127.583,
baseline,5743,1,read,109.282,5413.526,231.566,
baseline,5744,2,read,124.15,8634.491,102.697,
baseline,5745,0,read,102.611,9534.628,89.733,
baseline,5746,1,read,166.268,7619.331,76.038,
baseline,5747,2,write,306.287,35191.584,473.574,
baseline,5748,0,write,1216.062,30874.861,5124.086,
baseline,5749,1,write,489.416,26965.28,948.884,
baseline,5750,2,read,119.571,12241.03,61.851,
baseline,5751,0,read,100.255,6472.216,529.668,
baseline,5752,1,read,95.998,9764.584,60.489,
baseline,5753,2,read,193.207,11746.034,91.256,
baseline,5754,0,read,150.048,6812.117,347.31,
baseline,5755,1,read,1237.362,9017.02,406.369,
baseline,5756,2,read,100.958,6796.047,304.36,
baseline,5757,0,write,815.19,33510.692,114.068,
baseline,5758,1,write,1271.595,39058.476,1257.385,
baseline,5759,2,write,117.268,27311.38,818.122,
baseline,5760,0,read,91.35,18472.501,541.87,
baseline,5761,1,read,96.498,8950.816,71.049,
baseline,5762,2,read,69.579,8152.599,113.627,
baseline,5763,0,read,109.572,12648.014,115.892,
baseline,5764,1,read,118.51,9874.809,230.473,
baseline,5765,2,read,101.547,15187.657,177.486,
baseline,5766,0,read,674.599,13608.393,139.275,
baseline,5767,1,write,183.37,17165.4,214.314,
baseline,5768,2,write,120.172,14223.391,95.113,
baseline,5769,0,write,336.173,20150.42,448.487,
baseline,5770,1,read,118.759,16403.849,317.746,
baseline,5771,2,read,104.352,15425.527,292.86,
baseline,5772,0,read,65.381,20583.12,97.157,
baseline,5773,1,read,268.367,14319.44,567.488,
baseline,5774,2,read,455.904,11219.619,451.403,
baseline,5775,0,read,78.055,9861.954,77.651,
baseline,5776,1,read,102.841,8440.593,343.382,
baseline,5777,2,write,135.331,19947.633,93.62,
baseline,5778,0,write,94.204,26606.736,252.695,
baseline,5779,1,write,134.949,21790.897,231.506,
baseline,5780,2,read,322.587,9573.22,141.359,
baseline,5781,0,read,160.246,7551.065,120.821,
baseline,5782,1,read,76.251,14206.18,97.778,
baseline,5783,2,read,102.741,11304.486,99.461,
baseline,5784,0,read,101.146,6990.817,143.794,
baseline,5785,1,read,111.035,13329.256,103.659,
baseline,5786,2,read,141.632,14666.592,216.017,
baseline,5787,0,write,134.589,27132.79,994.609,
baseline,5788,1,write,92.261,22237.144,173.918,
baseline,5789,2,write,434.375,21887.996,207.972,
baseline,5790,0,read,87.993,7624.018,77.431,
baseline,5791,1,read,74.328,4754.956,93.941,
baseline,5792,2,read,131.584,5378.851,109.911,
baseline,5793,0,read,146.021,3681.979,237.537,
baseline,5794,1,read,127.376,6401.926,190.26,
baseline,5795,2,read,120.884,6476.745,153.922,
baseline,5796,0,read,107.72,7683.901,66.029,
baseline,5797,1,write,160.627,19693.552,114.84,
baseline,5798,2,write,150.229,12870.467,111.263,
baseline,5799,0,write,90.749,9540.679,55.299,
baseline,5800,1,read,76.892,6299.286,114.87,
baseline,5801,2,read,355.488,8228.889,69.286,
baseline,5802,0,read,167.259,5312.958,119.539,
baseline,5803,1,read,101.808,4694.705,97.237,
baseline,5804,2,read,130.601,7201.326,142.301,
baseline,5805,0,read,132.635,5444.413,440.453,
baseline,5806,1,read,189.582,6714.755,135.518,
baseline,5807,2,write,116.085,22731.9,140.146,
baseline,5808,0,write,112.148,18343.782,168.389,
baseline,5809,1,write,93.744,14012.341,155.585,
baseline,5810,2,read,90.628,5273.447,123.225,
baseline,5811,0,read,257.828,7521.02,128.344,
baseline,5812,1,read,118.089,7626.304,123.145,
baseline,5813,2,read,96.66,3861.511,92.418,
baseline,5814,0,read,109.703,4439.632,379.37,
baseline,5815,1,read,83.435,3326.351,90.665,
baseline,5816,2,read,101.388,6752.266,215.175,
baseline,5817,0,write,138.547,12523.783,202.402,
baseline,5818,1,write,117.258,5861.806,154.583,
baseline,5819,2,write,156.149,11091.16,280.176,
baseline,5820,0,read,67.956,4343.374,88.601,
baseline,5821,1,read,97.21,4910.153,110.352,
baseline,5822,2,read,137.415,7321.7,117.915,
baseline,5823,0,read,109.353,6278.728,372.557,
baseline,5824,1,read,107.148,5079.106,177.446,
baseline,5825,2,read,253.139,6111.709,21.227,
baseline,5826,0,read,114.371,6023.375,106.625,
baseline,5827,1,write,105.495,13734.357,139.325,
baseline,5828,2,write,232.94,11753.918,104.952,
baseline,5829,0,write,118.399,11478.057,179.199,
baseline,5830,1,read,86.199,4527.455,112.896,
baseline,5831,2,read,102.67,7191.108,104.15,
baseline,5832,0,read,104.644,8209.985,120.821,
baseline,5833,1,read,139.529,7300.181,141.739,
baseline,5834,2,read,110.604,8721.843,418.913,
baseline,5835,0,read,81.962,7863.683,137.532,
baseline,5836,1,read,101.479,7982.193,107.616,
baseline,5837,2,write,124.861,19723.978,95.274,
baseline,5838,0,write,327.396,14778.93,74.195,
baseline,5839,1,write,96.679,17099.407,260.48,
baseline,5840,2,read,92.291,9961.97,296.346,
baseline,5841,0,read,77.914,6515.017,187.043,
baseline,5842,1,read,104.494,6529.362,383.668,
baseline,5843,2,read,185.604,9973.982,72.772,
baseline,5844,0,read,69.239,5500.818,77.971,
baseline,5845,1,read,149.246,4593.477,121.002,
baseline,5846,2,read,135.291,5958.646,118.757,
baseline,5847,0,write,441.148,11906.07,299.321,
baseline,5848,1,write,239.394,13129.005,322.033,
baseline,5849,2,write,119.913,16370.298,198.705,
baseline,5850,0,read,114.843,5611.061,251.563,
baseline,5851,1,read,87.472,6177.27,93.09,
baseline,5852,2,read,219.616,5834.626,120.28,
baseline,5853,0,read,106.567,4043.348,88.692,
baseline,5854,1,read,103.0,4452.265,118.277,
baseline,5855,2,read,105.836,7342.478,121.322,
baseline,5856,0,read,88.103,8597.162,95.695,
baseline,5857,1,write,141.852,16773.144,323.326,
baseline,5858,2,write,116.856,19760.706,39.821,
baseline,5859,0,write,139.818,19228.14,282.491,
baseline,5860,1,read,105.484,8184.467,583.839,
baseline,5861,2,read,70.3,4573.46,88.952,
baseline,5862,0,read,95.286,4935.11,223.962,
baseline,5863,1,read,87.883,7663.793,337.222,
baseline,5864,2,read,107.849,6048.692,194.608,
baseline,5865,0,read,97.31,5623.895,81.318,
baseline,5866,1,read,113.63,7190.335,104.321,
baseline,5867,2,write,114.683,20605.822,79.554,
baseline,5868,0,write,124.911,17205.975,113.998,
baseline,5869,1,write,118.269,17330.787,130.829,
baseline,5870,2,read,144.978,5960.068,495.294,
baseline,5871,0,read,106.618,5606.133,63.584,
baseline,5872,1,read,139.278,4795.982,83.862,
baseline,5873,2,read,100.917,4740.028,100.323,
baseline,5874,0,read,98.472,7160.491,166.766,
baseline,5875,1,read,99.183,6730.194,117.645,
baseline,5876,2,read,149.126,7078.859,107.246,
baseline,5877,0,write,152.513,16949.6,387.154,
baseline,5878,1,write,115.023,12823.92,188.476,
baseline,5879,2,write,125.172,10960.528,315.832,
baseline,5880,0,read,87.943,3817.261,95.984,
baseline,5881,1,read,94.245,5941.835,120.67,
baseline,5882,2,read,108.07,5194.2,112.525,
baseline,5883,0,read,96.299,3215.986,187.083,
baseline,5884,1,read,122.908,5062.906,196.651,
baseline,5885,2,read,105.926,4616.71,134.346,
baseline,5886,0,read,108.781,6884.379,188.186,
baseline,5887,1,write,106.488,9488.022,96.265,
baseline,5888,2,write,127.165,9889.375,104.311,
baseline,5889,0,write,78.616,15868.639,219.423,
baseline,5890,1,read,103.3,7765.16,133.084,
baseline,5891,2,read,139.107,6379.104,394.137,
baseline,5892,0,read,95.086,7003.491,103.208,
baseline,5893,1,read,124.079,6553.887,90.525,
baseline,5894,2,read,102.19,6511.039,96.175,
baseline,5895,0,read,131.303,6802.749,150.075,
baseline,5896,1,read,115.554,5106.457,93.51,
baseline,5897,2,write,144.277,15138.075,112.145,
baseline,5898,0,write,109.282,11616.533,164.662,
baseline,5899,1,write,120.092,29016.93,102.577,
baseline,5900,2,read,542.595,21287.905,191.001,
baseline,5901,0,read,85.358,13985.331,780.843,
baseline,5902,1,read,125.182,4661.303,421.247,
baseline,5903,2,read,153.744,6593.901,130.118,
baseline,5904,0,read,88.574,6373.193,178.878,
baseline,5905,1,read,389.872,8553.411,296.366,
baseline,5906,2,read,443.641,9592.475,105.372,
baseline,5907,0,write,82.392,14101.826,136.34,
baseline,5908,1,write,274.369,19667.214,138.994,
baseline,5909,2,write,116.887,17526.8,1592.967,
baseline,5910,0,read,94.305,8273.092,161.997,
baseline,5911,1,read,92.311,5274.547,281.028,
baseline,5912,2,read,106.888,4531.883,102.577,
baseline,5913,0,read,120.774,6054.303,114.379,
baseline,5914,1,read,219.216,7876.277,1332.515,
baseline,5915,2,read,88.875,7905.141,109.129,
baseline,5916,0,read,87.381,4366.446,80.056,
baseline,5917,1,write,126.575,19273.055,107.335,
baseline,5918,2,write,412.143,16386.447,293.671,
baseline,5919,0,write,116.976,13024.481,454.99,
baseline,5920,1,read,76.882,11268.76,116.934,
baseline,5921,2,read,83.525,8678.162,1330.551,
baseline,5922,0,read,96.449,5812.425,88.28,
baseline,5923,1,read,103.832,5657.267,167.808,
baseline,5924,2,read,93.694,10470.893,101.795,
baseline,5925,0,read,76.612,8585.721,76.138,
baseline,5926,1,read,112.338,9768.151,632.148,
baseline,5927,2,write,111.997,8450.319,262.143,
baseline,5928,0,write,106.618,13126.891,104.48,
baseline,5929,1,write,123.368,12127.4,715.783,
baseline,5930,2,read,141.733,6150.762,90.003,
baseline,5931,0,read,100.907,11334.682,41.765,
baseline,5932,1,read,166.058,9520.703,148.452,
baseline,5933,2,read,76.972,4728.126,157.369,
baseline,5934,0,read,93.362,7748.89,108.869,
baseline,5935,1,read,98.753,6773.455,83.672,
baseline,5936,2,read,109.373,11469.182,283.091,
baseline,5937,0,write,140.039,20965.509,148.612,
baseline,5938,1,write,107.769,15110.835,224.794,
baseline,5939,2,write,385.774,11320.104,72.852,
baseline,5940,0,read,72.876,5870.302,88.25,
baseline,5941,1,read,107.37,10175.637,102.596,
baseline,5942,2,read,750.139,8591.842,114.69,
baseline,5943,0,read,91.96,6731.867,83.392,
baseline,5944,1,read,92.11,6646.57,38.228,
baseline,5945,2,read,84.717,6573.614,118.577,
baseline,5946,0,read,100.817,25420.87,691.197,
baseline,5947,1,write,137.104,47993.835,27.398,
baseline,5948,2,write,1830.16,22424.451,1549.557,
baseline,5949,0,write,85.738,22779.548,630.195,
baseline,5950,1,read,131.223,8903.66,163.63,
baseline,5951,2,read,451.225,30148.415,109.781,
baseline,5952,0,read,81.751,20379.803,1026.93,
baseline,5953,1,read,110.053,11286.733,111.364,
baseline,5954,2,read,693.806,20180.084,234.311,
baseline,5955,0,read,125.753,17297.665,1359.776,
baseline,5956,1,read,132.025,22262.721,301.546,
baseline,5957,2,write,171.037,23959.724,463.235,
baseline,5958,0,write,102.11,15698.243,261.351,
baseline,5959,1,write,104.332,15562.07,265.46,
baseline,5960,2,read,94.666,6088.286,301.205,
baseline,5961,0,read,150.839,5829.887,165.023,
baseline,5962,1,read,567.991,16219.838,1828.284,
baseline,5963,2,read,130.381,7776.983,255.351,
baseline,5964,0,read,105.846,7448.355,479.225,
baseline,5965,1,read,67.406,8652.966,147.26,
baseline,5966,2,read,106.016,9418.994,272.633,
baseline,5967,0,write,332.946,16934.753,1420.489,
baseline,5968,1,write,264.118,11754.428,188.067,
baseline,5969,2,write,98.242,20965.508,476.891,
baseline,5970,0,read,101.036,11373.112,48.929,
baseline,5971,1,read,76.523,13044.339,157.068,
baseline,5972,2,read,99.354,13469.937,92.75,
baseline,5973,0,read,96.9,8606.649,393.567,
baseline,5974,1,read,125.943,7689.612,92.359,
baseline,5975,2,read,88.905,7075.013,84.404,
baseline,5976,0,read,724.332,6581.058,223.572,
baseline,5977,1,write,180.403,33508.848,474.758,
baseline,5978,2,write,747.716,36471.896,3656.369,
baseline,5979,0,write,286.74,51693.987,51.794,
baseline,5980,1,read,220.549,22602.169,925.111,
baseline,5981,2,read,335.912,27919.788,2028.965,
baseline,5982,0,read,83.314,18828.17,171.655,
baseline,5983,1,read,73.867,8759.402,1631.51,
baseline,5984,2,read,80.448,10731.745,107.287,
baseline,5985,0,read,590.303,8220.403,214.776,
baseline,5986,1,read,71.141,8410.065,95.164,
baseline,5987,2,write,129.098,9819.886,167.528,
baseline,5988,0,write,656.046,18956.588,282.47,
baseline,5989,1,write,98.643,17900.171,256.593,
baseline,5990,2,read,74.409,9593.307,60.339,
baseline,5991,0,read,72.775,4966.527,106.064,
baseline,5992,1,read,83.134,5756.09,121.713,
baseline,5993,2,read,100.937,10737.165,160.194,
baseline,5994,0,read,89.917,6146.213,642.577,
baseline,5995,1,read,91.77,5774.014,109.59,
baseline,5996,2,read,113.15,7515.489,159.863,
baseline,5997,0,write,110.235,17346.366,92.909,
baseline,5998,1,write,518.821,10786.908,245.011,
baseline,5999,2,write,105.145,34770.966,93.38,
large_16k,0,0,read,179.914,8878.283,4858.918,
large_16k,1,1,read,131.784,7154.239,115.054,
large_16k,2,2,read,92.851,11906.18,96.299,
large_16k,3,0,read,66.743,5834.385,22.412,
large_16k,4,1,read,72.555,8939.847,96.058,
large_16k,5,2,read,162.07,7473.731,170.285,
large_16k,6,0,read,71.122,7325.277,114.462,
large_16k,7,1,write,248.691,31518.232,680.19,
large_16k,8,2,write,115.544,43914.219,1668.24,
large_16k,9,0,write,1005.402,46197.557,1379.906,
large_16k,10,1,read,176.968,17002.39,825.458,
large_16k,11,2,read,2119.534,18029.52,198.899,
large_16k,12,0,read,71.432,11828.446,167.39,
large_16k,13,1,read,233.602,9650.302,1123.882,
large_16k,14,2,read,151.271,6173.474,263.968,
large_16k,15,0,read,97.961,14108.97,98.022,
large_16k,16,1,read,857.759,9898.301,406.273,
large_16k,17,2,write,166.428,15798.499,1147.035,
large_16k,18,0,write,190.813,13805.297,693.034,
large_16k,19,1,write,171.297,20266.063,548.416,
large_16k,20,2,read,98.502,10063.277,101.689,
large_16k,21,0,read,198.097,8161.706,303.843,
large_16k,22,1,read,69.199,9304.953,113.49,
large_16k,23,2,read,63.778,6410.903,92.351,
large_16k,24,0,read,84.847,4358.572,149.267,
large_16k,25,1,read,84.256,7074.102,100.556,
large_16k,26,2,read,116.426,6076.734,138.927,
large_16k,27,0,write,183.26,17686.194,612.575,
large_16k,28,1,write,158.253,20686.941,578.542,
large_16k,29,2,write,138.527,17781.061,282.182,
large_16k,30,0,read,80.339,5844.404,649.914,
large_16k,31,1,read,91.229,5246.977,214.478,
large_16k,32,2,read,106.426,8862.953,200.803,
large_16k,33,0,read,67.554,8529.756,165.377,
large_16k,34,1,read,58.92,9547.121,96.098,
large_16k,35,2,read,59.72,10284.747,418.596,
large_16k,36,0,read,73.176,6899.308,338.617,
large_16k,37,1,write,136.202,13719.488,256.946,
large_16k,38,2,write,181.826,17879.573,1012.225,
large_16k,39,0,write,194.831,16444.204,444.103,
large_16k,40,1,read,73.647,11149.84,101.127,
large_16k,41,2,read,95.296,5891.611,756.732,
large_16k,42,0,read,97.51,6729.603,124.662,
large_16k,43,1,read,174.423,6102.332,92.692,
large_16k,44,2,read,88.293,5345.951,92.682,
large_16k,45,0,read,73.055,4849.712,110.495,
large_16k,46,1,read,71.122,10267.085,112.088,
large_16k,47,2,write,142.643,31897.564,328.279,
large_16k,48,0,write,124.21,27191.599,417.984,
large_16k,49,1,write,146.432,26171.29,241.998,
large_16k,50,2,read,263.719,4981.546,140.64,
large_16k,51,0,read,78.515,6901.442,122.667,
large_16k,52,1,read,82.693,5037.419,410.531,
large_16k,53,2,read,98.483,11176.71,157.271,
large_16k,54,0,read,140.711,6066.025,186.846,
large_16k,55,1,read,89.386,9064.618,104.864,
large_16k,56,2,read,74.317,7330.266,193.96,
large_16k,57,0,write,174.053,17296.104,219.015,
large_16k,58,1,write,159.646,17890.352,238.292,
large_16k,59,2,write,119.771,14948.224,208.317,
large_16k,60,0,read,54.852,5424.546,296.6,
large_16k,61,1,read,230.927,9404.227,95.347,
large_16k,62,2,read,68.166,5926.726,83.846,
large_16k,63,0,read,188.058,7434.098,99.064,
large_16k,64,1,read,73.566,5424.095,104.564,
large_16k,65,2,read,107.088,6879.761,147.664,
large_16k,66,0,read,85.899,6835.129,310.986,
large_16k,67,1,write,166.498,15679.058,226.76,
large_16k,68,2,write,303.261,12842.304,106.237,
large_16k,69,0,write,174.132,14813.364,259.642,
large_16k,70,1,read,69.719,5538.267,95.988,
large_16k,71,2,read,106.456,6227.182,115.665,
large_16k,72,0,read,79.197,5640.536,105.997,
large_16k,73,1,read,80.029,7547.639,131.764,
large_16k,74,2,read,77.114,6553.076,104.644,
large_16k,75,0,read,79.798,7202.429,94.345,
large_16k,76,1,read,151.18,6755.001,105.616,
large_16k,77,2,write,141.733,13691.347,206.112,
large_16k,78,0,write,458.95,16225.509,197.627,
large_16k,79,1,write,172.449,14606.2,329.992,
large_16k,80,2,read,84.045,6816.163,145.831,
large_16k,81,0,read,88.314,5944.008,126.575,
large_16k,82,1,read,92.993,5204.47,128.548,
large_16k,83,2,read,77.293,5228.393,101.779,
large_16k,84,0,read,90.878,6296.371,147.353,
large_16k,85,1,read,72.414,5772.551,96.499,
large_16k,86,2,read,96.599,4214.696,86.811,
large_16k,87,0,write,167.951,10239.654,225.929,
large_16k,88,1,write,171.758,11813.889,192.317,
large_16k,89,2,write,285.017,15520.944,301.279,
large_16k,90,0,read,60.462,6484.62,106.688,
large_16k,91,1,read,80.98,5567.541,195.723,
large_16k,92,2,read,91.79,8046.422,101.559,
large_16k,93,0,read,94.665,8088.799,40.546,
large_16k,94,1,read,69.368,6649.475,92.772,
large_16k,95,2,read,120.042,6537.768,106.648,
large_16k,96,0,read,87.422,7071.005,100.597,
large_16k,97,1,write,122.476,15050.122,159.116,
large_16k,98,2,write,142.815,10750.901,186.195,
large_16k,99,0,write,131.153,13052.022,241.198,
large_16k,100,1,read,209.869,5726.766,121.816,
large_16k,101,2,read,107.7,4781.025,159.786,
large_16k,102,0,read,158.824,4955.447,195.964,
large_16k,103,1,read,114.352,4909.873,823.476,
large_16k,104,2,read,108.741,5178.34,106.799,
large_16k,105,0,read,81.261,5327.938,98.382,
large_16k,106,1,read,82.292,6355.41,121.085,
large_16k,107,2,write,216.121,14063.336,484.207,
large_16k,108,0,write,120.203,15909.014,472.165,
large_16k,109,1,write,186.526,16763.697,260.623,
large_16k,110,2,read,142.954,8871.41,181.497,
large_16k,111,0,read,83.525,4777.277,115.585,
large_16k,112,1,read,99.775,3294.662,281.672,
large_16k,113,2,read,1108.574,9131.922,167.23,
large_16k,114,0,read,96.86,5569.215,272.485,
large_16k,115,1,read,89.085,4249.25,277.364,
large_16k,116,2,read,133.447,5240.465,519.403,
large_16k,117,0,write,137.816,14322.876,197.346,
large_16k,118,1,write,173.241,18682.17,471.183,
large_16k,119,2,write,210.4,21206.966,434.174,
large_16k,120,0,read,69.299,5187.027,329.14,
large_16k,121,1,read,99.103,4830.616,186.797,
large_16k,122,2,read,90.708,3560.264,107.369,
large_16k,123,0,read,97.77,7745.555,112.289,
large_16k,124,1,read,83.545,7333.512,123.419,
large_16k,125,2,read,127.406,6891.283,220.058,
large_16k,126,0,read,86.901,4969.483,238.142,
large_16k,127,1,write,145.129,12684.712,218.455,
large_16k,128,2,write,125.463,13783.067,173.752,
large_16k,129,0,write,125.302,13429.121,155.298,
large_16k,130,1,read,61.604,3720.069,25.959,
large_16k,131,2,read,93.222,6149.318,90.398,
large_16k,132,0,read,77.213,10302.52,50.534,
large_16k,133,1,read,91.51,6450.948,139.759,
large_16k,134,2,read,84.426,4508.64,107.72,
large_16k,135,0,read,89.315,4176.756,131.965,
large_16k,136,1,read,87.783,3837.648,117.288,
large_16k,137,2,write,149.808,13695.173,130.593,
large_16k,138,0,write,134.558,14647.136,290.309,
large_16k,139,1,write,387.268,12524.747,275.41,
large_16k,140,2,read,66.314,4008.154,125.282,
large_16k,141,0,read,77.214,8692.719,107.57,
large_16k,142,1,read,73.175,10390.593,60.032,
large_16k,143,2,read,104.724,10842.982,345.801,
large_16k,144,0,read,100.316,19153.893,89.737,
large_16k,145,1,read,63.879,13817.991,724.302,
large_16k,146,2,read,118.189,11158.947,101.168,
large_16k,147,0,write,139.459,22530.096,257.988,
large_16k,148,1,write,135.852,42204.162,345.391,
large_16k,149,2,write,177.258,49085.005,239.325,
large_16k,150,0,read,415.159,24379.622,1317.581,
large_16k,151,1,read,242.889,25334.97,115.716,
large_16k,152,2,read,160.787,18971.064,356.252,
large_16k,153,0,read,81.992,10163.402,112.65,
large_16k,154,1,read,62.386,8091.495,151.953,
large_16k,155,2,read,86.188,8262.471,1165.12,
large_16k,156,0,read,67.726,5226.029,96.55,
large_16k,157,1,write,142.253,19584.49,219.749,
large_16k,158,2,write,223.965,20672.366,317.319,
large_16k,159,0,write,270.601,19596.723,1016.083,
large_16k,160,1,read,88.314,6805.433,155.109,
large_16k,161,2,read,68.237,7929.506,192.638,
large_16k,162,0,read,62.115,9763.923,102.962,
large_16k,163,1,read,93.323,6577.482,124.782,
large_16k,164,2,read,75.7,12359.71,221.632,
large_16k,165,0,read,131.934,9690.797,510.066,
large_16k,166,1,read,83.444,5108.621,119.403,
large_16k,167,2,write,205.541,28546.088,418.987,
large_16k,168,0,write,144.116,30579.282,180.086,
large_16k,169,1,write,129.941,32418.109,255.414,
large_16k,170,2,read,152.672,13473.743,198.83,
large_16k,171,0,read,502.891,12522.753,280.631,
large_16k,172,1,read,68.638,8400.819,2844.059,
large_16k,173,2,read,151.861,6968.696,515.837,
large_16k,174,0,read,98.142,9887.201,104.996,
large_16k,175,1,read,96.909,23394.125,99.056,
large_16k,176,2,read,254.211,10366.309,3705.684,
large_16k,177,0,write,133.337,20130.542,323.701,
large_16k,178,1,write,862.047,24989.5,353.477,
large_16k,179,2,write,105.186,24213.825,1269.914,
large_16k,180,0,read,3144.344,7330.266,1274.683,
large_16k,181,1,read,125.292,12686.775,132.047,
large_16k,182,2,read,350.428,12207.368,118.302,
large_16k,183,0,read,65.111,6643.784,202.447,
large_16k,184,1,read,106.007,5163.472,1807.049,
large_16k,185,2,read,562.502,7012.527,87.344,
large_16k,186,0,read,93.644,7576.892,1439.198,
large_16k,187,1,write,204.009,16097.172,134.832,
large_16k,188,2,write,111.517,16017.084,313.773,
large_16k,189,0,write,658.659,19146.199,261.647,
large_16k,190,1,read,121.625,8548.491,303.495,
large_16k,191,2,read,537.585,7908.035,83.888,
large_16k,192,0,read,89.286,11359.147,97.232,
large_16k,193,1,read,87.523,9343.825,197.708,
large_16k,194,2,read,93.033,12088.288,109.325,
large_16k,195,0,read,207.885,6607.137,191.737,
large_16k,196,1,read,87.973,7366.943,223.126,
large_16k,197,2,write,268.778,16947.908,470.073,
large_16k,198,0,write,163.123,22618.279,737.638,
large_16k,199,1,write,170.155,24765.585,1719.938,
large_16k,200,2,read,105.155,10293.013,492.875,
large_16k,201,0,read,220.337,6471.084,193.812,
large_16k,202,1,read,86.861,10563.303,125.014,
large_16k,203,2,read,91.85,11037.972,113.543,
large_16k,204,0,read,166.238,12944.303,104.165,
large_16k,205,1,read,103.371,8084.703,130.915,
large_16k,206,2,read,86.42,8217.999,335.334,
large_16k,207,0,write,188.279,26573.545,353.196,
large_16k,208,1,write,127.616,28776.775,249.344,
large_16k,209,2,write,182.479,30771.018,309.455,
large_16k,210,0,read,150.468,9139.927,807.869,
large_16k,211,1,read,54.23,12005.033,141.575,
large_16k,212,2,read,124.621,8219.112,117.951,
large_16k,213,0,read,100.206,9528.237,439.707,
large_16k,214,1,read,76.893,6500.099,148.998,
large_16k,215,2,read,100.876,12932.45,107.472,
large_16k,216,0,read,178.591,13006.378,99.106,
large_16k,217,1,write,153.254,20353.745,859.124,
large_16k,218,2,write,150.187,32557.987,187.961,
large_16k,219,0,write,869.36,30533.358,329.252,
large_16k,220,1,read,116.466,11506.21,281.674,
large_16k,221,2,read,756.872,7315.067,148.217,
large_16k,222,0,read,110.204,6121.006,238.293,
large_16k,223,1,read,89.476,7076.536,117.059,
large_16k,224,2,read,108.821,8240.251,248.092,
large_16k,225,0,read,100.476,6599.372,122.389,
large_16k,226,1,read,89.004,6290.529,582.702,
large_16k,227,2,write,176.607,15752.283,277.516,
large_16k,228,0,write,119.361,15800.032,1051.69,
large_16k,229,1,write,715.054,20059.89,231.912,
large_16k,230,2,read,100.787,9625.477,282.315,
large_16k,231,0,read,59.982,9004.897,218.176,
large_16k,232,1,read,91.119,8576.012,30.579,
large_16k,233,2,read,73.396,7568.557,239.616,
large_16k,234,0,read,85.519,10349.738,124.152,
large_16k,235,1,read,97.52,11802.518,97.573,
large_16k,236,2,read,100.166,8485.306,146.844,
large_16k,237,0,write,187.147,24291.448,449.164,
large_16k,238,1,write,111.026,26195.785,473.639,
large_16k,239,2,write,125.312,27547.528,192.038,
large_16k,240,0,read,624.165,17945.394,811.716,
large_16k,241,1,read,86.37,9145.508,437.272,
large_16k,242,2,read,261.254,9701.698,105.477,
large_16k,243,0,read,55.924,7372.715,127.598,
large_16k,244,1,read,223.705,9186.534,71.354,
large_16k,245,2,read,74.598,13453.115,95.469,
large_16k,246,0,read,85.198,23902.377,190.455,
large_16k,247,1,write,153.094,41002.167,610.342,
large_16k,248,2,write,289.837,22970.121,130.314,
large_16k,249,0,write,147.434,29832.029,459.533,
large_16k,250,1,read,82.643,11859.714,477.707,
large_16k,251,2,read,70.661,7066.507,463.651,
large_16k,252,0,read,75.881,12478.51,116.358,
large_16k,253,1,read,77.384,13111.984,1066.928,
large_16k,254,2,read,369.134,5711.678,694.889,
large_16k,255,0,read,89.145,7046.419,109.646,
large_16k,256,1,read,70.5,4704.823,165.649,
large_16k,257,2,write,535.671,40802.405,201.296,
large_16k,258,0,write,512.46,37570.882,200.824,
large_16k,259,1,write,158.053,36704.266,198.44,
large_16k,260,2,read,75.169,14224.414,3599.148,
large_16k,261,0,read,325.613,8736.421,1048.484,
large_16k,262,1,read,68.457,7859.035,100.809,
large_16k,263,2,read,79.447,6247.58,182.701,
large_16k,264,0,read,73.276,6166.2,148.818,
large_16k,265,1,read,98.223,9273.185,137.396,
large_16k,266,2,read,61.875,4313.85,244.445,
large_16k,267,0,write,1132.177,27029.85,838.285,
large_16k,268,1,write,123.889,27060.796,205.884,
large_16k,269,2,write,134.95,29192.304,118.692,
large_16k,270,0,read,61.955,9404.097,70.603,
large_16k,271,1,read,58.218,10005.5,132.638,
large_16k,272,2,read,54.02,5360.868,182.751,
large_16k,273,0,read,89.266,6893.266,83.086,
large_16k,274,1,read,544.238,7659.315,144.28,
large_16k,275,2,read,78.295,7972.947,111.719,
large_16k,276,0,read,82.353,11789.595,103.915,
large_16k,277,1,write,147.242,19069.707,203.52,
large_16k,278,2,write,160.918,19031.276,932.94,
large_16k,279,0,write,165.967,18556.587,422.295,
large_16k,280,1,read,64.52,8302.847,198.64,
large_16k,281,2,read,58.489,7798.874,116.628,
large_16k,282,0,read,88.885,7209.643,105.147,
large_16k,283,1,read,72.154,6008.558,248.613,
large_16k,284,2,read,97.961,11792.851,544.03,
large_16k,285,0,read,76.993,7492.025,33.875,
large_16k,286,1,read,69.319,7154.23,254.854,
large_16k,287,2,write,544.639,27347.978,405.914,
large_16k,288,0,write,144.928,27408.349,172.993,
large_16k,289,1,write,158.314,29539.056,218.016,
large_16k,290,2,read,78.315,8978.728,92.083,
large_16k,291,0,read,85.629,5421.501,941.596,
large_16k,292,1,read,65.471,8136.659,159.017,
large_16k,293,2,read,116.255,6807.026,504.677,
large_16k,294,0,read,99.284,5395.923,168.554,
large_16k,295,1,read,78.305,8310.662,108.994,
large_16k,296,2,read,159.486,8011.358,336.495,
large_16k,297,0,write,138.726,27747.358,594.504,
large_16k,298,1,write,156.851,24613.204,873.891,
large_16k,299,2,write,138.105,21328.801,719.455,
large_16k,300,0,read,101.498,6653.843,309.977,
large_16k,301,1,read,396.465,7521.4,189.994,
large_16k,302,2,read,91.41,12050.358,241.269,
large_16k,303,0,read,100.467,14860.352,1019.46,
large_16k,304,1,read,84.506,6087.554,67.187,
large_16k,305,2,read,119.901,14129.597,100.389,
large_16k,306,0,read,93.864,9529.179,9.269,
large_16k,307,1,write,126.244,14171.306,307.501,
large_16k,308,2,write,171.968,18886.166,170.378,
large_16k,309,0,write,238.892,18864.537,504.176,
large_16k,310,1,read,80.319,8790.82,129.392,
large_16k,311,2,read,78.074,5940.351,97.002,
large_16k,312,0,read,138.426,5208.586,156.853,
large_16k,313,1,read,86.26,6843.535,585.426,
large_16k,314,2,read,129.279,6744.641,454.955,
large_16k,315,0,read,185.783,6820.351,134.251,
large_16k,316,1,read,86.089,8935.117,93.596,
large_16k,317,2,write,515.806,12169.288,785.917,
large_16k,318,0,write,165.266,17342.157,280.773,
large_16k,319,1,write,1072.226,16021.152,267.507,
large_16k,320,2,read,73.918,7851.171,87.925,
large_16k,321,0,read,103.401,9899.934,1293.278,
large_16k,322,1,read,142.403,6591.978,270.985,
large_16k,323,2,read,110.996,12082.477,943.75,
large_16k,324,0,read,78.716,12092.135,328.44,
large_16k,325,1,read,93.263,5443.001,131.025,
large_16k,326,2,read,111.618,14584.512,135.352,
large_16k,327,0,write,181.647,32981.252,213.688,
large_16k,328,1,write,204.178,35827.192,537.498,
large_16k,329,2,write,173.481,34454.901,236.791,
large_16k,330,0,read,1173.764,12556.485,429.898,
large_16k,331,1,read,70.69,8160.473,102.433,
large_16k,332,2,read,106.707,5623.434,191.898,
large_16k,333,0,read,90.898,23049.458,142.466,
large_16k,334,1,read,84.266,17542.61,1167.594,
large_16k,335,2,read,167.3,11255.274,292.314,
large_16k,336,0,read,925.645,5167.731,177.942,
large_16k,337,1,write,147.864,13727.082,1178.455,
large_16k,338,2,write,134.588,16249.933,218.518,
large_16k,339,0,write,140.651,16933.0,227.033,
large_16k,340,1,read,91.869,11406.925,88.567,
large_16k,341,2,read,71.141,7729.996,144.791,
large_16k,342,0,read,89.616,7702.705,230.71,
large_16k,343,1,read,69.679,5381.455,99.457,
large_16k,344,2,read,151.149,6237.842,186.268,
large_16k,345,0,read,81.141,7297.035,89.197,
large_16k,346,1,read,516.888,4884.456,115.045,
large_16k,347,2,write,165.617,16836.932,196.266,
large_16k,348,0,write,124.13,16240.918,210.362,
large_16k,349,1,write,185.804,15648.952,1147.187,
large_16k,350,2,read,84.707,9588.367,106.66,
large_16k,351,0,read,86.25,13364.121,243.753,
large_16k,352,1,read,258.728,9011.579,208.549,
large_16k,353,2,read,78.385,8087.357,434.548,
large_16k,354,0,read,71.042,7758.829,154.268,
large_16k,355,1,read,68.807,6897.143,91.342,
large_16k,356,2,read,101.899,5835.608,216.734,
large_16k,357,0,write,148.194,33324.717,1669.284,
large_16k,358,1,write,128.128,33378.586,192.419,
large_16k,359,2,write,511.077,55648.28,496.592,
large_16k,360,0,read,74.488,11309.687,325.044,
large_16k,361,1,read,94.586,14181.154,428.115,
large_16k,362,2,read,72.915,43035.692,107.411,
large_16k,363,0,read,90.037,29781.505,3573.16,
large_16k,364,1,read,83.925,18774.931,756.573,
large_16k,365,2,read,107.008,14366.196,872.518,
large_16k,366,0,read,64.29,10423.125,102.521,
large_16k,367,1,write,133.006,20207.744,1269.323,
large_16k,368,2,write,120.804,24525.241,240.938,
large_16k,369,0,write,195.092,79220.288,1291.533,
large_16k,370,1,read,84.576,40544.879,45.005,
large_16k,371,2,read,161.97,58630.554,541.635,
large_16k,372,0,read,64.39,47283.26,3232.378,
large_16k,373,1,read,1450.927,39944.367,761.252,
large_16k,374,2,read,69.63,29588.649,915.026,
large_16k,375,0,read,73.756,19225.054,1010.424,
large_16k,376,1,read,90.989,12701.072,558.106,
large_16k,377,2,write,266.724,37619.221,220.631,
large_16k,378,0,write,575.065,49268.144,1582.934,
large_16k,379,1,write,165.526,32644.066,540.023,
large_16k,380,2,read,77.684,12190.857,99.016,
large_16k,381,0,read,155.037,11088.696,80.462,
large_16k,382,1,read,120.563,5284.347,111.599,
large_16k,383,2,read,97.781,6648.392,894.359,
large_16k,384,0,read,79.858,6390.315,91.511,
large_16k,385,1,read,123.689,5485.72,687.795,
large_16k,386,2,read,145.949,9039.982,780.418,
large_16k,387,0,write,150.288,24726.654,993.973,
large_16k,388,1,write,128.038,22580.689,340.392,
large_16k,389,2,write,156.7,17878.461,452.25,
large_16k,390,0,read,107.56,5900.028,765.429,
large_16k,391,1,read,60.833,7769.229,304.265,
large_16k,392,2,read,98.312,10375.596,95.709,
large_16k,393,0,read,171.408,4767.219,21.962,
large_16k,394,1,read,85.237,4773.581,165.819,
large_16k,395,2,read,76.351,5020.118,99.716,
large_16k,396,0,read,231.269,7877.74,341.945,
large_16k,397,1,write,121.885,41090.449,153.657,
large_16k,398,2,write,614.659,46337.488,5078.707,
large_16k,399,0,write,155.177,31899.317,285.922,
large_16k,400,1,read,130.642,14798.997,1863.113,
large_16k,401,2,read,123.639,11254.432,107.722,
large_16k,402,0,read,238.902,12812.429,77.606,
large_16k,403,1,read,81.1,5465.331,620.672,
large_16k,404,2,read,81.531,7169.147,14.118,
large_16k,405,0,read,86.471,9809.778,192.157,
large_16k,406,1,read,70.881,7341.916,122.099,
large_16k,407,2,write,172.45,29462.685,538.98,
large_16k,408,0,write,173.181,24522.356,840.709,
large_16k,409,1,write,373.602,23871.941,1078.269,
large_16k,410,2,read,287.622,5663.949,235.098,
large_16k,411,0,read,152.724,6251.317,100.147,
large_16k,412,1,read,90.758,7909.058,232.282,
large_16k,413,2,read,69.248,10961.961,109.154,
large_16k,414,0,read,77.613,8251.742,66.335,
large_16k,415,1,read,86.289,8203.833,182.741,
large_16k,416,2,read,58.459,4275.86,95.298,
large_16k,417,0,write,204.308,19188.467,202.377,
large_16k,418,1,write,499.184,18861.171,801.356,
large_16k,419,2,write,155.249,24937.966,1081.775,
large_16k,420,0,read,76.17,12446.63,100.068,
large_16k,421,1,read,196.083,6894.508,995.015,
large_16k,422,2,read,72.464,8512.064,124.042,
large_16k,423,0,read,225.257,13234.28,121.918,
large_16k,424,1,read,66.423,13023.119,282.225,
large_16k,425,2,read,381.336,4588.829,2128.414,
large_16k,426,0,read,62.415,7258.422,344.12,
large_16k,427,1,write,148.174,22448.594,191.557,
large_16k,428,2,write,363.382,20419.156,198.951,
large_16k,429,0,write,638.162,25841.068,398.119,
large_16k,430,1,read,84.406,8879.134,105.217,
large_16k,431,2,read,156.64,9217.371,2177.134,
large_16k,432,0,read,85.869,5283.706,660.004,
large_16k,433,1,read,174.894,6707.102,253.21,
large_16k,434,2,read,83.074,4763.763,211.744,
large_16k,435,0,read,83.775,10503.832,120.476,
large_16k,436,1,read,83.645,6987.371,411.975,
large_16k,437,2,write,176.747,13806.469,446.81,
large_16k,438,0,write,153.415,17966.804,234.246,
large_16k,439,1,write,434.864,16526.837,267.438,
large_16k,440,2,read,68.827,4091.258,101.159,
large_16k,441,0,read,81.711,12243.495,229.718,
large_16k,442,1,read,88.234,6076.022,22.684,
large_16k,443,2,read,72.254,7688.269,103.203,
large_16k,444,0,read,55.653,6793.572,94.768,
large_16k,445,1,read,77.424,6763.105,126.266,
large_16k,446,2,read,74.549,5231.349,117.269,
large_16k,447,0,write,161.809,20206.953,221.873,
large_16k,448,1,write,119.07,24092.769,266.997,
large_16k,449,2,write,139.539,23445.401,1033.907,
large_16k,450,0,read,65.3,7801.819,412.767,
large_16k,451,1,read,144.228,5979.586,488.576,
large_16k,452,2,read,74.047,17714.147,366.611,
large_16k,453,0,read,73.586,19854.33,2232.216,
large_16k,454,1,read,109.101,11713.863,3228.602,
large_16k,455,2,read,185.054,7987.954,32.592,
large_16k,456,0,read,347.212,10400.401,276.555,
large_16k,457,1,write,900.278,13476.138,265.944,
large_16k,458,2,write,125.713,20202.094,172.602,
large_16k,459,0,write,141.423,29403.396,1020.151,
large_16k,460,1,read,82.003,9171.566,143.147,
large_16k,461,2,read,84.236,6660.946,462.569,
large_16k,462,0,read,84.847,19132.414,54.072,
large_16k,463,1,read,66.554,12340.536,105.156,
large_16k,464,2,read,82.893,8443.977,1331.669,
large_16k,465,0,read,58.347,49889.595,95.149,
large_16k,466,1,read,75.86,43004.104,169.406,
large_16k,467,2,write,164.033,35289.295,6108.045,
large_16k,468,0,write,13485.995,30986.086,5436.731,
large_16k,469,1,write,480.93,29427.62,9044.212,
large_16k,470,2,read,66.253,7888.56,270.823,
large_16k,471,0,read,57.326,5610.962,146.664,
large_16k,472,1,read,64.41,11949.64,123.401,
large_16k,473,2,read,59.441,6048.361,304.536,
large_16k,474,0,read,99.084,8866.872,224.658,
large_16k,475,1,read,84.176,14127.584,106.77,
large_16k,476,2,read,70.49,9126.822,2659.629,
large_16k,477,0,write,479.138,28227.308,992.77,
large_16k,478,1,write,251.977,29673.766,2541.148,
large_16k,479,2,write,1028.584,29841.095,933.672,
large_16k,480,0,read,107.969,5765.426,109.586,
large_16k,481,1,read,123.358,12063.471,287.445,
large_16k,482,2,read,136.472,8204.855,107.642,
large_16k,483,0,read,93.003,7228.527,306.79,
large_16k,484,1,read,146.801,8554.131,96.051,
large_16k,485,2,read,152.031,7529.965,104.777,
large_16k,486,0,read,66.574,7797.14,196.807,
large_16k,487,1,write,143.396,25430.468,204.25,
large_16k,488,2,write,1373.083,24214.516,363.976,
large_16k,489,0,write,671.804,24714.632,415.632,
large_16k,490,1,read,124.941,8888.552,111.539,
large_16k,491,2,read,101.268,9893.763,335.394,
large_16k,492,0,read,61.404,7073.39,249.574,
large_16k,493,1,read,79.227,9276.38,53.982,
large_16k,494,2,read,63.988,3742.85,105.749,
large_16k,495,0,read,183.27,5909.705,101.5,
large_16k,496,1,read,132.616,5618.617,99.115,
large_16k,497,2,write,241.537,18720.841,526.107,
large_16k,498,0,write,190.332,21228.254,373.043,
large_16k,499,1,write,108.199,21095.999,264.593,
large_16k,500,2,read,41.356,9753.713,4267.616,
large_16k,501,0,read,77.734,6183.272,817.897,
large_16k,502,1,read,81.521,8099.611,478.208,
large_16k,503,2,read,65.201,5714.052,288.767,
large_16k,504,0,read,52.977,7473.801,99.036,
large_16k,505,1,read,73.696,8024.472,101.26,
large_16k,506,2,read,113.61,9368.29,350.151,
large_16k,507,0,write,169.344,24139.437,298.815,
large_16k,508,1,write,149.157,23276.979,408.248,
large_16k,509,2,write,165.126,19950.568,284.089,
large_16k,510,0,read,62.727,6776.009,184.193,
large_16k,511,1,read,66.043,7949.272,296.391,
large_16k,512,2,read,350.259,6888.588,102.512,
large_16k,513,0,read,61.485,11710.458,90.089,
large_16k,514,1,read,79.237,10652.989,160.029,
large_16k,515,2,read,51.755,7452.332,87.324,
large_16k,516,0,read,73.446,8450.53,108.664,
large_16k,517,1,write,130.762,15652.859,318.192,
large_16k,518,2,write,300.366,21527.699,195.735,
large_16k,519,0,write,697.291,22059.585,402.628,
large_16k,520,1,read,110.745,11308.303,253.722,
large_16k,521,2,read,71.311,5594.379,33.355,
large_16k,522,0,read,63.448,7679.503,104.876,
large_16k,523,1,read,94.675,9973.992,316.108,
large_16k,524,2,read,61.734,7244.457,121.608,
large_16k,525,0,read,159.165,4332.463,105.438,
large_16k,526,1,read,115.594,3790.54,87.224,
large_16k,527,2,write,173.31,13120.799,300.119,
large_16k,528,0,write,143.726,6419.77,207.086,
large_16k,529,1,write,247.117,11152.755,639.678,
large_16k,530,2,read,65.272,3972.858,661.517,
large_16k,531,0,read,107.919,6592.619,151.844,
large_16k,532,1,read,82.002,8673.193,96.802,
large_16k,533,2,read,108.711,6798.791,117.931,
large_16k,534,0,read,65.06,5045.534,82.215,
large_16k,535,1,read,69.057,4286.949,170.308,
large_16k,536,2,read,73.016,6914.075,95.068,
large_16k,537,0,write,126.845,14350.517,327.138,
large_16k,538,1,write,131.153,15084.566,282.797,
large_16k,539,2,write,559.777,15713.282,392.218,
large_16k,540,0,read,70.351,8247.825,254.574,
large_16k,541,1,read,57.216,9392.645,312.341,
large_16k,542,2,read,73.476,9339.437,264.773,
large_16k,543,0,read,166.428,13989.168,137.808,
large_16k,544,1,read,89.996,6973.906,1959.071,
large_16k,545,2,read,284.808,5601.214,635.369,
large_16k,546,0,read,55.573,6574.055,94.928,
large_16k,547,1,write,359.076,16885.262,265.354,
large_16k,548,2,write,98.012,19113.087,412.316,
large_16k,549,0,write,162.702,13120.82,255.325,
large_16k,550,1,read,58.719,4086.298,82.725,
large_16k,551,2,read,59.611,3253.005,108.032,
large_16k,552,0,read,103.182,7417.919,250.576,
large_16k,553,1,read,86.491,7259.846,141.504,
large_16k,554,2,read,77.964,8860.33,106.76,
large_16k,555,0,read,63.607,5596.603,113.784,
large_16k,556,1,read,83.394,7037.193,260.134,
large_16k,557,2,write,169.574,13326.891,204.2,
large_16k,558,0,write,316.546,18749.013,412.156,
large_16k,559,1,write,137.515,20901.74,756.303,
large_16k,560,2,read,63.417,6131.855,147.977,
large_16k,561,0,read,62.956,6091.401,1560.823,
large_16k,562,1,read,104.744,3767.006,194.192,
large_16k,563,2,read,72.084,9518.898,164.497,
large_16k,564,0,read,203.046,14576.396,129.482,
large_16k,565,1,read,57.005,7106.611,148.538,
large_16k,566,2,read,63.286,5272.964,469.653,
large_16k,567,0,write,137.736,13439.941,209.64,
large_16k,568,1,write,112.568,13182.494,194.022,
large_16k,569,2,write,188.649,11514.845,256.828,
large_16k,570,0,read,81.43,5509.714,526.107,
large_16k,571,1,read,101.468,12402.6,91.612,
large_16k,572,2,read,103.733,10105.335,46.318,
large_16k,573,0,read,233.102,10171.888,107.0,
large_16k,574,1,read,75.599,4431.115,98.826,
large_16k,575,2,read,87.662,4619.165,41.199,
large_16k,576,0,read,88.204,6811.957,109.815,
large_16k,577,1,write,143.405,24558.191,235.409,
large_16k,578,2,write,151.019,31843.323,462.419,
large_16k,579,0,write,590.494,32454.526,171.6,
large_16k,580,1,read,72.795,14022.821,73.268,
large_16k,581,2,read,901.159,10860.273,1248.364,
large_16k,582,0,read,527.656,6478.447,417.236,
large_16k,583,1,read,93.593,16029.136,137.818,
large_16k,584,2,read,71.273,6379.977,2598.494,
large_16k,585,0,read,66.242,5325.242,247.391,
large_16k,586,1,read,95.247,12176.801,263.671,
large_16k,587,2,write,569.294,19861.976,779.636,
large_16k,588,0,write,506.619,18215.466,1256.98,
large_16k,589,1,write,147.262,14903.24,722.962,
large_16k,590,2,read,48.64,4675.929,37.282,
large_16k,591,0,read,63.128,4817.823,125.785,
large_16k,592,1,read,123.789,8299.79,146.505,
large_16k,593,2,read,60.331,5274.918,114.816,
large_16k,594,0,read,97.661,4460.471,113.052,
large_16k,595,1,read,69.028,7908.156,221.112,
large_16k,596,2,read,61.934,13267.481,201.727,
large_16k,597,0,write,121.805,21952.575,1271.368,
large_16k,598,1,write,122.998,35591.535,190.085,
large_16k,599,2,write,142.214,62592.001,1122.912,
large_16k,600,0,read,469.278,23472.48,1586.632,
large_16k,601,1,read,2764.469,28058.425,447.722,
large_16k,602,2,read,45.785,33727.083,130.474,
large_16k,603,0,read,60.962,23410.386,325.897,
large_16k,604,1,read,69.117,23311.713,6733.173,
large_16k,605,2,read,705.958,20777.761,129.072,
large_16k,606,0,read,114.022,6642.623,7768.59,
large_16k,607,1,write,231.939,25432.701,3946.973,
large_16k,608,2,write,510.115,29528.988,245.838,
large_16k,609,0,write,124.109,28820.275,1670.197,
large_16k,610,1,read,56.694,11949.15,375.108,
large_16k,611,2,read,373.591,8637.947,769.078,
large_16k,612,0,read,61.213,5030.116,432.294,
large_16k,613,1,read,80.819,22845.9,584.005,
large_16k,614,2,read,660.894,13794.678,230.169,
large_16k,615,0,read,53.308,6231.33,117.521,
large_16k,616,1,read,59.479,8511.101,152.286,
large_16k,617,2,write,157.652,13770.763,793.813,
large_16k,618,0,write,127.977,10056.515,123.331,
large_16k,619,1,write,101.589,16203.699,201.836,
large_16k,620,2,read,61.884,14076.78,49.936,
large_16k,621,0,read,52.698,9555.166,94.799,
large_16k,622,1,read,48.861,4676.962,111.72,
large_16k,623,2,read,72.814,5812.754,223.848,
large_16k,624,0,read,77.193,6569.137,225.971,
large_16k,625,1,read,80.279,10355.809,103.294,
large_16k,626,2,read,70.701,7601.428,1209.533,
large_16k,627,0,write,104.374,14855.332,241.32,
large_16k,628,1,write,509.805,12935.848,290.721,
large_16k,629,2,write,125.382,13199.856,354.87,
large_16k,630,0,read,60.111,8515.581,111.139,
large_16k,631,1,read,51.896,6029.086,86.052,
large_16k,632,2,read,74.368,13557.739,106.069,
large_16k,633,0,read,76.261,10061.123,32.623,
large_16k,634,1,read,45.765,8806.991,96.722,
large_16k,635,2,read,50.444,7211.485,98.205,
large_16k,636,0,read,66.554,7837.205,95.72,
large_16k,637,1,write,114.281,21828.596,214.02,
large_16k,638,2,write,308.631,33851.072,307.443,
large_16k,639,0,write,112.78,30257.637,183.743,
large_16k,640,1,read,52.617,15384.371,95.46,
large_16k,641,2,read,93.043,6626.572,107.983,
large_16k,642,0,read,138.647,5653.962,111.529,
large_16k,643,1,read,87.411,8103.747,118.323,
large_16k,644,2,read,101.138,11710.849,772.904,
large_16k,645,0,read,112.399,8635.944,241.019,
large_16k,646,1,read,424.747,8011.037,149.971,
large_16k,647,2,write,170.025,38251.331,234.407,
large_16k,648,0,write,209.388,43680.997,528.181,
large_16k,649,1,write,381.936,36278.366,5307.333,
large_16k,650,2,read,61.394,11440.138,283.277,
large_16k,651,0,read,266.674,5350.028,2497.408,
large_16k,652,1,read,68.227,7587.342,103.965,
large_16k,653,2,read,69.338,8687.269,96.281,
large_16k,654,0,read,58.859,5662.547,555.572,
large_16k,655,1,read,72.104,4765.906,790.998,
large_16k,656,2,read,61.193,4060.199,586.489,
large_16k,657,0,write,104.423,10068.897,248.764,
large_16k,658,1,write,124.591,17119.866,324.043,
large_16k,659,2,write,113.51,13853.206,375.629,
large_16k,660,0,read,80.66,3747.681,259.393,
large_16k,661,1,read,72.094,7102.143,90.711,
large_16k,662,2,read,61.693,7558.868,137.899,
large_16k,663,0,read,95.988,7411.686,352.045,
large_16k,664,1,read,68.818,6465.545,55.245,
large_16k,665,2,read,83.926,5195.311,106.921,
large_16k,666,0,read,113.811,5689.066,476.405,
large_16k,667,1,write,224.957,14365.004,719.335,
large_16k,668,2,write,100.637,11220.481,223.567,
large_16k,669,0,write,152.211,14622.009,343.77,
large_16k,670,1,read,54.18,5828.575,78.338,
large_16k,671,2,read,69.278,8291.345,131.948,
large_16k,672,0,read,66.462,7472.007,108.725,
large_16k,673,1,read,71.353,6712.782,105.608,
large_16k,674,2,read,73.686,4967.65,178.614,
large_16k,675,0,read,69.688,6214.208,106.721,
large_16k,676,1,read,72.665,5208.256,93.967,
large_16k,677,2,write,116.185,12567.435,178.033,
large_16k,678,0,write,150.708,16055.714,299.829,
large_16k,679,1,write,105.296,10910.086,159.067,
large_16k,680,2,read,72.935,7051.318,122.751,
large_16k,681,0,read,52.598,5388.059,67.628,
large_16k,682,1,read,70.6,5496.179,136.586,
large_16k,683,2,read,79.658,4811.492,230.87,
large_16k,684,0,read,71.943,6445.777,100.67,
large_16k,685,1,read,68.016,6923.212,99.307,
large_16k,686,2,read,146.951,4882.222,167.223,
large_16k,687,0,write,206.773,16510.077,178.674,
large_16k,688,1,write,176.738,23590.6,288.337,
large_16k,689,2,write,164.534,20540.45,216.314,
large_16k,690,0,read,58.519,4801.122,63.36,
large_16k,691,1,read,66.293,4687.642,110.878,
large_16k,692,2,read,66.463,5297.29,169.267,
large_16k,693,0,read,84.396,7564.729,251.359,
large_16k,694,1,read,76.572,5992.929,306.731,
large_16k,695,2,read,81.07,8186.761,103.105,
large_16k,696,0,read,83.996,6928.382,120.586,
large_16k,697,1,write,126.844,18060.458,283.108,
large_16k,698,2,write,141.673,15929.893,237.983,
large_16k,699,0,write,104.193,19067.653,267.819,
large_16k,700,1,read,122.168,8146.408,1154.791,
large_16k,701,2,read,68.167,5966.5,123.642,
large_16k,702,0,read,65.841,6928.22,124.424,
large_16k,703,1,read,70.772,3932.694,126.397,
large_16k,704,2,read,82.653,5214.437,96.391,
large_16k,705,0,read,71.172,5607.686,124.343,
large_16k,706,1,read,76.601,7302.965,90.491,
large_16k,707,2,write,144.548,15432.5,238.996,
large_16k,708,0,write,125.532,15827.002,255.927,
large_16k,709,1,write,152.683,13907.056,207.247,
large_16k,710,2,read,75.67,4806.431,54.775,
large_16k,711,0,read,64.951,5836.889,101.341,
large_16k,712,1,read,87.842,6743.629,114.255,
large_16k,713,2,read,74.178,9407.142,190.115,
large_16k,714,0,read,66.554,5215.519,185.106,
large_16k,715,1,read,80.109,5376.106,116.048,
large_16k,716,2,read,268.839,4304.643,316.579,
large_16k,717,0,write,271.913,11166.73,180.368,
large_16k,718,1,write,139.559,11241.119,206.355,
large_16k,719,2,write,94.023,14324.659,223.227,
large_16k,720,0,read,50.353,4840.935,117.26,
large_16k,721,1,read,63.847,6975.247,107.683,
large_16k,722,2,read,65.381,4113.778,26.322,
large_16k,723,0,read,98.443,4628.552,184.685,
large_16k,724,1,read,59.931,5450.765,96.792,
large_16k,725,2,read,68.727,3496.335,103.285,
large_16k,726,0,read,58.458,5469.139,146.775,
large_16k,727,1,write,245.354,11729.944,402.489,
large_16k,728,2,write,111.116,15815.471,209.17,
large_16k,729,0,write,155.728,16091.31,174.156,
large_16k,730,1,read,67.125,5226.921,97.133,
large_16k,731,2,read,62.216,4835.045,101.561,
large_16k,732,0,read,61.162,3793.375,86.754,
large_16k,733,1,read,61.203,12620.282,24.99,
large_16k,734,2,read,75.139,5401.103,77.096,
large_16k,735,0,read,70.079,5453.94,190.376,
large_16k,736,1,read,103.943,12052.471,106.881,
large_16k,737,2,write,182.778,20466.974,431.674,
large_16k,738,0,write,140.21,19730.201,198.922,
large_16k,739,1,write,258.509,19273.935,455.658,
large_16k,740,2,read,58.759,5911.729,78.649,
large_16k,741,0,read,103.181,7036.552,226.814,
large_16k,742,1,read,61.443,4843.109,90.712,
large_16k,743,2,read,81.161,9126.163,248.403,
large_16k,744,0,read,86.21,5669.409,140.173,
large_16k,745,1,read,85.999,5943.317,168.476,
large_16k,746,2,read,76.852,9318.588,312.022,
large_16k,747,0,write,155.547,15288.544,205.615,
large_16k,748,1,write,107.549,12421.685,189.705,
large_16k,749,2,write,132.746,15967.101,206.807,
large_16k,750,0,read,62.926,6635.469,62.179,
large_16k,751,1,read,116.305,3098.267,154.811,
large_16k,752,2,read,78.196,3842.437,143.659,
large_16k,753,0,read,61.794,4464.468,246.33,
large_16k,754,1,read,71.613,5537.366,105.769,
large_16k,755,2,read,112.648,5262.245,219.641,
large_16k,756,0,read,91.399,6143.257,25.922,
large_16k,757,1,write,129.8,15142.945,360.912,
large_16k,758,2,write,141.301,13094.911,624.13,
large_16k,759,0,write,143.477,9000.68,178.323,
large_16k,760,1,read,46.095,5769.495,88.698,
large_16k,761,2,read,57.637,5949.338,97.855,
large_16k,762,0,read,71.853,4304.622,98.877,
large_16k,763,1,read,83.064,3998.595,47.281,
large_16k,764,2,read,61.373,5616.32,140.585,
large_16k,765,0,read,70.43,5961.61,104.698,
large_16k,766,1,read,71.142,5127.386,119.044,
large_16k,767,2,write,137.435,10340.441,166.121,
large_16k,768,0,write,106.998,18192.051,169.678,
large_16k,769,1,write,131.243,20026.499,421.384,
large_16k,770,2,read,68.165,6529.412,910.651,
large_16k,771,0,read,68.947,5803.587,103.466,
large_16k,772,1,read,79.958,12731.248,109.437,
large_16k,773,2,read,84.216,11288.447,143.038,
large_16k,774,0,read,65.331,7814.702,93.437,
large_16k,775,1,read,76.071,6017.814,123.763,
large_16k,776,2,read,80.488,6825.429,301.012,
large_16k,777,0,write,107.859,9397.083,135.976,
large_16k,778,1,write,146.941,17239.276,935.427,
large_16k,779,2,write,102.519,13814.153,228.207,
large_16k,780,0,read,47.308,5437.962,178.133,
large_16k,781,1,read,228.384,5823.065,37.623,
large_16k,782,2,read,68.507,7376.781,123.072,
large_16k,783,0,read,56.204,6815.342,130.476,
large_16k,784,1,read,76.241,6706.501,105.67,
large_16k,785,2,read,75.519,11791.518,395.757,
large_16k,786,0,read,58.237,7156.544,105.59,
large_16k,787,1,write,502.611,12610.815,241.05,
large_16k,788,2,write,114.061,14442.347,204.102,
large_16k,789,0,write,213.064,14976.045,395.116,
large_16k,790,1,read,56.915,6726.106,105.79,
large_16k,791,2,read,58.488,6237.752,109.176,
large_16k,792,0,read,61.203,4000.76,120.557,
large_16k,793,1,read,86.941,6267.727,132.67,
large_16k,794,2,read,113.159,4378.689,105.279,
large_16k,795,0,read,76.241,5270.261,68.801,
large_16k,796,1,read,58.127,10589.371,112.533,
large_16k,797,2,write,113.721,14989.271,183.413,
large_16k,798,0,write,149.356,13959.513,190.587,
large_16k,799,1,write,126.194,20570.717,207.128,
large_16k,800,2,read,74.268,7485.704,203.34,
large_16k,801,0,read,52.017,5338.167,758.949,
large_16k,802,1,read,60.732,5668.708,94.61,
large_16k,803,2,read,64.9,5119.321,107.874,
large_16k,804,0,read,70.731,3748.072,102.403,
large_16k,805,1,read,86.079,12574.558,222.757,
large_16k,806,2,read,68.977,6379.504,113.805,
large_16k,807,0,write,155.858,17232.293,219.892,
large_16k,808,1,write,124.931,14540.338,558.659,
large_16k,809,2,write,1012.796,15112.859,332.47,
large_16k,810,0,read,79.097,3616.799,154.36,
large_16k,811,1,read,120.694,11501.751,493.037,
large_16k,812,2,read,151.762,6552.696,227.695,
large_16k,813,0,read,99.275,8744.896,104.948,
large_16k,814,1,read,88.394,4171.486,126.799,
large_16k,815,2,read,72.775,7837.265,82.276,
large_16k,816,0,read,70.02,5124.18,99.919,
large_16k,817,1,write,156.59,19748.935,188.443,
large_16k,818,2,write,568.923,16212.847,192.3,
large_16k,819,0,write,114.271,13428.88,217.187,
large_16k,820,1,read,163.303,4388.086,239.237,
large_16k,821,2,read,369.204,6070.984,142.137,
large_16k,822,0,read,63.397,5350.559,91.243,
large_16k,823,1,read,69.789,6611.595,110.298,
large_16k,824,2,read,64.61,5614.869,2681.66,
large_16k,825,0,read,59.931,4050.071,99.128,
large_16k,826,1,read,66.213,4615.018,105.559,
large_16k,827,2,write,137.535,23246.293,351.074,
large_16k,828,0,write,153.714,21994.022,206.096,
large_16k,829,1,write,292.732,21571.43,435.962,
large_16k,830,2,read,74.719,6590.276,300.901,
large_16k,831,0,read,49.983,6468.51,104.808,
large_16k,832,1,read,79.748,6420.049,97.164,
large_16k,833,2,read,65.422,8062.563,12.126,
large_16k,834,0,read,78.615,6597.919,129.995,
large_16k,835,1,read,393.388,7020.111,198.973,
large_16k,836,2,read,72.835,7338.991,139.633,
large_16k,837,0,write,134.439,18470.017,334.974,
large_16k,838,1,write,256.295,20824.768,277.558,
large_16k,839,2,write,83.054,24024.685,153.257,
large_16k,840,0,read,63.207,6302.502,120.778,
large_16k,841,1,read,72.184,10757.132,89.77,
large_16k,842,2,read,103.552,8968.44,145.403,
large_16k,843,0,read,63.608,13850.952,72.999,
large_16k,844,1,read,86.07,7021.905,137.799,
large_16k,845,2,read,72.334,9180.812,386.26,
large_16k,846,0,read,67.777,5516.948,70.093,
large_16k,847,1,write,171.588,25207.144,307.493,
large_16k,848,2,write,132.386,25971.079,981.582,
large_16k,849,0,write,107.098,23560.624,705.09,
large_16k,850,1,read,59.039,7113.034,393.092,
large_16k,851,2,read,55.944,7051.058,104.027,
large_16k,852,0,read,77.493,24580.122,149.01,
large_16k,853,1,read,57.718,11975.68,3704.274,
large_16k,854,2,read,65.963,13126.741,141.937,
large_16k,855,0,read,74.127,9653.237,302.775,
large_16k,856,1,read,60.582,14116.764,218.018,
large_16k,857,2,write,142.974,20740.05,267.35,
large_16k,858,0,write,166.739,19751.96,921.782,
large_16k,859,1,write,132.656,29156.348,199.985,
large_16k,860,2,read,262.356,15596.083,529.676,
large_16k,861,0,read,65.612,7647.203,1327.663,
large_16k,862,1,read,63.958,5720.094,94.289,
large_16k,863,2,read,75.369,6990.275,80.264,
large_16k,864,0,read,74.699,9902.269,323.123,
large_16k,865,1,read,59.391,8644.3,352.547,
large_16k,866,2,read,53.85,7793.183,141.326,
large_16k,867,0,write,153.935,20671.393,321.47,
large_16k,868,1,write,126.995,18066.75,380.119,
large_16k,869,2,write,162.992,18341.239,151.915,
large_16k,870,0,read,66.864,7517.543,639.529,
large_16k,871,1,read,59.45,3887.089,207.95,
large_16k,872,2,read,132.185,4189.019,127.4,
large_16k,873,0,read,83.885,8990.16,89.971,
large_16k,874,1,read,78.445,6011.172,277.91,
large_16k,875,2,read,79.256,7640.75,160.262,
large_16k,876,0,read,71.443,6825.692,232.264,
large_16k,877,1,write,121.595,21709.286,169.258,
large_16k,878,2,write,140.881,22810.264,287.287,
large_16k,879,0,write,111.977,19911.947,322.322,
large_16k,880,1,read,63.468,6622.986,299.809,
large_16k,881,2,read,69.429,6944.991,110.249,
large_16k,882,0,read,514.512,6990.746,84.642,
large_16k,883,1,read,72.925,9296.767,117.953,
large_16k,884,2,read,59.349,9747.172,100.601,
large_16k,885,0,read,77.054,8282.46,104.658,
large_16k,886,1,read,53.429,7538.622,125.497,
large_16k,887,2,write,162.02,14977.108,193.172,
large_16k,888,0,write,115.523,21366.822,334.294,
large_16k,889,1,write,192.097,15898.234,610.525,
large_16k,890,2,read,97.3,5621.14,1339.195,
large_16k,891,0,read,54.922,6154.779,29.599,
large_16k,892,1,read,65.05,4945.929,85.894,
large_16k,893,2,read,71.222,4774.792,149.502,
large_16k,894,0,read,67.135,5066.112,87.677,
large_16k,895,1,read,81.781,4016.438,298.087,
large_16k,896,2,read,59.71,6071.996,104.027,
large_16k,897,0,write,234.745,12192.16,395.457,
large_16k,898,1,write,117.037,13139.475,173.045,
large_16k,899,2,write,121.054,14374.081,216.375,
large_16k,900,0,read,54.971,6967.243,97.245,
large_16k,901,1,read,59.22,6457.379,256.089,
large_16k,902,2,read,89.335,4353.142,157.687,
large_16k,903,0,read,72.594,5886.371,139.874,
large_16k,904,1,read,69.7,6305.998,97.435,
large_16k,905,2,read,73.787,5923.851,118.845,
large_16k,906,0,read,92.602,7498.457,95.882,
large_16k,907,1,write,154.717,15166.207,210.304,
large_16k,908,2,write,118.639,18993.756,274.834,
large_16k,909,0,write,158.805,15031.088,526.74,
large_16k,910,1,read,55.272,3351.517,99.088,
large_16k,911,2,read,74.548,7516.401,149.431,
large_16k,912,0,read,74.848,8506.453,111.552,
large_16k,913,1,read,64.39,6895.07,170.841,
large_16k,914,2,read,74.068,5348.086,139.873,
large_16k,915,0,read,82.022,6712.161,169.148,
large_16k,916,1,read,114.682,7077.386,138.572,
large_16k,917,2,write,122.837,14710.353,187.322,
large_16k,918,0,write,277.354,10182.849,203.161,
large_16k,919,1,write,91.99,16639.286,421.726,
large_16k,920,2,read,65.581,7728.543,499.48,
large_16k,921,0,read,74.91,7568.467,357.246,
large_16k,922,1,read,54.23,6425.37,75.725,
large_16k,923,2,read,66.524,5902.462,113.064,
large_16k,924,0,read,70.852,8249.458,120.818,
large_16k,925,1,read,90.989,6067.477,134.253,
large_16k,926,2,read,81.842,8558.191,109.547,
large_16k,927,0,write,152.993,14277.962,198.182,
large_16k,928,1,write,113.18,16626.393,545.004,
large_16k,929,2,write,208.116,14431.568,299.95,
large_16k,930,0,read,55.834,6346.355,94.94,
large_16k,931,1,read,71.632,8896.086,85.383,
large_16k,932,2,read,54.731,7906.994,163.097,
large_16k,933,0,read,63.919,9096.737,103.837,
large_16k,934,1,read,82.553,6112.1,106.292,
large_16k,935,2,read,77.794,5770.006,114.267,
large_16k,936,0,read,57.917,7340.565,98.948,
large_16k,937,1,write,872.145,21816.714,202.45,
large_16k,938,2,write,187.277,31033.063,1990.411,
large_16k,939,0,write,2163.567,50985.476,189.045,
large_16k,940,1,read,312.91,16132.598,229.319,
large_16k,941,2,read,69.179,31754.801,991.921,
large_16k,942,0,read,316.015,17344.511,5395.087,
large_16k,943,1,read,48.069,12630.12,114.187,
large_16k,944,2,read,56.204,4962.961,89.3,
large_16k,945,0,read,68.327,5631.149,137.329,
large_16k,946,1,read,65.721,9676.791,111.552,
large_16k,947,2,write,2285.734,29217.69,497.316,
large_16k,948,0,write,543.196,29989.571,244.417,
large_16k,949,1,write,118.409,34309.261,1664.236,
large_16k,950,2,read,51.545,7834.238,238.386,
large_16k,951,0,read,53.599,26738.81,375.56,
large_16k,952,1,read,174.914,15949.368,1580.18,
large_16k,953,2,read,155.077,12760.372,123.653,
large_16k,954,0,read,49.602,9876.851,168.717,
large_16k,955,1,read,65.792,16060.294,182.532,
large_16k,956,2,read,748.646,12948.3,145.684,
large_16k,957,0,write,113.51,25029.565,159.59,
large_16k,958,1,write,95.497,28055.139,210.313,
large_16k,959,2,write,399.63,30378.2,1564.622,
large_16k,960,0,read,62.717,12339.293,86.023,
large_16k,961,1,read,71.433,9567.369,101.532,
large_16k,962,2,read,79.998,6476.133,502.034,
large_16k,963,0,read,61.585,9848.942,83.498,
large_16k,964,1,read,51.205,7020.703,93.377,
large_16k,965,2,read,77.654,7096.462,94.399,
large_16k,966,0,read,290.929,12708.706,136.908,
large_16k,967,1,write,230.857,14647.317,647.534,
large_16k,968,2,write,119.652,19117.126,217.377,
large_16k,969,0,write,152.262,25848.381,212.969,
large_16k,970,1,read,120.463,14808.746,313.575,
large_16k,971,2,read,271.303,7880.996,326.749,
large_16k,972,0,read,88.374,10055.403,113.685,
large_16k,973,1,read,60.353,6891.613,382.643,
large_16k,974,2,read,69.719,6210.842,239.428,
large_16k,975,0,read,56.405,6299.398,20.071,
large_16k,976,1,read,80.268,13621.757,114.347,
large_16k,977,2,write,144.067,25386.245,862.622,
large_16k,978,0,write,179.212,30492.472,203.191,
large_16k,979,1,write,114.972,31244.774,241.322,
large_16k,980,2,read,62.135,11145.492,565.171,
large_16k,981,0,read,318.119,8832.718,236.673,
large_16k,982,1,read,62.055,13588.656,224.019,
large_16k,983,2,read,54.51,4244.561,137.89,
large_16k,984,0,read,97.25,10395.152,153.499,
large_16k,985,1,read,69.308,8189.597,103.707,
large_16k,986,2,read,69.61,9179.511,204.282,
large_16k,987,0,write,135.962,24859.721,232.986,
large_16k,988,1,write,202.366,24029.342,168.346,
large_16k,989,2,write,130.793,30690.129,208.671,
large_16k,990,0,read,59.64,9439.852,226.284,
large_16k,991,1,read,61.394,12725.067,304.959,
large_16k,992,2,read,57.877,18049.948,363.588,
large_16k,993,0,read,68.366,15185.814,184.777,
large_16k,994,1,read,686.15,37751.065,166.974,
large_16k,995,2,read,77.384,18773.209,779.949,
large_16k,996,0,read,102.97,14604.277,1133.985,
large_16k,997,1,write,816.332,33500.903,757.007,
large_16k,998,2,write,129.99,45613.425,1842.067,
large_16k,999,0,write,108.551,50774.854,275.766,
large_16k,1000,1,read,234.234,21763.246,5461.64,
large_16k,1001,2,read,272.796,21983.764,2187.346,
large_16k,1002,0,read,76.582,24464.458,105.26,
large_16k,1003,1,read,88.093,9146.349,905.282,
large_16k,1004,2,read,39.774,7514.116,72.88,
large_16k,1005,0,read,87.072,6676.476,89.5,
large_16k,1006,1,read,151.199,10101.528,10.545,
large_16k,1007,2,write,222.732,21917.811,237.265,
large_16k,1008,0,write,112.417,19777.527,252.944,
large_16k,1009,1,write,126.163,24764.063,174.889,
large_16k,1010,2,read,55.873,6441.589,72.089,
large_16k,1011,0,read,73.697,6344.109,114.377,
large_16k,1012,1,read,65.482,8988.477,134.614,
large_16k,1013,2,read,75.229,7516.189,417.208,
large_16k,1014,0,read,204.389,27365.391,1179.128,
large_16k,1015,1,read,68.747,15283.134,5064.224,
large_16k,1016,2,read,80.189,11672.858,354.04,
large_16k,1017,0,write,108.522,14411.72,296.443,
large_16k,1018,1,write,196.445,11196.256,212.818,
large_16k,1019,2,write,102.138,11366.671,427.066,
large_16k,1020,0,read,51.145,4510.283,89.841,
large_16k,1021,1,read,74.498,8550.355,133.321,
large_16k,1022,2,read,70.851,24029.573,104.448,
large_16k,1023,0,read,94.585,14330.731,766.113,
large_16k,1024,1,read,110.785,4626.659,1357.749,
large_16k,1025,2,read,65.041,7788.584,137.429,
large_16k,1026,0,read,61.725,27728.534,115.248,
large_16k,1027,1,write,147.513,43381.964,873.042,
large_16k,1028,2,write,108.741,43142.369,3026.961,
large_16k,1029,0,write,146.572,29144.235,2234.403,
large_16k,1030,1,read,80.23,11190.846,413.901,
large_16k,1031,2,read,295.938,6379.615,188.184,
large_16k,1032,0,read,317.218,5142.504,228.718,
large_16k,1033,1,read,64.711,10313.259,107.344,
large_16k,1034,2,read,108.08,5578.431,63.723,
large_16k,1035,0,read,62.497,8149.614,102.524,
large_16k,1036,1,read,52.607,5179.813,594.436,
large_16k,1037,2,write,141.261,19182.406,219.692,
large_16k,1038,0,write,416.2,22353.839,181.742,
large_16k,1039,1,write,474.85,19188.398,216.926,
large_16k,1040,2,read,67.765,8002.601,172.805,
large_16k,1041,0,read,109.242,8316.271,480.956,
large_16k,1042,1,read,53.308,6485.119,91.545,
large_16k,1043,2,read,83.705,6030.819,106.873,
large_16k,1044,0,read,66.604,4968.822,107.053,
large_16k,1045,1,read,70.971,4877.352,102.275,
large_16k,1046,2,read,71.542,5196.364,141.156,
large_16k,1047,0,write,170.757,13374.49,272.519,
large_16k,1048,1,write,145.499,12891.835,232.165,
large_16k,1049,2,write,121.976,16765.72,177.544,
large_16k,1050,0,read,55.123,6070.954,89.25,
large_16k,1051,1,read,65.942,8266.289,118.184,
large_16k,1052,2,read,89.536,6427.214,103.165,
large_16k,1053,0,read,95.267,6926.768,99.078,
large_16k,1054,1,read,79.307,7170.2,139.142,
large_16k,1055,2,read,137.275,6016.063,552.989,
large_16k,1056,0,read,55.813,8836.255,187.663,
large_16k,1057,1,write,125.453,10129.37,236.383,
large_16k,1058,2,write,158.824,10979.384,243.366,
large_16k,1059,0,write,134.86,12824.963,286.796,
large_16k,1060,1,read,69.499,3937.973,86.125,
large_16k,1061,2,read,75.319,6043.041,105.401,
large_16k,1062,0,read,83.174,6625.29,100.832,
large_16k,1063,1,read,77.103,7723.163,260.438,
large_16k,1064,2,read,67.635,5722.968,123.695,
large_16k,1065,0,read,87.021,6691.833,105.21,
large_16k,1066,1,read,92.3,9618.553,102.245,
large_16k,1067,2,write,161.378,8668.764,230.833,
large_16k,1068,0,write,125.473,11198.7,242.544,
large_16k,1069,1,write,138.788,10206.543,177.764,
large_16k,1070,2,read,85.528,3204.695,203.362,
large_16k,1071,0,read,64.61,5013.014,97.947,
large_16k,1072,1,read,62.286,5151.401,97.335,
large_16k,1073,2,read,70.892,3262.623,157.887,
large_16k,1074,0,read,74.408,5505.807,261.029,
large_16k,1075,1,read,76.662,4854.941,180.49,
large_16k,1076,2,read,71.552,4717.657,139.233,
large_16k,1077,0,write,132.315,10467.216,236.884,
large_16k,1078,1,write,185.744,15036.597,230.412,
large_16k,1079,2,write,120.032,15209.257,218.501,
large_16k,1080,0,read,53.209,5828.073,93.599,
large_16k,1081,1,read,71.934,4141.08,121.79,
large_16k,1082,2,read,69.048,5624.957,202.811,
large_16k,1083,0,read,112.278,4993.057,110.48,
large_16k,1084,1,read,106.226,4780.162,260.148,
large_16k,1085,2,read,68.908,5633.884,144.503,
large_16k,1086,0,read,61.304,6876.135,93.178,
large_16k,1087,1,write,152.043,10391.906,201.408,
large_16k,1088,2,write,131.683,11215.48,241.213,
large_16k,1089,0,write,124.591,7793.344,213.551,
large_16k,1090,1,read,43.691,5070.671,86.125,
large_16k,1091,2,read,72.505,5101.789,92.005,
large_16k,1092,0,read,65.821,5393.639,88.179,
large_16k,1093,1,read,52.507,4103.319,115.87,
large_16k,1094,2,read,60.092,3217.79,272.279,
large_16k,1095,0,read,66.142,5830.358,96.344,
large_16k,1096,1,read,58.078,5981.508,98.568,
large_16k,1097,2,write,102.179,13234.391,171.994,
large_16k,1098,0,write,90.437,10891.5,182.153,
large_16k,1099,1,write,95.748,12340.425,214.002,
large_16k,1100,2,read,55.343,4384.2,93.669,
large_16k,1101,0,read,62.796,4744.597,113.626,
large_16k,1102,1,read,66.133,7540.556,127.962,
large_16k,1103,2,read,106.528,4160.716,218.54,
large_16k,1104,0,read,64.801,4759.976,116.671,
large_16k,1105,1,read,70.802,6388.613,100.742,
large_16k,1106,2,read,60.151,5899.325,66.199,
large_16k,1107,0,write,136.112,15771.219,191.28,
large_16k,1108,1,write,112.067,12932.05,174.68,
large_16k,1109,2,write,120.012,19162.769,178.387,
large_16k,1110,0,read,48.32,11779.756,219.833,
large_16k,1111,1,read,51.615,15012.092,384.358,
large_16k,1112,2,read,70.871,13033.588,211.277,
large_16k,1113,0,read,59.651,5417.824,322.733,
large_16k,1114,1,read,60.062,7700.201,94.831,
large_16k,1115,2,read,65.893,6603.63,101.944,
large_16k,1116,0,read,71.492,5572.88,300.683,
large_16k,1117,1,write,108.631,13864.376,198.263,
large_16k,1118,2,write,125.192,13327.743,279.393,
large_16k,1119,0,write,553.616,11891.925,620.544,
large_16k,1120,1,read,59.129,8563.83,296.996,
large_16k,1121,2,read,61.264,6218.797,81.025,
large_16k,1122,0,read,48.961,3612.66,107.475,
large_16k,1123,1,read,70.201,4876.762,111.572,
large_16k,1124,2,read,62.545,5266.714,151.266,
large_16k,1125,0,read,79.136,5170.535,533.043,
large_16k,1126,1,read,79.969,10501.8,115.469,
large_16k,1127,2,write,106.988,10017.933,164.27,
large_16k,1128,0,write,101.127,8836.906,181.642,
large_16k,1129,1,write,192.858,16975.258,173.567,
large_16k,1130,2,read,53.259,6207.086,100.732,
large_16k,1131,0,read,47.799,3193.304,79.172,
large_16k,1132,1,read,58.198,10687.263,99.85,
large_16k,1133,2,read,74.939,4675.179,108.477,
large_16k,1134,0,read,65.332,6307.913,180.85,
large_16k,1135,1,read,72.514,4845.924,155.654,
large_16k,1136,2,read,52.187,4911.586,103.397,
large_16k,1137,0,write,122.787,13894.903,189.597,
large_16k,1138,1,write,113.25,16454.093,187.132,
large_16k,1139,2,write,660.563,11481.393,868.314,
large_16k,1140,0,read,62.245,5796.976,144.033,
large_16k,1141,1,read,64.7,4095.165,106.142,
large_16k,1142,2,read,63.857,6866.436,90.013,
large_16k,1143,0,read,67.265,5181.016,169.93,
large_16k,1144,1,read,69.208,7539.713,566.525,
large_16k,1145,2,read,72.475,3915.692,113.976,
large_16k,1146,0,read,59.461,5473.878,98.638,
large_16k,1147,1,write,143.877,12521.209,205.757,
large_16k,1148,2,write,101.589,11441.059,221.125,
large_16k,1149,0,write,144.728,9843.861,385.029,
large_16k,1150,1,read,47.899,3613.412,191.581,
large_16k,1151,2,read,126.083,5249.161,121.862,
large_16k,1152,0,read,47.818,3349.594,123.094,
large_16k,1153,1,read,72.043,5519.092,174.288,
large_16k,1154,2,read,157.933,9179.441,134.625,
large_16k,1155,0,read,209.949,3204.926,81.436,
large_16k,1156,1,read,70.1,6674.452,95.392,
large_16k,1157,2,write,116.487,19229.704,199.114,
large_16k,1158,0,write,148.394,19003.574,191.3,
large_16k,1159,1,write,105.977,16539.481,411.247,
large_16k,1160,2,read,46.967,5727.367,142.75,
large_16k,1161,0,read,76.692,6312.791,112.915,
large_16k,1162,1,read,60.241,7130.936,99.921,
large_16k,1163,2,read,68.326,5559.476,68.673,
large_16k,1164,0,read,66.483,6382.11,93.098,
large_16k,1165,1,read,73.536,6299.276,151.086,
large_16k,1166,2,read,44.943,3263.844,24.651,
large_16k,1167,0,write,128.859,7350.002,305.722,
large_16k,1168,1,write,127.065,10678.135,191.26,
large_16k,1169,2,write,152.293,14628.082,183.064,
large_16k,1170,0,read,102.339,5336.252,217.749,
large_16k,1171,1,read,64.891,6760.05,96.013,
large_16k,1172,2,read,55.783,4826.388,87.788,
large_16k,1173,0,read,69.889,6677.747,188.364,
large_16k,1174,1,read,58.859,6931.827,107.364,
large_16k,1175,2,read,62.346,7514.356,91.966,
large_16k,1176,0,read,85.088,4343.184,170.43,
large_16k,1177,1,write,123.078,12483.45,148.7,
large_16k,1178,2,write,154.908,12659.526,263.553,
large_16k,1179,0,write,107.78,13107.115,185.719,
large_16k,1180,1,read,58.058,8384.438,85.544,
large_16k,1181,2,read,49.742,6417.855,132.722,
large_16k,1182,0,read,66.753,7333.811,108.577,
large_16k,1183,1,read,57.796,6253.561,110.19,
large_16k,1184,2,read,62.786,6229.237,516.572,
large_16k,1185,0,read,90.918,7795.537,222.187,
large_16k,1186,1,read,71.253,9458.338,143.751,
large_16k,1187,2,write,1142.155,15055.163,198.112,
large_16k,1188,0,write,107.338,13140.435,215.285,
large_16k,1189,1,write,166.478,22292.255,868.184,
large_16k,1190,2,read,75.461,5841.318,298.748,
large_16k,1191,0,read,66.924,13982.316,453.495,
large_16k,1192,1,read,58.969,6426.842,99.951,
large_16k,1193,2,read,64.129,7523.965,121.39,
large_16k,1194,0,read,74.958,6136.384,159.04,
large_16k,1195,1,read,62.816,10926.706,438.397,
large_16k,1196,2,read,57.076,9483.494,101.413,
large_16k,1197,0,write,98.412,17153.508,192.422,
large_16k,1198,1,write,120.313,17985.269,178.696,
large_16k,1199,2,write,139.888,16886.333,460.208,
large_16k,1200,0,read,51.826,7275.986,35.631,
large_16k,1201,1,read,56.254,8602.562,209.433,
large_16k,1202,2,read,78.355,5058.639,333.012,
large_16k,1203,0,read,69.267,10724.912,178.516,
large_16k,1204,1,read,98.982,9535.599,225.223,
large_16k,1205,2,read,77.974,9487.391,95.272,
large_16k,1206,0,read,63.647,5291.72,83.911,
large_16k,1207,1,write,442.148,17246.24,183.916,
large_16k,1208,2,write,108.08,19320.341,418.861,
large_16k,1209,0,write,146.792,23608.031,185.078,
large_16k,1210,1,read,48.28,10754.006,298.928,
large_16k,1211,2,read,62.647,6330.755,455.768,
large_16k,1212,0,read,60.872,5248.55,95.071,
large_16k,1213,1,read,71.402,9423.182,193.353,
large_16k,1214,2,read,44.001,7026.673,113.465,
large_16k,1215,0,read,60.703,6318.503,145.634,
large_16k,1216,1,read,147.473,7013.89,85.293,
large_16k,1217,2,write,110.103,13031.904,218.931,
large_16k,1218,0,write,122.096,10088.164,184.597,
large_16k,1219,1,write,124.521,18433.539,195.206,
large_16k,1220,2,read,77.574,7209.581,113.225,
large_16k,1221,0,read,53.849,7435.71,293.93,
large_16k,1222,1,read,60.802,7144.993,92.556,
large_16k,1223,2,read,43.48,5713.461,92.316,
large_16k,1224,0,read,54.481,3176.313,83.219,
large_16k,1225,1,read,50.283,8500.493,103.176,
large_16k,1226,2,read,54.581,9691.9,114.477,
large_16k,1227,0,write,97.751,15884.418,162.085,
large_16k,1228,1,write,134.298,20035.596,208.872,
large_16k,1229,2,write,136.262,17605.225,192.321,
large_16k,1230,0,read,54.481,4405.028,82.658,
large_16k,1231,1,read,63.348,8680.837,103.236,
large_16k,1232,2,read,57.227,9505.464,95.261,
large_16k,1233,0,read,335.551,7817.398,106.432,
large_16k,1234,1,read,65.601,6849.074,16.105,
large_16k,1235,2,read,242.43,6288.447,173.496,
large_16k,1236,0,read,56.645,4925.613,96.654,
large_16k,1237,1,write,131.003,14428.722,374.448,
large_16k,1238,2,write,145.139,19399.438,152.337,
large_16k,1239,0,write,100.978,23163.78,209.673,
large_16k,1240,1,read,40.696,7021.856,132.159,
large_16k,1241,2,read,74.929,6839.897,90.252,
large_16k,1242,0,read,66.504,3958.642,93.578,
large_16k,1243,1,read,80.99,6121.307,750.174,
large_16k,1244,2,read,56.594,7414.562,528.103,
large_16k,1245,0,read,45.664,3701.625,97.736,
large_16k,1246,1,read,99.984,5287.842,103.778,
large_16k,1247,2,write,344.198,12829.741,196.709,
large_16k,1248,0,write,104.663,14572.528,263.333,
large_16k,1249,1,write,441.638,24361.538,102.254,
large_16k,1250,2,read,89.687,11388.722,337.57,
large_16k,1251,0,read,86.711,4957.521,10.845,
large_16k,1252,1,read,63.076,6144.98,445.861,
large_16k,1253,2,read,64.409,6799.682,49.988,
large_16k,1254,0,read,68.107,6378.474,88.729,
large_16k,1255,1,read,60.743,6236.801,92.687,
large_16k,1256,2,read,92.051,6008.699,95.732,
large_16k,1257,0,write,130.131,15488.735,170.261,
large_16k,1258,1,write,170.445,17789.796,159.782,
large_16k,1259,2,write,159.005,18417.8,272.4,
large_16k,1260,0,read,179.933,6146.874,209.814,
large_16k,1261,1,read,61.653,10804.65,216.968,
large_16k,1262,2,read,65.32,6181.237,96.314,
large_16k,1263,0,read,81.852,5916.748,357.267,
large_16k,1264,1,read,64.489,6958.758,45.4,
large_16k,1265,2,read,78.615,4298.0,107.505,
large_16k,1266,0,read,66.304,5226.62,66.548,
large_16k,1267,1,write,144.458,11288.777,203.522,
large_16k,1268,2,write,149.868,16109.335,197.07,
large_16k,1269,0,write,132.125,51451.858,225.263,
large_16k,1270,1,read,44.232,42261.308,141.928,
large_16k,1271,2,read,66.904,32178.745,89.952,
large_16k,1272,0,read,70.891,22266.016,95.092,
large_16k,1273,1,read,62.055,12275.684,110.751,
large_16k,1274,2,read,93.021,4895.396,101.374,
large_16k,1275,0,read,101.909,7497.635,90.493,
large_16k,1276,1,read,67.094,5389.882,208.692,
large_16k,1277,2,write,146.792,9529.549,210.405,
large_16k,1278,0,write,117.778,12250.307,149.883,
large_16k,1279,1,write,101.087,13810.317,304.88,
large_16k,1280,2,read,39.934,7512.063,99.339,
large_16k,1281,0,read,84.376,7839.568,96.895,
large_16k,1282,1,read,64.18,5469.53,93.328,
large_16k,1283,2,read,60.873,6578.513,102.916,
large_16k,1284,0,read,74.167,7091.704,81.557,
large_16k,1285,1,read,68.037,4552.702,137.58,
large_16k,1286,2,read,76.893,3490.335,110.75,
large_16k,1287,0,write,167.039,10277.714,223.77,
large_16k,1288,1,write,103.763,14933.246,205.997,
large_16k,1289,2,write,119.522,15513.421,282.639,
large_16k,1290,0,read,42.77,4499.945,93.618,
large_16k,1291,1,read,50.985,4935.27,83.51,
large_16k,1292,2,read,59.991,9836.668,96.484,
large_16k,1293,0,read,92.019,9674.076,62.923,
large_16k,1294,1,read,47.789,5847.901,171.292,
large_16k,1295,2,read,64.96,11281.443,139.835,
large_16k,1296,0,read,59.64,3929.227,652.584,
large_16k,1297,1,write,175.074,24404.597,373.688,
large_16k,1298,2,write,147.232,19864.228,441.053,
large_16k,1299,0,write,449.292,16988.823,2792.567,
large_16k,1300,1,read,45.985,5661.044,96.234,
large_16k,1301,2,read,64.45,16443.003,82.037,
large_16k,1302,0,read,70.962,7539.444,361.204,
large_16k,1303,1,read,52.446,9775.503,25.714,
large_16k,1304,2,read,37.95,6335.143,74.464,
large_16k,1305,0,read,54.841,7288.979,112.504,
large_16k,1306,1,read,88.073,5249.672,121.742,
large_16k,1307,2,write,133.127,26089.418,180.008,
large_16k,1308,0,write,98.171,32918.805,306.363,
large_16k,1309,1,write,134.37,35399.731,514.227,
large_16k,1310,2,read,50.013,4895.106,57.551,
large_16k,1311,0,read,59.209,10903.594,309.759,
large_16k,1312,1,read,50.705,56567.574,343.741,
large_16k,1313,2,read,920.635,27817.969,21324.458,
large_16k,1314,0,read,103.061,30837.24,12253.168,
large_16k,1315,1,read,157.081,30880.92,2357.371,
large_16k,1316,2,read,46.537,21474.451,1331.831,
large_16k,1317,0,write,2365.562,28226.085,255.197,
large_16k,1318,1,write,106.527,27953.639,885.375,
large_16k,1319,2,write,108.211,25902.001,363.217,
large_16k,1320,0,read,110.414,8821.016,20.984,
large_16k,1321,1,read,79.207,7528.243,173.526,
large_16k,1322,2,read,62.807,4709.533,82.708,
large_16k,1323,0,read,190.984,12241.061,104.669,
large_16k,1324,1,read,60.472,5531.455,93.909,
large_16k,1325,2,read,66.273,10196.404,182.523,
large_16k,1326,0,read,91.45,14595.13,103.517,
large_16k,1327,1,write,127.817,35334.509,2409.949,
large_16k,1328,2,write,138.016,35760.029,211.867,
large_16k,1329,0,write,1642.863,28431.325,1701.937,
large_16k,1330,1,read,57.026,8413.612,170.852,
large_16k,1331,2,read,50.442,7561.734,96.515,
large_16k,1332,0,read,43.901,8961.166,224.261,
large_16k,1333,1,read,69.859,8192.242,125.298,
large_16k,1334,2,read,72.264,10984.413,99.48,
large_16k,1335,0,read,64.089,12094.219,96.434,
large_16k,1336,1,read,56.815,6296.811,103.578,
large_16k,1337,2,write,158.985,14037.658,467.662,
large_16k,1338,0,write,155.307,15682.463,259.978,
large_16k,1339,1,write,136.603,15131.313,155.684,
large_16k,1340,2,read,48.19,7740.016,102.495,
large_16k,1341,0,read,114.852,8617.099,538.073,
large_16k,1342,1,read,52.588,10171.999,130.087,
large_16k,1343,2,read,70.089,8485.795,154.122,
large_16k,1344,0,read,93.794,9829.184,102.796,
large_16k,1345,1,read,62.606,7502.665,125.158,
large_16k,1346,2,read,53.94,7916.742,20.434,
large_16k,1347,0,write,147.943,22034.769,249.789,
large_16k,1348,1,write,114.892,20785.905,195.529,
large_16k,1349,2,write,512.75,24063.246,270.627,
large_16k,1350,0,read,430.907,8301.093,129.477,
large_16k,1351,1,read,117.938,11455.896,120.66,
large_16k,1352,2,read,72.234,9182.897,90.474,
large_16k,1353,0,read,48.41,5488.945,92.258,
large_16k,1354,1,read,66.384,8972.948,91.666,
large_16k,1355,2,read,68.878,19574.232,216.297,
large_16k,1356,0,read,69.639,11422.855,532.112,
large_16k,1357,1,write,749.568,16068.739,212.611,
large_16k,1358,2,write,192.437,18616.549,329.817,
large_16k,1359,0,write,87.773,14125.18,166.655,
large_16k,1360,1,read,59.821,4430.976,146.418,
large_16k,1361,2,read,58.85,12436.172,48.877,
large_16k,1362,0,read,67.395,12790.879,211.238,
large_16k,1363,1,read,51.465,16265.924,499.692,
large_16k,1364,2,read,51.445,7967.104,96.225,
large_16k,1365,0,read,1425.711,9057.986,213.421,
large_16k,1366,1,read,43.991,12564.219,63.714,
large_16k,1367,2,write,151.841,26164.656,694.563,
large_16k,1368,0,write,102.23,28081.938,201.209,
large_16k,1369,1,write,140.32,22280.282,1192.996,
large_16k,1370,2,read,41.477,6960.751,93.289,
large_16k,1371,0,read,60.451,4084.834,313.588,
large_16k,1372,1,read,63.127,7981.602,176.313,
large_16k,1373,2,read,49.351,9274.856,94.141,
large_16k,1374,0,read,55.322,7893.268,74.284,
large_16k,1375,1,read,68.077,7156.835,73.422,
large_16k,1376,2,read,58.679,10321.024,1509.953,
large_16k,1377,0,write,117.768,19991.153,204.686,
large_16k,1378,1,write,134.499,17291.273,409.044,
large_16k,1379,2,write,106.567,18844.92,189.538,
large_16k,1380,0,read,46.216,6119.764,231.204,
large_16k,1381,1,read,290.838,7800.447,210.947,
large_16k,1382,2,read,45.223,8847.675,95.955,
large_16k,1383,0,read,90.386,9372.056,110.512,
large_16k,1384,1,read,49.552,10865.923,92.558,
large_16k,1385,2,read,53.379,8357.489,159.642,
large_16k,1386,0,read,50.784,5821.141,61.811,
large_16k,1387,1,write,136.163,15838.884,312.104,
large_16k,1388,2,write,547.684,16840.048,789.949,
large_16k,1389,0,write,399.17,14523.558,431.786,
large_16k,1390,1,read,41.948,3968.589,98.549,
large_16k,1391,2,read,60.732,14493.561,296.306,
large_16k,1392,0,read,61.955,7581.771,329.397,
large_16k,1393,1,read,63.679,9790.823,79.904,
large_16k,1394,2,read,46.877,7582.573,693.711,
large_16k,1395,0,read,74.478,33603.925,95.293,
large_16k,1396,1,read,7102.725,58555.716,2617.584,
large_16k,1397,2,write,815.91,59508.7,2788.932,
large_16k,1398,0,write,822.374,61601.246,2205.1,
large_16k,1399,1,write,133.647,54319.54,4709.529,
large_16k,1400,2,read,47.368,32207.288,655.14,
large_16k,1401,0,read,222.982,29943.845,946.13,
large_16k,1402,1,read,119.621,15440.385,1436.899,
large_16k,1403,2,read,54.31,11712.612,32.207,
large_16k,1404,0,read,45.153,6785.617,141.85,
large_16k,1405,1,read,49.232,7370.551,262.854,
large_16k,1406,2,read,79.086,6724.273,689.885,
large_16k,1407,0,write,244.373,20961.22,175.773,
large_16k,1408,1,write,131.193,24580.032,188.757,
large_16k,1409,2,write,169.724,22451.19,193.696,
large_16k,1410,0,read,55.694,6149.379,90.705,
large_16k,1411,1,read,43.18,7223.958,127.955,
large_16k,1412,2,read,61.223,7892.707,279.385,
large_16k,1413,0,read,89.496,8446.402,97.017,
large_16k,1414,1,read,112.098,6936.907,108.929,
large_16k,1415,2,read,58.688,7988.545,101.716,
large_16k,1416,0,read,51.174,6373.774,92.88,
large_16k,1417,1,write,121.374,18224.211,185.762,
large_16k,1418,2,write,117.739,16688.868,260.58,
large_16k,1419,0,write,101.498,13283.652,821.599,
large_16k,1420,1,read,84.467,4256.203,379.199,
large_16k,1421,2,read,74.007,7460.306,83.823,
large_16k,1422,0,read,64.83,6034.997,98.61,
large_16k,1423,1,read,189.21,9061.793,362.789,
large_16k,1424,2,read,98.612,7950.485,186.543,
large_16k,1425,0,read,99.564,6371.9,1123.529,
large_16k,1426,1,read,87.122,4989.04,101.024,
large_16k,1427,2,write,460.003,13567.918,239.42,
large_16k,1428,0,write,101.007,11072.356,176.224,
large_16k,1429,1,write,153.856,17075.545,209.936,
large_16k,1430,2,read,241.928,6601.436,240.473,
large_16k,1431,0,read,77.834,4578.439,95.555,
large_16k,1432,1,read,58.929,5577.089,216.338,
large_16k,1433,2,read,55.202,7776.392,169.822,
large_16k,1434,0,read,44.292,6144.439,80.607,
large_16k,1435,1,read,40.575,7138.721,90.525,
large_16k,1436,2,read,43.15,8469.636,82.019,
large_16k,1437,0,write,179.733,16740.132,183.638,
large_16k,1438,1,write,114.411,17807.469,450.462,
large_16k,1439,2,write,89.195,18538.903,191.192,
large_16k,1440,0,read,37.789,10080.839,112.837,
large_16k,1441,1,read,53.409,8060.738,642.508,
large_16k,1442,2,read,51.184,7432.594,409.707,
large_16k,1443,0,read,56.956,5331.194,117.755,
large_16k,1444,1,read,56.395,8108.687,275.488,
large_16k,1445,2,read,103.882,6165.288,286.398,
large_16k,1446,0,read,47.388,6152.084,94.793,
large_16k,1447,1,write,134.92,16564.437,111.664,
large_16k,1448,2,write,388.881,10671.163,588.968,
large_16k,1449,0,write,105.926,16629.017,170.273,
large_16k,1450,1,read,37.289,8115.711,108.909,
large_16k,1451,2,read,97.351,8854.69,801.251,
large_16k,1452,0,read,207.154,7372.514,105.603,
large_16k,1453,1,read,33.732,8608.562,99.312,
large_16k,1454,2,read,45.144,6694.278,92.739,
large_16k,1455,0,read,49.623,7970.752,257.925,
large_16k,1456,1,read,37.55,7033.747,371.606,
large_16k,1457,2,write,99.754,20259.591,287.981,
large_16k,1458,0,write,109.844,22972.896,212.671,
large_16k,1459,1,write,116.716,24041.484,251.183,
large_16k,1460,2,read,44.653,9322.676,152.089,
large_16k,1461,0,read,31.839,6129.001,329.227,
large_16k,1462,1,read,92.001,4232.159,148.863,
large_16k,1463,2,read,42.238,6335.704,89.413,
large_16k,1464,0,read,42.129,7910.251,324.959,
large_16k,1465,1,read,52.508,7350.454,1153.494,
large_16k,1466,2,read,51.105,4644.321,80.828,
large_16k,1467,0,write,137.365,9718.819,300.985,
large_16k,1468,1,write,73.967,11992.299,188.988,
large_16k,1469,2,write,126.595,12202.009,196.842,
large_16k,1470,0,read,33.562,5119.741,95.055,
large_16k,1471,1,read,47.528,4528.376,350.027,
large_16k,1472,2,read,49.151,4273.094,91.838,
large_16k,1473,0,read,48.109,4297.83,102.878,
large_16k,1474,1,read,59.6,4884.867,105.894,
large_16k,1475,2,read,52.498,5111.627,371.466,
large_16k,1476,0,read,67.134,6147.425,81.99,
large_16k,1477,1,write,119.481,11431.191,186.964,
large_16k,1478,2,write,107.599,14222.981,309.492,
large_16k,1479,0,write,85.278,13290.825,265.229,
large_16k,1480,1,read,54.09,6381.468,163.05,
large_16k,1481,2,read,72.484,4873.606,96.597,
large_16k,1482,0,read,45.845,5231.209,150.316,
large_16k,1483,1,read,74.337,5494.185,98.03,
large_16k,1484,2,read,48.439,6818.497,117.747,
large_16k,1485,0,read,44.612,5814.629,85.016,
large_16k,1486,1,read,44.302,3967.228,83.312,
large_16k,1487,2,write,146.651,13012.198,381.154,
large_16k,1488,0,write,79.207,11439.327,163.871,
large_16k,1489,1,write,112.709,12828.939,205.118,
large_16k,1490,2,read,38.751,6393.811,94.083,
large_16k,1491,0,read,52.868,4677.623,99.412,
large_16k,1492,1,read,54.922,4292.048,194.178,
large_16k,1493,2,read,56.164,5862.947,97.86,
large_16k,1494,0,read,46.937,5038.601,253.077,
large_16k,1495,1,read,52.737,6708.445,93.892,
large_16k,1496,2,read,50.965,6515.157,87.239,
large_16k,1497,0,write,127.546,16977.092,191.703,
large_16k,1498,1,write,103.792,14127.764,224.033,
large_16k,1499,2,write,80.269,14330.561,177.516,
large_16k,1500,0,read,38.06,5692.372,3104.778,
large_16k,1501,1,read,34.143,6776.199,45.273,
large_16k,1502,2,read,42.047,4909.503,108.399,
large_16k,1503,0,read,52.007,10727.427,100.835,
large_16k,1504,1,read,79.407,5488.434,164.503,
large_16k,1505,2,read,57.958,5726.626,245.182,
large_16k,1506,0,read,43.561,5368.614,110.763,
large_16k,1507,1,write,144.137,12615.695,253.287,
large_16k,1508,2,write,78.246,10161.8,178.779,
large_16k,1509,0,write,105.755,10908.252,210.118,
large_16k,1510,1,read,36.738,4811.621,92.219,
large_16k,1511,2,read,48.88,9315.673,26.147,
large_16k,1512,0,read,50.023,5066.984,105.544,
large_16k,1513,1,read,49.722,4947.683,165.014,
large_16k,1514,2,read,54.42,6247.79,134.167,
large_16k,1515,0,read,47.949,6299.246,150.427,
large_16k,1516,1,read,66.754,6837.944,107.888,
large_16k,1517,2,write,114.782,12789.386,216.91,
large_16k,1518,0,write,111.718,10952.175,173.619,
large_16k,1519,1,write,87.582,11151.863,182.727,
large_16k,1520,2,read,47.248,4873.726,643.089,
large_16k,1521,0,read,45.024,2948.19,85.737,
large_16k,1522,1,read,52.266,5783.871,124.84,
large_16k,1523,2,read,39.413,3857.334,295.806,
large_16k,1524,0,read,52.908,6359.998,99.353,
large_16k,1525,1,read,59.831,4351.599,88.372,
large_16k,1526,2,read,47.668,5471.022,96.287,
large_16k,1527,0,write,117.287,7688.508,198.697,
large_16k,1528,1,write,67.344,7539.052,175.634,
large_16k,1529,2,write,150.047,13215.906,392.746,
large_16k,1530,0,read,34.173,5232.811,88.302,
large_16k,1531,1,read,51.094,3477.981,109.161,
large_16k,1532,2,read,45.103,4972.519,86.729,
large_16k,1533,0,read,51.005,6135.243,102.077,
large_16k,1534,1,read,50.052,4678.053,162.48,
large_16k,1535,2,read,49.872,5824.818,101.877,
large_16k,1536,0,read,51.706,7707.555,301.857,
large_16k,1537,1,write,92.622,16109.003,283.644,
large_16k,1538,2,write,88.965,14304.243,244.631,
large_16k,1539,0,write,74.219,12414.943,177.747,
large_16k,1540,1,read,38.812,5878.437,89.494,
large_16k,1541,2,read,52.297,4510.053,112.276,
large_16k,1542,0,read,39.042,6098.243,90.036,
large_16k,1543,1,read,47.878,5219.897,107.027,
large_16k,1544,2,read,67.175,6512.822,94.393,
large_16k,1545,0,read,51.897,6353.498,103.289,
large_16k,1546,1,read,364.064,6988.553,101.987,
large_16k,1547,2,write,176.116,13458.195,185.963,
large_16k,1548,0,write,73.936,9683.173,304.032,
large_16k,1549,1,write,99.765,13234.731,264.558,
large_16k,1550,2,read,45.986,5727.777,105.985,
large_16k,1551,0,read,54.601,6593.351,121.163,
large_16k,1552,1,read,43.761,5424.556,151.449,
large_16k,1553,2,read,71.302,7042.703,211.881,
large_16k,1554,0,read,51.115,5892.072,266.672,
large_16k,1555,1,read,54.311,6547.447,39.942,
large_16k,1556,2,read,49.031,7180.137,107.608,
large_16k,1557,0,write,85.638,22035.85,213.374,
large_16k,1558,1,write,146.301,22241.11,187.526,
large_16k,1559,2,write,205.791,19765.465,717.167,
large_16k,1560,0,read,47.739,6128.33,50.121,
large_16k,1561,1,read,41.217,8197.512,232.749,
large_16k,1562,2,read,52.097,8963.26,120.652,
large_16k,1563,0,read,47.387,9557.951,319.581,
large_16k,1564,1,read,44.111,11949.932,160.506,
large_16k,1565,2,read,52.367,7480.063,2139.812,
large_16k,1566,0,read,30.375,5437.941,420.448,
large_16k,1567,1,write,155.688,17560.672,187.757,
large_16k,1568,2,write,417.464,23453.457,160.716,
large_16k,1569,0,write,661.195,24132.824,750.769,
large_16k,1570,1,read,96.819,14794.519,76.38,
large_16k,1571,2,read,327.867,25478.196,152.02,
large_16k,1572,0,read,188.479,29393.135,29.674,
large_16k,1573,1,read,42.028,45755.679,1607.596,
large_16k,1574,2,read,127.856,36521.407,850.885,
large_16k,1575,0,read,48.98,30019.035,2505.86,
large_16k,1576,1,read,46.366,17166.372,3484.933,
large_16k,1577,2,write,279.237,19158.151,2917.352,
large_16k,1578,0,write,106.819,16348.869,307.898,
large_16k,1579,1,write,80.058,11606.325,190.141,
large_16k,1580,2,read,34.113,3983.317,45.794,
large_16k,1581,0,read,49.472,4235.214,125.391,
large_16k,1582,1,read,260.122,11308.504,127.935,
large_16k,1583,2,read,42.398,5788.45,327.926,
large_16k,1584,0,read,49.452,8243.788,89.564,
large_16k,1585,1,read,41.727,3355.394,179.731,
large_16k,1586,2,read,45.174,4859.691,179.4,
large_16k,1587,0,write,125.422,12846.712,193.997,
large_16k,1588,1,write,291.7,21201.685,1149.517,
large_16k,1589,2,write,94.485,18900.013,255.311,
large_16k,1590,0,read,40.796,8400.89,73.323,
large_16k,1591,1,read,73.135,7272.117,105.143,
large_16k,1592,2,read,47.548,4868.847,87.901,
large_16k,1593,0,read,54.04,5645.926,110.263,
large_16k,1594,1,read,223.413,5453.469,97.85,
large_16k,1595,2,read,46.246,4327.835,96.687,
large_16k,1596,0,read,41.347,5600.452,18.442,
large_16k,1597,1,write,89.957,12177.582,186.454,
large_16k,1598,2,write,97.38,14049.429,223.322,
large_16k,1599,0,write,91.949,11769.597,362.21,
large_16k,1600,1,read,60.672,7240.971,76.019,
large_16k,1601,2,read,46.937,6042.48,128.727,
large_16k,1602,0,read,50.453,8301.524,366.568,
large_16k,1603,1,read,42.538,8653.866,44.271,
large_16k,1604,2,read,43.3,7006.266,93.161,
large_16k,1605,0,read,36.499,6739.623,87.8,
large_16k,1606,1,read,49.42,7156.373,103.1,
large_16k,1607,2,write,139.98,19573.962,326.563,
large_16k,1608,0,write,128.088,17742.379,516.505,
large_16k,1609,1,write,112.188,15616.422,373.099,
large_16k,1610,2,read,33.732,6300.017,406.842,
large_16k,1611,0,read,37.55,7915.75,85.326,
large_16k,1612,1,read,51.866,8022.889,92.78,
large_16k,1613,2,read,68.938,9156.478,195.39,
large_16k,1614,0,read,49.211,7489.029,348.935,
large_16k,1615,1,read,47.087,8345.495,82.762,
large_16k,1616,2,read,44.943,5125.592,136.882,
large_16k,1617,0,write,99.394,14046.995,664.549,
large_16k,1618,1,write,138.507,13953.874,204.727,
large_16k,1619,2,write,108.531,17979.228,239.061,
large_16k,1620,0,read,43.371,7000.405,86.248,
large_16k,1621,1,read,44.703,6599.994,625.717,
large_16k,1622,2,read,54.86,7817.958,177.408,
large_16k,1623,0,read,38.331,4706.446,88.983,
large_16k,1624,1,read,52.147,7053.083,94.503,
large_16k,1625,2,read,77.113,8903.289,416.5,
large_16k,1626,0,read,55.863,6984.415,119.43,
large_16k,1627,1,write,176.337,18914.571,201.361,
large_16k,1628,2,write,72.333,17563.247,226.779,
large_16k,1629,0,write,544.599,15181.196,231.156,
large_16k,1630,1,read,53.409,4090.446,83.924,
large_16k,1631,2,read,52.628,7658.153,94.794,
large_16k,1632,0,read,46.487,6654.956,101.185,
large_16k,1633,1,read,68.948,5770.447,146.139,
large_16k,1634,2,read,49.412,5510.175,108.83,
large_16k,1635,0,read,42.118,10168.171,81.98,
large_16k,1636,1,read,46.837,6399.903,134.908,
large_16k,1637,2,write,115.124,15033.642,263.426,
large_16k,1638,0,write,102.98,15213.877,170.554,
large_16k,1639,1,write,96.95,12449.035,337.553,
large_16k,1640,2,read,59.039,9988.068,295.185,
large_16k,1641,0,read,40.535,6377.391,95.034,
large_16k,1642,1,read,63.458,12273.111,224.954,
large_16k,1643,2,read,77.714,9281.59,80.096,
large_16k,1644,0,read,50.244,13081.728,99.592,
large_16k,1645,1,read,526.665,12677.878,182.076,
large_16k,1646,2,read,48.139,5703.874,164.893,
large_16k,1647,0,write,252.127,23596.561,412.903,
large_16k,1648,1,write,114.682,19701.987,321.875,
large_16k,1649,2,write,109.612,25384.591,188.178,
large_16k,1650,0,read,40.074,5422.593,218.122,
large_16k,1651,1,read,2258.021,12874.963,1954.518,
large_16k,1652,2,read,49.07,5924.452,78.273,
large_16k,1653,0,read,51.244,9028.45,305.654,
large_16k,1654,1,read,46.316,10829.485,137.683,
large_16k,1655,2,read,47.698,6044.875,94.072,
large_16k,1656,0,read,38.341,6296.301,116.233,
large_16k,1657,1,write,98.822,17962.195,376.526,
large_16k,1658,2,write,117.458,16418.828,192.123,
large_16k,1659,0,write,91.019,14521.915,225.445,
large_16k,1660,1,read,48.779,6125.253,92.179,
large_16k,1661,2,read,42.8,4936.463,94.702,
large_16k,1662,0,read,49.942,6722.891,113.167,
large_16k,1663,1,read,130.282,7630.482,97.277,
large_16k,1664,2,read,47.007,4997.915,113.658,
large_16k,1665,0,read,53.95,4778.971,125.329,
large_16k,1666,1,read,113.121,4296.297,54.788,
large_16k,1667,2,write,258.449,12432.996,715.222,
large_16k,1668,0,write,158.333,22756.424,741.571,
large_16k,1669,1,write,111.045,13194.706,6460.964,
large_16k,1670,2,read,41.987,5773.522,94.182,
large_16k,1671,0,read,42.649,7370.801,52.524,
large_16k,1672,1,read,52.117,3794.087,189.928,
large_16k,1673,2,read,49.112,6199.943,96.916,
large_16k,1674,0,read,46.456,5116.706,186.863,
large_16k,1675,1,read,71.743,4228.831,100.383,
large_16k,1676,2,read,38.341,5543.477,116.152,
large_16k,1677,0,write,96.078,19296.558,164.251,
large_16k,1678,1,write,130.602,17371.462,139.044,
large_16k,1679,2,write,128.548,17259.484,205.287,
large_16k,1680,0,read,47.659,6439.186,145.355,
large_16k,1681,1,read,47.218,8224.232,96.886,
large_16k,1682,2,read,61.384,6543.148,95.313,
large_16k,1683,0,read,64.09,5367.04,209.474,
large_16k,1684,1,read,56.515,6287.635,96.866,
large_16k,1685,2,read,51.515,6915.217,108.117,
large_16k,1686,0,read,39.984,4082.832,93.77,
large_16k,1687,1,write,105.735,9762.76,207.321,
large_16k,1688,2,write,511.116,12404.033,113.056,
large_16k,1689,0,write,204.879,13925.92,521.162,
large_16k,1690,1,read,40.795,4919.03,170.693,
large_16k,1691,2,read,255.233,9039.481,129.606,
large_16k,1692,0,read,30.977,7915.72,104.52,
large_16k,1693,1,read,40.166,8124.507,5.285,
large_16k,1694,2,read,41.808,8410.396,17.658,
large_16k,1695,0,read,55.673,8901.565,354.853,
large_16k,1696,1,read,36.447,7780.419,99.039,
large_16k,1697,2,write,195.171,28756.085,216.377,
large_16k,1698,0,write,106.536,29276.539,319.989,
large_16k,1699,1,write,92.54,29867.103,172.506,
large_16k,1700,2,read,25.498,10583.321,577.304,
large_16k,1701,0,read,34.825,10907.251,459.096,
large_16k,1702,1,read,179.653,8843.959,81.657,
large_16k,1703,2,read,35.947,10464.54,30.963,
large_16k,1704,0,read,42.158,19046.944,152.389,
large_16k,1705,1,read,51.175,12782.704,2559.426,
large_16k,1706,2,read,693.885,6000.153,1720.803,
large_16k,1707,0,write,745.631,24197.113,205.898,
large_16k,1708,1,write,129.51,59323.877,472.021,
large_16k,1709,2,write,189.231,75058.558,862.934,
large_16k,1710,0,read,62.416,27897.386,574.67,
large_16k,1711,1,read,2361.664,30784.153,2942.836,
large_16k,1712,2,read,49.541,21603.35,1217.301,
large_16k,1713,0,read,44.833,16743.809,178.427,
large_16k,1714,1,read,33.622,6992.751,369.721,
large_16k,1715,2,read,45.044,19877.363,184.908,
large_16k,1716,0,read,49.431,13229.069,1369.363,
large_16k,1717,1,write,64.99,15396.164,165.172,
large_16k,1718,2,write,147.122,20178.611,453.195,
large_16k,1719,0,write,246.286,34882.754,371.704,
large_16k,1720,1,read,169.464,13599.286,660.199,
large_16k,1721,2,read,302.8,10687.564,2380.575,
large_16k,1722,0,read,33.171,7347.267,141.398,
large_16k,1723,1,read,42.228,9669.368,180.55,
large_16k,1724,2,read,63.277,8888.672,98.919,
large_16k,1725,0,read,45.545,8915.051,1054.058,
large_16k,1726,1,read,53.79,7963.328,92.117,
large_16k,1727,2,write,171.377,18669.275,187.363,
large_16k,1728,0,write,142.403,33071.628,298.429,
large_16k,1729,1,write,666.424,34597.334,182.434,
large_16k,1730,2,read,667.817,8379.919,1697.76,
large_16k,1731,0,read,54.691,4368.42,88.52,
large_16k,1732,1,read,75.651,21105.398,179.027,
large_16k,1733,2,read,165.196,24704.923,99.861,
large_16k,1734,0,read,37.339,15602.896,322.303,
large_16k,1735,1,read,42.338,5632.632,1976.015,
large_16k,1736,2,read,44.171,8770.191,84.673,
large_16k,1737,0,write,114.252,13635.604,356.746,
large_16k,1738,1,write,87.432,15309.352,167.236,
large_16k,1739,2,write,99.714,11452.23,402.291,
large_16k,1740,0,read,29.646,3992.434,96.083,
large_16k,1741,1,read,62.605,5323.179,86.937,
large_16k,1742,2,read,43.35,8299.942,122.562,
large_16k,1743,0,read,142.955,8247.464,785.2,
large_16k,1744,1,read,43.53,7112.151,97.116,
large_16k,1745,2,read,48.5,7070.376,108.436,
large_16k,1746,0,read,39.843,5353.103,119.398,
large_16k,1747,1,write,163.773,11707.673,491.847,
large_16k,1748,2,write,81.07,11180.265,177.946,
large_16k,1749,0,write,104.813,9129.317,173.017,
large_16k,1750,1,read,29.786,8924.698,158.279,
large_16k,1751,2,read,42.759,7078.979,289.192,
large_16k,1752,0,read,46.506,6785.857,97.838,
large_16k,1753,1,read,57.837,9309.551,93.82,
large_16k,1754,2,read,39.814,6866.446,93.84,
large_16k,1755,0,read,48.86,5565.927,115.761,
large_16k,1756,1,read,97.43,7678.811,88.981,
large_16k,1757,2,write,135.501,25499.045,246.352,
large_16k,1758,0,write,95.698,23179.438,265.387,
large_16k,1759,1,write,182.387,26318.091,518.807,
large_16k,1760,2,read,51.555,10731.194,938.715,
large_16k,1761,0,read,49.432,7559.641,752.238,
large_16k,1762,1,read,55.912,9006.49,146.898,
large_16k,1763,2,read,51.025,8557.087,74.934,
large_16k,1764,0,read,48.049,5267.786,197.23,
large_16k,1765,1,read,52.047,4333.266,130.446,
large_16k,1766,2,read,59.3,7488.418,280.595,
large_16k,1767,0,write,117.508,15856.657,186.991,
large_16k,1768,1,write,92.211,16242.753,287.226,
large_16k,1769,2,write,124.17,15080.63,351.235,
large_16k,1770,0,read,43.911,4918.889,145.024,
large_16k,1771,1,read,57.126,4521.003,104.398,
large_16k,1772,2,read,49.25,7269.763,138.602,
large_16k,1773,0,read,42.188,10914.243,114.167,
large_16k,1774,1,read,51.795,6653.722,438.297,
large_16k,1775,2,read,54.932,6919.656,128.773,
large_16k,1776,0,read,65.011,11692.996,263.372,
large_16k,1777,1,write,93.302,11728.561,327.242,
large_16k,1778,2,write,97.301,23851.833,185.939,
large_16k,1779,0,write,96.9,26957.566,958.79,
large_16k,1780,1,read,52.297,7126.358,100.752,
large_16k,1781,2,read,77.333,10077.774,151.235,
large_16k,1782,0,read,219.185,4830.886,26.084,
large_16k,1783,1,read,66.874,7980.08,106.141,
large_16k,1784,2,read,56.715,7447.553,143.561,
large_16k,1785,0,read,53.68,7704.739,174.027,
large_16k,1786,1,read,56.144,12850.279,362.887,
large_16k,1787,2,write,171.067,27838.857,222.186,
large_16k,1788,0,write,105.255,33402.692,179.277,
large_16k,1789,1,write,486.901,45275.89,229.601,
large_16k,1790,2,read,44.482,9551.238,101.914,
large_16k,1791,0,read,74.599,8100.733,540.616,
large_16k,1792,1,read,67.705,12801.658,419.943,
large_16k,1793,2,read,34.022,14520.261,724.738,
large_16k,1794,0,read,79.768,7146.355,81.186,
large_16k,1795,1,read,48.079,12061.157,225.623,
large_16k,1796,2,read,44.422,9043.789,96.033,
large_16k,1797,0,write,430.688,29381.265,441.933,
large_16k,1798,1,write,120.924,30830.309,5098.337,
large_16k,1799,2,write,89.145,31909.947,138.812,
large_16k,1800,0,read,38.091,9400.109,199.274,
large_16k,1801,1,read,36.467,4918.298,109.819,
large_16k,1802,2,read,324.43,4133.084,87.087,
large_16k,1803,0,read,43.3,5878.336,229.641,
large_16k,1804,1,read,59.449,15682.083,216.597,
large_16k,1805,2,read,494.275,13144.312,480.536,
large_16k,1806,0,read,71.733,11667.348,383.355,
large_16k,1807,1,write,107.859,20717.108,386.321,
large_16k,1808,2,write,466.544,22444.497,248.967,
large_16k,1809,0,write,117.368,22455.568,286.516,
large_16k,1810,1,read,57.205,8356.235,121.852,
large_16k,1811,2,read,41.016,8380.991,113.577,
large_16k,1812,0,read,47.518,3381.473,93.068,
large_16k,1813,1,read,109.192,8315.369,131.099,
large_16k,1814,2,read,54.53,6566.531,151.717,
large_16k,1815,0,read,55.573,5684.989,119.467,
large_16k,1816,1,read,44.372,4945.398,86.847,
large_16k,1817,2,write,128.518,14969.343,201.86,
large_16k,1818,0,write,143.807,19331.682,190.859,
large_16k,1819,1,write,90.949,21817.196,266.559,
large_16k,1820,2,read,42.238,14461.492,327.803,
large_16k,1821,0,read,743.207,20216.882,956.026,
large_16k,1822,1,read,41.707,13739.826,87.398,
large_16k,1823,2,read,43.2,13402.31,85.254,
large_16k,1824,0,read,47.318,12018.468,519.558,
large_16k,1825,1,read,159.786,7173.666,1141.509,
large_16k,1826,2,read,57.786,8085.945,90.073,
large_16k,1827,0,write,160.457,21952.987,244.338,
large_16k,1828,1,write,389.711,24480.818,129.265,
large_16k,1829,2,write,97.169,23488.371,219.532,
large_16k,1830,0,read,94.353,9954.745,962.068,
large_16k,1831,1,read,43.321,5270.742,450.399,
large_16k,1832,2,read,59.319,5922.628,192.342,
large_16k,1833,0,read,56.795,5874.039,99.309,
large_16k,1834,1,read,49.562,6055.164,79.272,
large_16k,1835,2,read,51.565,6256.657,125.859,
large_16k,1836,0,read,47.789,6567.764,129.966,
large_16k,1837,1,write,95.627,9772.539,188.975,
large_16k,1838,2,write,87.841,14939.648,177.034,
large_16k,1839,0,write,89.395,17142.007,289.231,
large_16k,1840,1,read,42.979,7856.531,91.114,
large_16k,1841,2,read,36.687,3461.53,138.773,
large_16k,1842,0,read,535.622,7227.435,127.592,
large_16k,1843,1,read,61.163,5924.943,490.494,
large_16k,1844,2,read,38.09,3833.43,71.909,
large_16k,1845,0,read,59.9,7412.027,161.144,
large_16k,1846,1,read,39.092,7581.922,86.015,
large_16k,1847,2,write,145.58,24076.189,187.202,
large_16k,1848,0,write,474.95,23149.183,249.087,
large_16k,1849,1,write,173.01,19534.788,515.45,
large_16k,1850,2,read,42.979,4493.132,543.893,
large_16k,1851,0,read,28.432,4406.622,109.639,
large_16k,1852,1,read,57.706,6851.979,98.499,
large_16k,1853,2,read,44.452,5846.708,274.825,
large_16k,1854,0,read,55.253,5279.839,190.999,
large_16k,1855,1,read,65.862,7409.462,306.243,
large_16k,1856,2,read,50.894,9640.244,93.419,
large_16k,1857,0,write,93.333,16864.302,190.84,
large_16k,1858,1,write,102.249,18861.982,327.613,
large_16k,1859,2,write,86.39,17266.688,441.814,
large_16k,1860,0,read,34.033,8126.309,124.617,
large_16k,1861,1,read,43.48,5499.985,200.818,
large_16k,1862,2,read,48.5,4463.777,78.641,
large_16k,1863,0,read,38.462,4442.088,110.931,
large_16k,1864,1,read,51.546,3997.644,97.827,
large_16k,1865,2,read,58.779,12859.687,91.485,
large_16k,1866,0,read,92.762,6321.938,280.315,
large_16k,1867,1,write,119.933,14854.321,161.985,
large_16k,1868,2,write,298.083,12599.946,366.374,
large_16k,1869,0,write,129.369,10973.153,208.863,
large_16k,1870,1,read,39.564,5333.728,152.428,
large_16k,1871,2,read,47.057,5917.198,1018.593,
large_16k,1872,0,read,44.683,5197.196,391.801,
large_16k,1873,1,read,54.11,7434.239,110.651,
large_16k,1874,2,read,54.35,5507.64,911.184,
large_16k,1875,0,read,42.278,8200.086,424.222,
large_16k,1876,1,read,52.567,4738.295,263.875,
large_16k,1877,2,write,98.823,18050.56,269.475,
large_16k,1878,0,write,471.994,16040.708,227.137,
large_16k,1879,1,write,145.118,14045.962,544.786,
large_16k,1880,2,read,37.96,4985.432,111.634,
large_16k,1881,0,read,65.641,8431.955,202.201,
large_16k,1882,1,read,42.188,5758.194,185.821,
large_16k,1883,2,read,52.838,8176.303,92.738,
large_16k,1884,0,read,53.91,5971.149,119.187,
large_16k,1885,1,read,54.952,4321.162,84.393,
large_16k,1886,2,read,45.234,4547.211,88.5,
large_16k,1887,0,write,143.386,14065.91,189.988,
large_16k,1888,1,write,102.569,11711.7,274.545,
large_16k,1889,2,write,114.251,20741.613,205.507,
large_16k,1890,0,read,37.38,7713.536,84.362,
large_16k,1891,1,read,48.459,5046.395,990.982,
large_16k,1892,2,read,59.15,6808.198,98.85,
large_16k,1893,0,read,35.616,6375.599,106.934,
large_16k,1894,1,read,62.585,4918.929,356.738,
large_16k,1895,2,read,54.64,18114.718,81.899,
large_16k,1896,0,read,183.149,16894.879,69.225,
large_16k,1897,1,write,112.939,15831.36,393.856,
large_16k,1898,2,write,139.108,20162.02,453.927,
large_16k,1899,0,write,78.294,29758.703,231.947,
large_16k,1900,1,read,40.816,15856.997,124.327,
large_16k,1901,2,read,444.803,19250.782,152.57,
large_16k,1902,0,read,36.617,12668.051,16.768,
large_16k,1903,1,read,39.494,16995.276,282.93,
large_16k,1904,2,read,46.265,21988.803,555.766,
large_16k,1905,0,read,94.515,17864.896,1755.568,
large_16k,1906,1,read,1954.931,16425.01,72.4,
large_16k,1907,2,write,1669.963,54492.44,220.034,
large_16k,1908,0,write,679.379,106758.006,570.252,
large_16k,1909,1,write,104.302,90738.436,225.615,
large_16k,1910,2,read,41.066,26688.427,207.42,
large_16k,1911,0,read,38.841,17530.766,307.136,
large_16k,1912,1,read,43.411,32400.766,641.554,
large_16k,1913,2,read,40.245,48237.345,3074.59,
large_16k,1914,0,read,31.779,40621.14,352.97,
large_16k,1915,1,read,42.949,31438.072,242.396,
large_16k,1916,2,read,46.456,21572.803,186.702,
large_16k,1917,0,write,85.078,27734.384,222.968,
large_16k,1918,1,write,115.544,24418.663,184.027,
large_16k,1919,2,write,352.252,23074.013,634.0,
large_16k,1920,0,read,55.042,13034.05,191.42,
large_16k,1921,1,read,39.083,5323.549,145.535,
large_16k,1922,2,read,57.005,8332.521,103.738,
large_16k,1923,0,read,44.271,6484.899,238.408,
large_16k,1924,1,read,56.595,12438.136,276.157,
large_16k,1925,2,read,42.289,10746.592,126.099,
large_16k,1926,0,read,78.726,10266.253,432.717,
large_16k,1927,1,write,171.508,13684.524,258.554,
large_16k,1928,2,write,97.951,10196.284,207.249,
large_16k,1929,0,write,328.95,14233.751,292.667,
large_16k,1930,1,read,81.15,7018.177,201.659,
large_16k,1931,2,read,46.226,7761.715,303.848,
large_16k,1932,0,read,50.404,8231.325,100.561,
large_16k,1933,1,read,46.446,10099.003,123.244,
large_16k,1934,2,read,37.64,5764.566,339.283,
large_16k,1935,0,read,48.691,5492.824,84.12,
large_16k,1936,1,read,45.594,4079.164,96.644,
large_16k,1937,2,write,117.046,11955.041,232.506,
large_16k,1938,0,write,118.12,17645.269,262.761,
large_16k,1939,1,write,129.57,14132.663,827.938,
large_16k,1940,2,read,50.193,5602.285,265.557,
large_16k,1941,0,read,58.128,2999.235,104.398,
large_16k,1942,1,read,53.269,5632.822,130.747,
large_16k,1943,2,read,58.589,7709.248,181.18,
large_16k,1944,0,read,48.129,5995.173,110.78,
large_16k,1945,1,read,62.796,5863.359,95.772,
large_16k,1946,2,read,49.191,6461.507,92.716,
large_16k,1947,0,write,112.438,16546.182,220.263,
large_16k,1948,1,write,104.744,12712.985,224.029,
large_16k,1949,2,write,109.093,12533.092,182.101,
large_16k,1950,0,read,44.603,8578.397,118.233,
large_16k,1951,1,read,54.532,5412.244,87.586,
large_16k,1952,2,read,66.294,8210.586,296.293,
large_16k,1953,0,read,121.535,5938.959,265.456,
large_16k,1954,1,read,52.397,8247.915,247.954,
large_16k,1955,2,read,48.139,10802.576,222.757,
large_16k,1956,0,read,48.44,4804.559,353.689,
large_16k,1957,1,write,76.932,16091.171,243.846,
large_16k,1958,2,write,163.032,20644.573,198.342,
large_16k,1959,0,write,135.611,16955.221,786.982,
large_16k,1960,1,read,40.676,6641.53,466.598,
large_16k,1961,2,read,56.845,7557.406,674.554,
large_16k,1962,0,read,38.411,6941.585,331.679,
large_16k,1963,1,read,48.92,9594.378,168.217,
large_16k,1964,2,read,47.859,6157.012,379.968,
large_16k,1965,0,read,79.097,6295.981,90.782,
large_16k,1966,1,read,53.549,7806.388,129.675,
large_16k,1967,2,write,146.782,16730.074,378.556,
large_16k,1968,0,write,119.0,32900.833,203.822,
large_16k,1969,1,write,123.99,34599.569,284.542,
large_16k,1970,2,read,58.678,14682.642,259.045,
large_16k,1971,0,read,45.084,10223.574,109.007,
large_16k,1972,1,read,69.037,7944.543,202.24,
large_16k,1973,2,read,61.765,7057.862,128.773,
large_16k,1974,0,read,87.08,5437.309,131.9,
large_16k,1975,1,read,46.496,6083.436,120.398,
large_16k,1976,2,read,57.446,8692.078,223.379,
large_16k,1977,0,write,99.775,19166.286,276.988,
large_16k,1978,1,write,140.06,21788.854,211.817,
large_16k,1979,2,write,89.606,30231.719,330.217,
large_16k,1980,0,read,42.669,4057.545,247.403,
large_16k,1981,1,read,44.282,11836.962,101.523,
large_16k,1982,2,read,455.705,7064.986,61.458,
large_16k,1983,0,read,61.313,10157.141,1171.956,
large_16k,1984,1,read,405.671,8514.789,148.611,
large_16k,1985,2,read,59.36,6227.713,260.077,
large_16k,1986,0,read,50.744,4467.154,160.883,
large_16k,1987,1,write,137.494,13397.06,325.038,
large_16k,1988,2,write,81.881,22399.474,240.471,
large_16k,1989,0,write,265.162,19966.729,920.77,
large_16k,1990,1,read,709.975,4745.178,318.425,
large_16k,1991,2,read,65.492,5826.572,180.719,
large_16k,1992,0,read,55.263,16391.037,165.181,
large_16k,1993,1,read,57.506,9425.045,164.841,
large_16k,1994,2,read,44.602,13408.812,137.25,
large_16k,1995,0,read,41.056,10018.924,2737.626,
large_16k,1996,1,read,42.067,6127.739,144.022,
large_16k,1997,2,write,106.567,14974.753,250.42,
large_16k,1998,0,write,96.559,20282.634,1006.319,
large_16k,1999,1,write,542.985,17355.532,338.773,
maximum_transaction,0,0,read,6344.399,35345.96,5057.817,
maximum_transaction,1,1,read,1256.779,28101.114,1939.541,
maximum_transaction,2,2,read,6850.156,19800.481,251.255,
maximum_transaction,3,0,read,1031.28,17737.47,216.741,
maximum_transaction,4,1,read,427.552,13659.637,75.069,
maximum_transaction,5,2,read,2966.174,17009.512,761.169,
maximum_transaction,6,0,read,317.387,10952.814,382.208,
maximum_transaction,7,1,write,919.823,90695.377,337.405,
maximum_transaction,8,2,write,810.141,179230.606,924.421,
maximum_transaction,9,0,write,1178.333,298583.718,731.664,
maximum_transaction,10,1,read,222.421,12269.853,78.566,
maximum_transaction,11,2,read,377.71,14101.166,244.923,
maximum_transaction,12,0,read,877.355,11094.527,184.031,
maximum_transaction,13,1,read,255.744,6533.56,81.661,
maximum_transaction,14,2,read,345.84,14577.317,203.517,
maximum_transaction,15,0,read,588.069,9836.206,108.471,
maximum_transaction,16,1,read,360.427,11599.713,244.523,
maximum_transaction,17,2,write,2377.242,371883.748,1046.358,
maximum_transaction,18,0,write,921.577,454481.278,721.136,
maximum_transaction,19,1,write,774.936,510383.389,176.156,
maximum_transaction,20,2,read,350.429,16833.666,221.009,
maximum_transaction,21,0,read,280.87,12152.677,838.162,
maximum_transaction,22,1,read,1133.128,13167.155,102.931,
maximum_transaction,23,2,read,411.343,12140.404,180.634,
maximum_transaction,24,0,read,257.156,6246.037,106.057,
maximum_transaction,25,1,read,266.734,7830.572,107.94,
maximum_transaction,26,2,read,322.748,8068.674,920.034,
maximum_transaction,27,0,write,1051.217,511135.963,705.166,
maximum_transaction,28,1,write,932.677,575895.927,199.169,
maximum_transaction,29,2,write,925.334,660214.005,323.449,
maximum_transaction,30,0,read,178.2,21568.345,3726.942,
maximum_transaction,31,1,read,384.182,13897.018,1895.38,
maximum_transaction,32,2,read,205.45,18453.014,75.861,
maximum_transaction,33,0,read,482.293,20034.604,136.643,
maximum_transaction,34,1,read,2023.498,15187.307,470.05,
maximum_transaction,35,2,read,696.29,22364.058,186.796,
maximum_transaction,36,0,read,1380.466,25944.429,360.308,
maximum_transaction,37,1,write,1193.129,682123.321,215.129,
maximum_transaction,38,2,write,724.412,748044.778,1523.712,
maximum_transaction,39,0,write,823.205,796722.127,618.135,
maximum_transaction,40,1,read,1811.976,25471.222,92.932,
maximum_transaction,41,2,read,488.845,13870.998,791.176,
maximum_transaction,42,0,read,299.283,24348.162,508.943,
maximum_transaction,43,1,read,309.473,21683.018,250.343,
maximum_transaction,44,2,read,930.273,18007.058,112.398,
maximum_transaction,45,0,read,178.229,12702.575,1346.484,
maximum_transaction,46,1,read,294.806,12650.279,106.506,
maximum_transaction,47,2,write,1076.884,807750.123,1400.603,
maximum_transaction,48,0,write,1245.767,882812.417,461.655,
maximum_transaction,49,1,write,1369.046,999770.875,494.315,
maximum_transaction,50,2,read,214.036,51583.973,565.046,
maximum_transaction,51,0,read,212.924,133290.475,1483.316,
maximum_transaction,52,1,read,535.141,191257.309,381.746,
maximum_transaction,53,2,read,486.28,30526.435,737.946,
maximum_transaction,54,0,read,365.707,113740.637,429.325,
maximum_transaction,55,1,read,157.292,170273.416,130.29,
maximum_transaction,56,2,read,175.295,11204.3,316.325,
maximum_transaction,57,0,write,818.035,988068.071,189.31,
maximum_transaction,58,1,write,6605.563,1069252.556,318.89,
maximum_transaction,59,2,write,1006.103,836397.437,229.044,
maximum_transaction,60,0,read,232.962,190541.222,99.554,
maximum_transaction,61,1,read,290.668,252511.36,113.71,
maximum_transaction,62,2,read,245.314,341738.359,19.195,
maximum_transaction,63,0,read,264.208,172118.301,337.595,
maximum_transaction,64,1,read,202.355,231015.14,90.136,
maximum_transaction,65,2,read,161.57,317646.672,124.519,
maximum_transaction,66,0,read,211.722,150311.095,175.504,
maximum_transaction,67,1,write,734.0,1205797.155,119.4,
maximum_transaction,68,2,write,799.691,1354529.268,147.091,
maximum_transaction,69,0,write,867.186,1023768.048,112.096,
maximum_transaction,70,1,read,258.068,383841.443,101.197,
maximum_transaction,71,2,read,418.355,429351.769,145.408,
maximum_transaction,72,0,read,152.914,476339.972,280.839,
maximum_transaction,73,1,read,177.238,360545.24,39.592,
maximum_transaction,74,2,read,208.015,405364.415,58.517,
maximum_transaction,75,0,read,158.132,450711.137,86.449,
maximum_transaction,76,1,read,259.98,338604.575,162.781,
maximum_transaction,77,2,write,682.544,1450567.049,93.642,
maximum_transaction,78,0,write,737.625,1508302.334,113.66,
maximum_transaction,79,1,write,883.847,1330782.739,142.102,
maximum_transaction,80,2,read,278.305,490916.146,257.506,
maximum_transaction,81,0,read,145.549,567366.453,217.531,
maximum_transaction,82,1,read,305.346,680453.209,97.068,
maximum_transaction,83,2,read,366.238,470786.998,122.605,
maximum_transaction,84,0,read,561.88,549866.583,236.927,
maximum_transaction,85,1,read,358.595,657830.352,241.175,
maximum_transaction,86,2,read,493.754,446428.315,4905.213,
maximum_transaction,87,0,write,1269.681,1577887.104,308.11,
maximum_transaction,88,1,write,989.242,1879956.557,79.416,
maximum_transaction,89,2,write,926.576,1483119.175,132.194,
maximum_transaction,90,0,read,157.162,665393.29,22.81,
maximum_transaction,91,1,read,221.35,748204.465,100.825,
maximum_transaction,92,2,read,493.644,510472.734,139.137,
maximum_transaction,93,0,read,202.054,642103.616,2175.598,
maximum_transaction,94,1,read,1370.218,723977.316,271.211,
maximum_transaction,95,2,read,119.071,485855.314,613.485,
maximum_transaction,96,0,read,203.076,622743.781,362.67,
maximum_transaction,97,1,write,768.794,2017104.894,217.251,
maximum_transaction,98,2,write,941.223,1562030.82,219.375,
maximum_transaction,99,0,write,815.381,1650004.577,152.721,
maximum_transaction,100,1,read,132.686,918967.156,530.632,
maximum_transaction,101,2,read,153.105,1031748.449,57.264,
maximum_transaction,102,0,read,120.263,701312.761,231.307,
maximum_transaction,103,1,read,163.072,900980.536,177.878,
maximum_transaction,104,2,read,132.726,1015504.144,121.734,
maximum_transaction,105,0,read,416.621,678411.247,532.375,
maximum_transaction,106,1,read,156.3,881271.435,96.517,
maximum_transaction,107,2,write,1254.152,1990526.071,177.728,
maximum_transaction,108,0,write,665.202,1757255.284,557.3,
maximum_transaction,109,1,write,690.128,1827201.132,117.426,
maximum_transaction,110,2,read,154.496,1135763.602,492.381,
maximum_transaction,111,0,read,160.917,1187526.087,124.129,
maximum_transaction,112,1,read,147.482,1015802.815,107.779,
maximum_transaction,113,2,read,89.455,1113306.402,72.884,
maximum_transaction,114,0,read,146.341,1169079.393,74.657,
maximum_transaction,115,1,read,139.369,992871.628,129.718,
maximum_transaction,116,2,read,173.079,1090567.338,230.887,
maximum_transaction,117,0,write,700.176,2089497.747,100.515,
maximum_transaction,118,1,write,681.081,1942735.323,103.38,
maximum_transaction,119,2,write,606.424,1995668.715,150.667,
maximum_transaction,120,0,read,169.694,1265957.011,75.649,
maximum_transaction,121,1,read,206.914,1560563.07,134.748,
maximum_transaction,122,2,read,154.657,1161935.384,123.647,
maximum_transaction,123,0,read,165.356,1243184.045,1019.387,
maximum_transaction,124,1,read,164.454,1536334.128,242.649,
maximum_transaction,125,2,read,136.824,1140523.008,478.244,
maximum_transaction,126,0,read,181.236,1222635.981,103.209,
maximum_transaction,127,1,write,890.97,2518968.607,307.578,
maximum_transaction,128,2,write,634.515,2051748.014,104.382,
maximum_transaction,129,0,write,695.307,2125001.961,166.787,
maximum_transaction,130,1,read,205.19,1626967.571,512.928,
maximum_transaction,131,2,read,162.631,1240442.598,468.136,
maximum_transaction,132,0,read,115.905,1326742.725,103.43,
maximum_transaction,133,1,read,124.27,1606619.706,93.451,
maximum_transaction,134,2,read,157.363,1220250.815,152.009,
maximum_transaction,135,0,read,170.315,1306027.221,303.911,
maximum_transaction,136,1,read,158.794,1584159.55,289.975,
maximum_transaction,137,2,write,709.594,2168303.064,296.678,
maximum_transaction,138,0,write,571.688,2311808.466,110.533,
maximum_transaction,139,1,write,766.62,2740741.842,99.262,
maximum_transaction,140,2,read,176.546,1667961.21,123.147,
maximum_transaction,141,0,read,194.409,1438434.196,94.444,
maximum_transaction,142,1,read,204.568,1573677.767,94.143,
maximum_transaction,143,2,read,109.352,1658246.869,92.44,
maximum_transaction,144,0,read,95.687,1416231.519,78.193,
maximum_transaction,145,1,read,217.092,1553204.41,113.519,
maximum_transaction,146,2,read,137.043,1638468.841,58.677,
maximum_transaction,147,0,write,703.472,2534180.931,98.421,
maximum_transaction,148,1,write,739.389,2715085.436,117.867,
maximum_transaction,149,2,write,679.909,2916997.128,831.578,
maximum_transaction,150,0,read,120.843,1765342.531,87.421,
maximum_transaction,151,1,read,134.53,1618260.716,69.807,
maximum_transaction,152,2,read,157.291,1674290.182,93.842,
maximum_transaction,153,0,read,130.842,1740912.346,203.345,
maximum_transaction,154,1,read,162.733,1602554.137,82.32,
maximum_transaction,155,2,read,166.39,1653516.24,94.773,
maximum_transaction,156,0,read,162.892,1716651.406,112.356,
maximum_transaction,157,1,write,824.065,3022046.438,33.421,STORAGE_UNAVAILABLE
maximum_transaction,158,2,write,695.378,3001720.104,208.274,
maximum_transaction,159,0,write,721.507,3018308.536,101.406,STORAGE_UNAVAILABLE
maximum_transaction,160,1,read,176.106,2218437.141,382.738,
maximum_transaction,161,2,read,166.187,1730142.75,112.157,
maximum_transaction,162,0,read,171.999,1805583.858,130.741,
maximum_transaction,163,1,read,464.35,2228130.805,108.089,
maximum_transaction,164,2,read,136.112,1710659.257,335.741,
maximum_transaction,165,0,read,129.78,1786888.083,74.387,
maximum_transaction,166,1,read,128.407,2214517.042,95.937,
maximum_transaction,167,2,write,670.531,3006113.139,162.51,STORAGE_UNAVAILABLE
maximum_transaction,168,0,write,790.083,3005567.98,92.85,REQUEST_TIMEOUT
maximum_transaction,169,1,write,1206.665,3004408.442,1400.903,STORAGE_UNAVAILABLE
maximum_transaction,170,2,read,198.267,1861402.155,29.212,
maximum_transaction,171,0,read,118.2,1997045.375,125.33,
maximum_transaction,172,1,read,127.966,2439338.202,123.257,
maximum_transaction,173,2,read,164.664,1839182.342,1022.132,
maximum_transaction,174,0,read,134.439,1973685.934,358.372,
maximum_transaction,175,1,read,233.201,2423980.901,329.529,
maximum_transaction,176,2,read,1101.84,1821540.289,232.058,
maximum_transaction,177,0,write,839.905,3006031.278,985.914,STORAGE_UNAVAILABLE
maximum_transaction,178,1,write,972.792,3009015.125,135.388,STORAGE_UNAVAILABLE
maximum_transaction,179,2,write,1125.124,3004731.33,7111.468,REQUEST_TIMEOUT
maximum_transaction,180,0,read,149.978,2212924.724,5221.859,
maximum_transaction,181,1,read,199.128,2402646.359,94.253,
maximum_transaction,182,2,read,1121.096,2604989.058,1045.675,
maximum_transaction,183,0,read,172.951,2201587.378,577.537,
maximum_transaction,184,1,read,100.937,2419956.387,136.451,
maximum_transaction,185,2,read,114.041,2589022.779,290.306,
maximum_transaction,186,0,read,109.863,2179667.543,44.43,
maximum_transaction,187,1,write,1070.713,3006097.2,1336.313,REQUEST_TIMEOUT
maximum_transaction,188,2,write,4050.772,3007439.645,3434.129,STORAGE_UNAVAILABLE
maximum_transaction,189,0,write,652.499,2438073.2,2221.012,
maximum_transaction,190,1,read,129.5,2736840.216,435.946,
maximum_transaction,191,2,read,113.109,2695766.247,194.328,
maximum_transaction,192,0,read,177.84,2436729.18,65.6,
maximum_transaction,193,1,read,82.753,2723048.975,97.379,
maximum_transaction,194,2,read,84.236,2690202.133,140.608,
maximum_transaction,195,0,read,505.276,2413268.142,318.828,
maximum_transaction,196,1,read,109.131,2709336.628,287.772,
maximum_transaction,197,2,write,1329.372,3003763.968,283.814,STORAGE_UNAVAILABLE
maximum_transaction,198,0,write,1577.412,3004493.49,196.111,REQUEST_TIMEOUT
maximum_transaction,199,1,write,763.525,3003973.135,299.533,STORAGE_UNAVAILABLE
maximum_transaction,200,2,read,167.139,2729295.943,310.023,
maximum_transaction,201,0,read,107.82,2639103.759,215.467,
maximum_transaction,202,1,read,110.576,2714052.774,101.766,
maximum_transaction,203,2,read,146.492,2714666.1,103.55,
maximum_transaction,204,0,read,145.96,2624984.8,81.309,
maximum_transaction,205,1,read,156.51,2702205.533,40.513,
maximum_transaction,206,2,read,124.871,2699071.588,84.225,
maximum_transaction,207,0,write,726.857,3003375.72,152.51,REQUEST_TIMEOUT
maximum_transaction,208,1,write,736.715,3005234.832,106.034,STORAGE_UNAVAILABLE
maximum_transaction,209,2,write,635.818,3002751.214,495.565,STORAGE_UNAVAILABLE
maximum_transaction,210,0,read,96.509,2613804.886,108.358,
maximum_transaction,211,1,read,120.553,2686586.447,163.651,
maximum_transaction,212,2,read,162.391,2728073.451,233.62,
maximum_transaction,213,0,read,845.917,2601298.013,84.444,
maximum_transaction,214,1,read,425.778,2667113.903,229.032,
maximum_transaction,215,2,read,131.864,2708251.841,99.021,
maximum_transaction,216,0,read,122.837,2579952.079,240.013,
maximum_transaction,217,1,write,800.442,3012211.111,118.177,STORAGE_UNAVAILABLE
maximum_transaction,218,2,write,666.284,3009588.144,3833.838,STORAGE_UNAVAILABLE
maximum_transaction,219,0,write,781.236,3011153.222,108.579,STORAGE_UNAVAILABLE
maximum_transaction,220,1,read,165.166,2719806.2,694.664,
maximum_transaction,221,2,read,318.901,2724399.117,151.768,
maximum_transaction,222,0,read,205.049,2596185.124,100.033,
maximum_transaction,223,1,read,87.462,2701176.087,108.348,
maximum_transaction,224,2,read,182.086,2704337.331,610.238,
maximum_transaction,225,0,read,96.828,2585779.621,80.387,
maximum_transaction,226,1,read,121.044,2682501.051,128.455,
maximum_transaction,227,2,write,1079.329,3003401.015,115.271,STORAGE_UNAVAILABLE
maximum_transaction,228,0,write,898.273,3009109.576,127.504,REQUEST_TIMEOUT
maximum_transaction,229,1,write,1003.618,3007329.41,285.075,REQUEST_TIMEOUT
maximum_transaction,230,2,read,150.398,2717242.02,216.569,
maximum_transaction,231,0,read,186.625,2700369.352,96.857,
maximum_transaction,232,1,read,159.224,2712437.913,116.564,
maximum_transaction,233,2,read,141.132,2701110.766,97.768,
maximum_transaction,234,0,read,207.344,2683827.957,172.557,
maximum_transaction,235,1,read,142.675,2696189.812,138.874,
maximum_transaction,236,2,read,103.931,2679939.766,82.801,
maximum_transaction,237,0,write,741.404,3007867.597,92.378,STORAGE_UNAVAILABLE
maximum_transaction,238,1,write,681.621,3017254.18,68.495,STORAGE_UNAVAILABLE
maximum_transaction,239,2,write,738.617,3005745.566,119.82,REQUEST_TIMEOUT
maximum_transaction,240,0,read,104.713,2687102.672,79.515,
maximum_transaction,241,1,read,123.519,2726736.093,247.966,
maximum_transaction,242,2,read,139.428,2728197.94,77.36,
maximum_transaction,243,0,read,121.846,2687666.276,242.015,
maximum_transaction,244,1,read,125.642,2710734.367,150.266,
maximum_transaction,245,2,read,146.551,2707511.208,202.252,
maximum_transaction,246,0,read,145.84,2671414.607,846.094,
maximum_transaction,247,1,write,799.06,3006133.816,476.64,STORAGE_UNAVAILABLE
maximum_transaction,248,2,write,649.203,3002954.298,208.393,STORAGE_UNAVAILABLE
maximum_transaction,249,0,write,716.657,3007363.903,402.333,STORAGE_UNAVAILABLE
maximum_transaction,250,1,read,218.604,2830178.295,101.937,
maximum_transaction,251,2,read,148.495,2735442.997,125.089,
maximum_transaction,252,0,read,125.071,2715668.916,441.555,
maximum_transaction,253,1,read,215.65,2838694.328,357.309,
maximum_transaction,254,2,read,149.377,2747071.262,105.633,
maximum_transaction,255,0,read,117.758,2696279.566,122.594,
maximum_transaction,256,1,read,84.997,2799692.335,333.015,
maximum_transaction,257,2,write,1271.495,3002381.857,247.877,STORAGE_UNAVAILABLE
maximum_transaction,258,0,write,756.711,3005539.796,201.851,REQUEST_TIMEOUT
maximum_transaction,259,1,write,831.389,3003911.84,151.879,STORAGE_UNAVAILABLE
maximum_transaction,260,2,read,104.444,2767016.431,91.506,
maximum_transaction,261,0,read,306.107,2704199.765,106.043,
maximum_transaction,262,1,read,6788.753,2775051.913,83.942,
maximum_transaction,263,2,read,104.224,2765755.887,132.331,
maximum_transaction,264,0,read,96.318,2699093.458,1066.733,
maximum_transaction,265,1,read,109.554,2769034.118,89.492,
maximum_transaction,266,2,read,113.07,2758288.617,820.386,
maximum_transaction,267,0,write,717.098,3002246.739,136.419,REQUEST_TIMEOUT
maximum_transaction,268,1,write,776.99,3006570.266,269.305,STORAGE_UNAVAILABLE
maximum_transaction,269,2,write,981.659,3005676.881,175.151,STORAGE_UNAVAILABLE
maximum_transaction,270,0,read,100.006,2772684.869,92.287,
maximum_transaction,271,1,read,123.719,2752319.684,137.791,
maximum_transaction,272,2,read,118.589,2709207.608,3068.73,
maximum_transaction,273,0,read,129.139,2798120.145,830.695,
maximum_transaction,274,1,read,114.232,2760366.706,112.755,
maximum_transaction,275,2,read,168.703,2733157.324,170.192,
maximum_transaction,276,0,read,128.438,2800596.762,158.139,
maximum_transaction,277,1,write,829.275,3004650.31,135.007,REQUEST_TIMEOUT
maximum_transaction,278,2,write,524.922,3005333.025,115.61,STORAGE_UNAVAILABLE
maximum_transaction,279,0,write,678.918,3004918.717,166.665,REQUEST_TIMEOUT
maximum_transaction,280,1,read,105.897,2721452.267,133.293,
maximum_transaction,281,2,read,181.968,2715967.559,323.385,
maximum_transaction,282,0,read,642.43,2758132.129,595.518,
maximum_transaction,283,1,read,130.712,2728500.22,384.608,
maximum_transaction,284,2,read,87.523,2719443.158,486.215,
maximum_transaction,285,0,read,85.779,2751258.549,217.488,
maximum_transaction,286,1,read,327.397,2724736.431,223.83,
maximum_transaction,287,2,write,840.046,3003065.534,175.771,REQUEST_TIMEOUT
maximum_transaction,288,0,write,819.959,3001249.864,281.806,STORAGE_UNAVAILABLE
maximum_transaction,289,1,write,707.821,3004403.023,155.322,REQUEST_TIMEOUT
maximum_transaction,290,2,read,131.694,2745292.261,98.547,
maximum_transaction,291,0,read,122.598,2705857.117,319.606,
maximum_transaction,292,1,read,115.024,2723604.837,82.226,
maximum_transaction,293,2,read,128.448,2736539.621,212.378,
maximum_transaction,294,0,read,82.653,2697189.555,99.639,
maximum_transaction,295,1,read,111.978,2704596.192,766.744,
maximum_transaction,296,2,read,198.127,2724473.966,624.24,
maximum_transaction,297,0,write,669.56,3002981.12,302.665,REQUEST_TIMEOUT
maximum_transaction,298,1,write,625.599,3004687.972,72.949,REQUEST_TIMEOUT
maximum_transaction,299,2,write,795.173,3003516.713,115.669,REQUEST_TIMEOUT
maximum_transaction,300,0,read,117.217,2680934.029,74.583,
maximum_transaction,301,1,read,104.473,2756203.328,102.274,
maximum_transaction,302,2,read,151.3,2733577.195,256.68,
maximum_transaction,303,0,read,98.102,2666905.167,73.14,
maximum_transaction,304,1,read,100.736,2755038.079,75.895,
maximum_transaction,305,2,read,145.82,2718456.882,99.218,
maximum_transaction,306,0,read,91.98,2670650.604,106.312,
maximum_transaction,307,1,write,813.276,3016357.162,191.279,STORAGE_UNAVAILABLE
maximum_transaction,308,2,write,706.488,3003674.824,170.751,STORAGE_UNAVAILABLE
maximum_transaction,309,0,write,778.122,3009521.182,137.509,REQUEST_TIMEOUT
maximum_transaction,310,1,read,103.772,2725411.1,80.424,
maximum_transaction,311,2,read,125.122,2724802.213,108.796,
maximum_transaction,312,0,read,134.689,2701664.922,191.309,
maximum_transaction,313,1,read,129.741,2711063.038,979.308,
maximum_transaction,314,2,read,106.177,2707710.619,149.361,
maximum_transaction,315,0,read,105.155,2689242.144,91.344,
maximum_transaction,316,1,read,153.434,2697987.17,90.573,
maximum_transaction,317,2,write,649.973,3003276.104,143.792,STORAGE_UNAVAILABLE
maximum_transaction,318,0,write,712.59,3038437.072,450.74,REQUEST_TIMEOUT
maximum_transaction,319,1,write,793.79,3028521.679,157.276,STORAGE_UNAVAILABLE
maximum_transaction,320,2,read,149.528,2690594.839,111.852,
maximum_transaction,321,0,read,125.813,2706328.158,89.421,
maximum_transaction,322,1,read,112.138,2696400.601,52.072,
maximum_transaction,323,2,read,131.924,2677763.866,81.236,
maximum_transaction,324,0,read,154.276,2684315.329,89.211,
maximum_transaction,325,1,read,113.33,2678750.523,192.763,
maximum_transaction,326,2,read,96.309,2661963.023,125.267,
maximum_transaction,327,0,write,817.625,3006023.323,148.009,STORAGE_UNAVAILABLE
maximum_transaction,328,1,write,722.548,3029515.439,97.316,STORAGE_UNAVAILABLE
maximum_transaction,329,2,write,701.369,3013543.639,337.571,REQUEST_TIMEOUT
maximum_transaction,330,0,read,121.405,2690188.358,134.344,
maximum_transaction,331,1,read,165.697,2683102.635,151.376,
maximum_transaction,332,2,read,167.15,2722390.165,193.363,
maximum_transaction,333,0,read,139.228,2684534.317,168.798,
maximum_transaction,334,1,read,129.289,2676321.977,172.044,
maximum_transaction,335,2,read,129.971,2701259.262,92.766,
maximum_transaction,336,0,read,142.915,2685186.545,79.462,
maximum_transaction,337,1,write,716.377,3001781.477,196.489,STORAGE_UNAVAILABLE
maximum_transaction,338,2,write,979.143,3003557.566,150.063,STORAGE_UNAVAILABLE
maximum_transaction,339,0,write,777.269,3020655.691,102.014,REQUEST_TIMEOUT
maximum_transaction,340,1,read,192.357,2771807.355,202.069,
maximum_transaction,341,2,read,181.737,2751185.804,117.923,
maximum_transaction,342,0,read,139.288,2711540.221,632.055,
maximum_transaction,343,1,read,120.243,2798109.145,153.65,
maximum_transaction,344,2,read,275.661,2806477.464,740.316,
maximum_transaction,345,0,read,128.027,2712024.525,194.316,
maximum_transaction,346,1,read,106.426,2781308.209,254.137,
maximum_transaction,347,2,write,2184.776,3007804.691,497.667,STORAGE_UNAVAILABLE
maximum_transaction,348,0,write,1916.048,3004448.505,4145.884,STORAGE_UNAVAILABLE
maximum_transaction,349,1,write,779.063,3003232.253,146.777,STORAGE_UNAVAILABLE
maximum_transaction,350,2,read,126.585,2788933.954,326.379,
maximum_transaction,351,0,read,137.114,2808998.05,41.082,
maximum_transaction,352,1,read,177.259,2838566.774,176.902,
maximum_transaction,353,2,read,722.578,2850099.01,105.471,
maximum_transaction,354,0,read,93.863,2805669.666,97.647,
maximum_transaction,355,1,read,946.443,2789808.061,168.247,
maximum_transaction,356,2,read,78.796,2800214.324,98.378,
maximum_transaction,357,0,write,907.33,3002093.733,507.315,REQUEST_TIMEOUT
maximum_transaction,358,1,write,849.804,3002538.026,195.928,REQUEST_TIMEOUT
maximum_transaction,359,2,write,663.809,3002191.735,603.383,REQUEST_TIMEOUT
maximum_transaction,360,0,read,169.194,2812288.726,622.738,
maximum_transaction,361,1,read,339.95,2789401.219,2065.69,
maximum_transaction,362,2,read,144.768,2793375.699,3573.754,
maximum_transaction,363,0,read,515.224,2805746.178,239.84,
maximum_transaction,364,1,read,357.993,2782256.025,277.289,
maximum_transaction,365,2,read,197.466,2779598.823,288.259,
maximum_transaction,366,0,read,124.159,2767402.224,594.928,
maximum_transaction,367,1,write,938.328,3004329.895,195.568,STORAGE_UNAVAILABLE
maximum_transaction,368,2,write,1433.896,3003151.002,102.595,STORAGE_UNAVAILABLE
maximum_transaction,369,0,write,1190.215,3012436.979,78.43,REQUEST_TIMEOUT
maximum_transaction,370,1,read,142.133,2744110.559,172.044,
maximum_transaction,371,2,read,216.722,2733921.4,270.646,
maximum_transaction,372,0,read,170.696,2723957.326,387.072,
maximum_transaction,373,1,read,96.958,2724212.647,81.497,
maximum_transaction,374,2,read,116.456,2719229.919,182.804,
maximum_transaction,375,0,read,127.396,2702396.274,523.535,
maximum_transaction,376,1,read,124.651,2703256.207,253.625,
maximum_transaction,377,2,write,715.886,3004043.985,488.389,STORAGE_UNAVAILABLE
maximum_transaction,378,0,write,666.986,3005424.783,167.645,STORAGE_UNAVAILABLE
maximum_transaction,379,1,write,737.737,3013252.679,285.233,REQUEST_TIMEOUT
maximum_transaction,380,2,read,133.817,2729920.138,77.389,
maximum_transaction,381,0,read,164.806,2695895.746,11541.439,
maximum_transaction,382,1,read,333.729,2715807.122,1711.364,
maximum_transaction,383,2,read,133.267,2710008.472,110.169,
maximum_transaction,384,0,read,103.11,2690552.489,224.682,
maximum_transaction,385,1,read,510.996,2703366.882,233.548,
maximum_transaction,386,2,read,205.522,2690822.099,408.862,
maximum_transaction,387,0,write,705.907,3003927.848,1525.591,REQUEST_TIMEOUT
maximum_transaction,388,1,write,1958.718,3004161.672,1361.797,REQUEST_TIMEOUT
maximum_transaction,389,2,write,980.416,3010055.687,209.243,REQUEST_TIMEOUT
maximum_transaction,390,0,read,122.757,2682735.761,105.482,
maximum_transaction,391,1,read,106.938,2680758.38,539.435,
maximum_transaction,392,2,read,172.75,2682911.829,1168.089,
maximum_transaction,393,0,read,186.536,2666332.012,107.375,
maximum_transaction,394,1,read,103.561,2658521.608,5462.933,
maximum_transaction,395,2,read,110.464,2662884.397,6.338,
maximum_transaction,396,0,read,141.482,2641297.208,3232.062,
maximum_transaction,397,1,write,682.724,3005101.952,6153.422,STORAGE_UNAVAILABLE
maximum_transaction,398,2,write,884.739,3003739.581,200.486,STORAGE_UNAVAILABLE
maximum_transaction,399,0,write,909.204,3002502.96,117.574,REQUEST_TIMEOUT
maximum_transaction,400,1,read,116.776,2737186.123,95.423,
maximum_transaction,401,2,read,448.019,2711768.81,803.825,
maximum_transaction,402,0,read,111.316,2765558.819,64.596,
maximum_transaction,403,1,read,132.415,2725206.558,69.514,
maximum_transaction,404,2,read,88.344,2709662.32,222.046,
maximum_transaction,405,0,read,109.433,2773752.184,210.315,
maximum_transaction,406,1,read,144.438,2708858.591,636.304,
maximum_transaction,407,2,write,718.191,3007242.9,350.654,REQUEST_TIMEOUT
maximum_transaction,408,0,write,748.226,3005762.938,298.208,STORAGE_UNAVAILABLE
maximum_transaction,409,1,write,729.341,3002563.962,965.905,STORAGE_UNAVAILABLE
maximum_transaction,410,2,read,834.015,2737322.827,840.883,
maximum_transaction,411,0,read,159.565,2732352.782,147.529,
maximum_transaction,412,1,read,126.905,2699350.221,224.772,
maximum_transaction,413,2,read,140.059,2725157.305,681.118,
maximum_transaction,414,0,read,144.647,2718484.328,92.347,
maximum_transaction,415,1,read,190.612,2688017.402,155.324,
maximum_transaction,416,2,read,95.287,2707067.374,79.192,
maximum_transaction,417,0,write,824.817,3001810.717,95.724,STORAGE_UNAVAILABLE
maximum_transaction,418,1,write,695.818,3002565.596,90.684,STORAGE_UNAVAILABLE
maximum_transaction,419,2,write,727.347,3006580.791,108.307,STORAGE_UNAVAILABLE
maximum_transaction,420,0,read,361.799,2710447.902,41.283,
maximum_transaction,421,1,read,183.4,2699999.263,419.252,
maximum_transaction,422,2,read,161.308,2722082.601,15793.806,
maximum_transaction,423,0,read,41.206,2682741.12,5959.673,
maximum_transaction,424,1,read,132.366,2666811.037,10792.203,
maximum_transaction,425,2,read,44.252,2718708.152,929.867,
maximum_transaction,426,0,read,87.932,2696324.016,1113.538,
maximum_transaction,427,1,write,1370.117,3002679.396,241.644,REQUEST_TIMEOUT
maximum_transaction,428,2,write,936.265,3002422.36,337.13,STORAGE_UNAVAILABLE
maximum_transaction,429,0,write,810.411,3001706.434,120.74,STORAGE_UNAVAILABLE
maximum_transaction,430,1,read,204.018,2719662.659,99.681,
maximum_transaction,431,2,read,96.66,2719450.767,241.804,
maximum_transaction,432,0,read,97.19,2683666.685,146.517,
maximum_transaction,433,1,read,101.408,2700151.905,312.054,
maximum_transaction,434,2,read,119.972,2699780.315,101.956,
maximum_transaction,435,0,read,92.442,2662711.194,119.989,
maximum_transaction,436,1,read,123.769,2679781.678,108.769,
maximum_transaction,437,2,write,1610.833,3013804.941,169.17,STORAGE_UNAVAILABLE
maximum_transaction,438,0,write,1054.773,3005828.729,224.523,REQUEST_TIMEOUT
maximum_transaction,439,1,write,738.368,3003321.455,130.218,STORAGE_UNAVAILABLE
maximum_transaction,440,2,read,127.496,2685945.956,137.05,
maximum_transaction,441,0,read,115.283,2721382.504,164.812,
maximum_transaction,442,1,read,130.943,2735797.08,191.992,
maximum_transaction,443,2,read,99.012,2702432.758,528.296,
maximum_transaction,444,0,read,99.786,2710947.297,3854.405,
maximum_transaction,445,1,read,327.386,2720807.65,397.132,
maximum_transaction,446,2,read,174.844,2697661.052,74.444,
maximum_transaction,447,0,write,592.417,3002266.05,2046.878,REQUEST_TIMEOUT
maximum_transaction,448,1,write,641.979,3007427.66,359.993,STORAGE_UNAVAILABLE
maximum_transaction,449,2,write,621.903,3002803.566,2840.427,STORAGE_UNAVAILABLE
maximum_transaction,450,0,read,114.191,2739246.397,2984.044,
maximum_transaction,451,1,read,3304.029,2760819.16,660.941,
maximum_transaction,452,2,read,85.669,2740012.326,209.585,
maximum_transaction,453,0,read,99.255,2722246.936,131.5,
maximum_transaction,454,1,read,144.948,2747148.803,113.257,
maximum_transaction,455,2,read,129.139,2719601.525,974.622,
maximum_transaction,456,0,read,140.78,2700113.884,98.379,
maximum_transaction,457,1,write,685.63,3004917.421,144.464,STORAGE_UNAVAILABLE
maximum_transaction,458,2,write,704.024,3006566.625,570.083,STORAGE_UNAVAILABLE
maximum_transaction,459,0,write,602.998,3002204.177,591.892,STORAGE_UNAVAILABLE
maximum_transaction,460,1,read,82.433,2705332.119,6931.163,
maximum_transaction,461,2,read,86.54,2737187.614,2090.078,
maximum_transaction,462,0,read,166.639,2729581.83,599.847,
maximum_transaction,463,1,read,270.891,2700273.169,232.127,
maximum_transaction,464,2,read,108.5,2718514.472,141.659,
maximum_transaction,465,0,read,168.682,2712330.9,12.871,
maximum_transaction,466,1,read,283.325,2697823.894,206.368,
maximum_transaction,467,2,write,902.462,3003050.053,55.409,STORAGE_UNAVAILABLE
maximum_transaction,468,0,write,769.044,3006542.792,339.365,REQUEST_TIMEOUT
maximum_transaction,469,1,write,572.009,3001278.882,109.209,REQUEST_TIMEOUT
maximum_transaction,470,2,read,122.527,2708958.847,8794.202,
maximum_transaction,471,0,read,96.91,2690281.688,553.38,
maximum_transaction,472,1,read,117.617,2708325.082,769.181,
maximum_transaction,473,2,read,81.921,2699487.515,763.08,
maximum_transaction,474,0,read,81.07,2676765.483,575.793,
maximum_transaction,475,1,read,138.687,2682511.686,2008.887,
maximum_transaction,476,2,read,82.614,2678407.095,744.785,
maximum_transaction,477,0,write,819.638,3002635.175,806.4,UNKNOWN_COMMIT_OUTCOME
maximum_transaction,478,1,write,576.206,3003075.991,105.122,REQUEST_TIMEOUT
maximum_transaction,479,2,write,515.294,3002722.225,612.501,REQUEST_TIMEOUT
maximum_transaction,480,0,read,90.328,2680458.514,142.249,
maximum_transaction,481,1,read,72.424,2699980.368,2103.482,
maximum_transaction,482,2,read,179.914,2702131.693,79.072,
maximum_transaction,483,0,read,266.314,2656501.617,1241.715,
maximum_transaction,484,1,read,304.824,2680844.147,140.557,
maximum_transaction,485,2,read,99.735,2680471.107,120.429,
maximum_transaction,486,0,read,83.725,2645088.72,77.97,
maximum_transaction,487,1,write,556.872,3002899.605,1007.772,REQUEST_TIMEOUT
maximum_transaction,488,2,write,593.55,3011660.18,103.507,STORAGE_UNAVAILABLE
maximum_transaction,489,0,write,843.142,2972809.088,317.373,
maximum_transaction,490,1,read,101.027,2724059.243,91.856,
maximum_transaction,491,2,read,465.573,2692993.899,52.393,
maximum_transaction,492,0,read,98.423,2706721.363,969.501,
maximum_transaction,493,1,read,69.558,2700945.947,165.573,
maximum_transaction,494,2,read,112.217,2681751.768,792.715,
maximum_transaction,495,0,read,569.474,2685218.609,138.383,
maximum_transaction,496,1,read,122.587,2675685.995,151.547,
maximum_transaction,497,2,write,648.452,3001496.667,241.373,STORAGE_UNAVAILABLE
maximum_transaction,498,0,write,596.826,3003050.505,282.659,STORAGE_UNAVAILABLE
maximum_transaction,499,1,write,604.519,3003960.108,913.358,REQUEST_TIMEOUT
maximum_transaction,500,2,read,76.542,2697080.819,4143.289,
maximum_transaction,501,0,read,81.903,2677245.625,182.894,
maximum_transaction,502,1,read,94.836,2678965.279,18.079,
maximum_transaction,503,2,read,91.329,2677301.927,90.945,
maximum_transaction,504,0,read,181.877,2654378.995,338.843,
maximum_transaction,505,1,read,115.193,2654956.104,19.532,
maximum_transaction,506,2,read,187.097,2655253.756,430.983,
maximum_transaction,507,0,write,977.651,3004343.43,184.206,STORAGE_UNAVAILABLE
maximum_transaction,508,1,write,919.212,3002593.279,844.509,STORAGE_UNAVAILABLE
maximum_transaction,509,2,write,724.883,3003242.983,101.122,REQUEST_TIMEOUT
maximum_transaction,510,0,read,85.549,2699009.883,2194.949,
maximum_transaction,511,1,read,306.849,2680938.766,1964.322,
maximum_transaction,512,2,read,95.987,2678841.379,923.145,
maximum_transaction,513,0,read,309.604,2680459.568,336.478,
maximum_transaction,514,1,read,98.353,2659221.775,68.722,
maximum_transaction,515,2,read,809.229,2657200.722,192.451,
maximum_transaction,516,0,read,68.798,2664388.133,15.433,
maximum_transaction,517,1,write,796.675,3002284.938,79.091,REQUEST_TIMEOUT
maximum_transaction,518,2,write,550.92,3005329.697,429.58,STORAGE_UNAVAILABLE
maximum_transaction,519,0,write,557.553,3002432.733,3642.79,STORAGE_UNAVAILABLE
maximum_transaction,520,1,read,107.931,2722187.919,1293.499,
maximum_transaction,521,2,read,341.993,2712435.908,238.505,
maximum_transaction,522,0,read,100.055,2651116.275,322.541,
maximum_transaction,523,1,read,147.844,2700060.059,1485.575,
maximum_transaction,524,2,read,102.159,2692324.983,613.009,
maximum_transaction,525,0,read,106.388,2628251.23,64.753,
maximum_transaction,526,1,read,212.954,2669182.183,10746.166,
maximum_transaction,527,2,write,5332.726,3007000.161,8123.919,STORAGE_UNAVAILABLE
maximum_transaction,528,0,write,644.404,3006682.424,3636.127,REQUEST_TIMEOUT
maximum_transaction,529,1,write,5853.731,3012369.625,2063.806,REQUEST_TIMEOUT
maximum_transaction,530,2,read,83.214,2706017.843,307.653,
maximum_transaction,531,0,read,294.175,2682061.225,919.065,
maximum_transaction,532,1,read,97.561,2687584.404,408.68,
maximum_transaction,533,2,read,85.528,2686127.937,106.22,
maximum_transaction,534,0,read,85.739,2659106.462,999.555,
maximum_transaction,535,1,read,202.676,2668449.717,140.193,
maximum_transaction,536,2,read,118.258,2671518.65,76.355,
maximum_transaction,537,0,write,657.338,3003780.069,88.006,STORAGE_UNAVAILABLE
maximum_transaction,538,1,write,1066.815,3006806.943,37.994,STORAGE_UNAVAILABLE
maximum_transaction,539,2,write,753.425,3007291.883,5216.544,STORAGE_UNAVAILABLE
maximum_transaction,540,0,read,1769.597,2709027.145,3.84,
maximum_transaction,541,1,read,198.788,2714833.719,1088.85,
maximum_transaction,542,2,read,70.68,2721077.723,232.334,
maximum_transaction,543,0,read,100.456,2685995.271,118.402,
maximum_transaction,544,1,read,108.731,2691753.775,5234.758,
maximum_transaction,545,2,read,107.178,2688764.739,11409.264,
maximum_transaction,546,0,read,72.384,2666579.022,1520.8,
maximum_transaction,547,1,write,2276.917,3005484.365,54.634,STORAGE_UNAVAILABLE
maximum_transaction,548,2,write,2906.022,3004008.311,579.927,STORAGE_UNAVAILABLE
maximum_transaction,549,0,write,11286.872,3016712.449,231.352,REQUEST_TIMEOUT
maximum_transaction,550,1,read,12853.936,2681026.71,1525.067,
maximum_transaction,551,2,read,107.329,2702994.924,4385.846,
maximum_transaction,552,0,read,114.282,2705253.156,53.502,
maximum_transaction,553,1,read,83.244,2673860.167,81.514,
maximum_transaction,554,2,read,90.517,2689641.673,659.736,
maximum_transaction,555,0,read,89.927,2683115.055,66.838,
maximum_transaction,556,1,read,80.84,2653531.398,1931.36,
maximum_transaction,557,2,write,582.438,3006837.861,882.759,STORAGE_UNAVAILABLE
maximum_transaction,558,0,write,698.123,3009255.81,1515.861,STORAGE_UNAVAILABLE
maximum_transaction,559,1,write,602.747,3006322.597,104.557,REQUEST_TIMEOUT
maximum_transaction,560,2,read,78.565,2746385.433,1517.244,
maximum_transaction,561,0,read,87.522,2716616.862,118.273,
maximum_transaction,562,1,read,1033.173,2703404.952,565.121,
maximum_transaction,563,2,read,105.906,2737453.25,75.664,
maximum_transaction,564,0,read,141.242,2708869.934,90.612,
maximum_transaction,565,1,read,97.38,2689536.608,91.223,
maximum_transaction,566,2,read,109.382,2742480.812,1364.371,
maximum_transaction,567,0,write,818.777,3009433.087,1400.067,STORAGE_UNAVAILABLE
maximum_transaction,568,1,write,1006.634,3031545.289,256.309,REQUEST_TIMEOUT
maximum_transaction,569,2,write,1111.98,3024290.283,124.735,STORAGE_UNAVAILABLE
maximum_transaction,570,0,read,170.015,2746854.942,6390.449,
maximum_transaction,571,1,read,1366.771,2781964.425,143.911,
maximum_transaction,572,2,read,204.138,2698138.63,115.709,
maximum_transaction,573,0,read,102.6,2753324.935,133.872,
maximum_transaction,574,1,read,76.251,2779934.315,2104.202,
maximum_transaction,575,2,read,99.174,2713593.612,268.863,
maximum_transaction,576,0,read,372.269,2734306.312,1284.253,
maximum_transaction,577,1,write,882.965,3003848.253,796.149,STORAGE_UNAVAILABLE
maximum_transaction,578,2,write,938.669,3007669.822,700.0,REQUEST_TIMEOUT
maximum_transaction,579,0,write,1074.791,3004720.94,582.232,STORAGE_UNAVAILABLE
maximum_transaction,580,1,read,100.695,2741533.707,74.813,
maximum_transaction,581,2,read,101.929,2732281.182,196.848,
maximum_transaction,582,0,read,94.505,2697425.359,1057.482,
maximum_transaction,583,1,read,114.202,2733667.119,149.3,
maximum_transaction,584,2,read,97.141,2723513.415,2127.503,
maximum_transaction,585,0,read,143.977,2689702.778,583.724,
maximum_transaction,586,1,read,116.626,2742545.512,82.727,
maximum_transaction,587,2,write,944.049,3002934.874,102.332,STORAGE_UNAVAILABLE
maximum_transaction,588,0,write,1463.4,3006512.118,114.695,STORAGE_UNAVAILABLE
maximum_transaction,589,1,write,3848.929,3005913.61,53.071,STORAGE_UNAVAILABLE
maximum_transaction,590,2,read,79.928,2734800.439,2682.461,
maximum_transaction,591,0,read,79.958,2774960.506,169.216,
maximum_transaction,592,1,read,211.442,2706559.437,338.499,
maximum_transaction,593,2,read,117.057,2755438.831,373.114,
maximum_transaction,594,0,read,213.435,2846818.385,65.695,
maximum_transaction,595,1,read,94.285,2730703.421,171.34,
maximum_transaction,596,2,read,359.395,2827769.916,232.976,
maximum_transaction,597,0,write,519.962,3001852.388,111.28,STORAGE_UNAVAILABLE
maximum_transaction,598,1,write,505.036,3002506.951,110.939,REQUEST_TIMEOUT
maximum_transaction,599,2,write,934.261,3003025.07,361.383,REQUEST_TIMEOUT
maximum_transaction,600,0,read,128.999,2819902.806,2999.67,
maximum_transaction,601,1,read,1016.301,2756876.482,18937.377,
maximum_transaction,602,2,read,7299.799,2773551.725,9959.779,
maximum_transaction,603,0,read,133.668,2798265.665,7267.523,
maximum_transaction,604,1,read,232.911,2779200.877,104.828,
maximum_transaction,605,2,read,89.506,2753544.841,201.918,
maximum_transaction,606,0,read,192.086,2801050.824,367.644,
maximum_transaction,607,1,write,12940.425,3014773.818,362.816,STORAGE_UNAVAILABLE
maximum_transaction,608,2,write,559.145,3001690.378,3330.953,REQUEST_TIMEOUT
maximum_transaction,609,0,write,2497.506,3007355.16,99.568,STORAGE_UNAVAILABLE
maximum_transaction,610,1,read,157.692,2731687.282,175.979,
maximum_transaction,611,2,read,118.299,2709292.337,2.999,
maximum_transaction,612,0,read,179.452,2751372.529,222.455,
maximum_transaction,613,1,read,112.458,2713990.018,28.646,
maximum_transaction,614,2,read,116.606,2692880.132,1812.56,
maximum_transaction,615,0,read,934.741,2750632.799,91.733,
maximum_transaction,616,1,read,141.633,2697494.508,5.072,
maximum_transaction,617,2,write,741.995,3001723.752,128.54,STORAGE_UNAVAILABLE
maximum_transaction,618,0,write,2775.37,3004533.605,71.104,STORAGE_UNAVAILABLE
maximum_transaction,619,1,write,647.248,3005752.263,1839.669,REQUEST_TIMEOUT
maximum_transaction,620,2,read,106.137,2726449.633,839.086,
maximum_transaction,621,0,read,97.481,2712525.777,1182.972,
maximum_transaction,622,1,read,102.851,2736137.526,1373.856,
maximum_transaction,623,2,read,143.416,2721013.747,5904.697,
maximum_transaction,624,0,read,189.892,2699317.064,87.073,
maximum_transaction,625,1,read,100.306,2715420.988,980.368,
maximum_transaction,626,2,read,112.618,2707915.157,139.802,
maximum_transaction,627,0,write,716.016,3002360.07,6505.681,STORAGE_UNAVAILABLE
maximum_transaction,628,1,write,947.736,3004020.405,1831.514,REQUEST_TIMEOUT
maximum_transaction,629,2,write,1107.141,3002693.678,4940.823,REQUEST_TIMEOUT
maximum_transaction,630,0,read,158.925,2727231.352,3483.493,
maximum_transaction,631,1,read,164.997,2703602.673,1404.773,
maximum_transaction,632,2,read,114.722,2699172.065,2239.009,
maximum_transaction,633,0,read,209.608,2710976.007,2249.508,
maximum_transaction,634,1,read,93.021,2689360.915,55.866,
maximum_transaction,635,2,read,121.425,2682772.213,112.06,
maximum_transaction,636,0,read,82.392,2688693.88,92.534,
maximum_transaction,637,1,write,721.997,3004891.758,74.871,REQUEST_TIMEOUT
maximum_transaction,638,2,write,583.24,3001729.111,810.604,REQUEST_TIMEOUT
maximum_transaction,639,0,write,718.25,3000811.763,294.718,STORAGE_UNAVAILABLE
maximum_transaction,640,1,read,77.272,2729732.774,11508.406,
maximum_transaction,641,2,read,53.429,2687394.914,1590.648,
maximum_transaction,642,0,read,99.214,2716315.046,624.087,
maximum_transaction,643,1,read,75.58,2727179.646,1155.211,
maximum_transaction,644,2,read,134.961,2666094.126,814.871,
maximum_transaction,645,0,read,138.325,2699643.989,331.126,
maximum_transaction,646,1,read,174.623,2706332.438,245.316,
maximum_transaction,647,2,write,718.08,3002041.821,105.648,STORAGE_UNAVAILABLE
maximum_transaction,648,0,write,737.416,3001657.82,312.33,REQUEST_TIMEOUT
maximum_transaction,649,1,write,8485.184,3009713.099,629.738,REQUEST_TIMEOUT
maximum_transaction,650,2,read,77.404,2699832.58,106.649,
maximum_transaction,651,0,read,80.459,2706117.199,77.014,
maximum_transaction,652,1,read,84.677,2685501.98,197.988,
maximum_transaction,653,2,read,63.477,2680116.085,16.733,
maximum_transaction,654,0,read,90.117,2686401.826,128.73,
maximum_transaction,655,1,read,91.65,2665236.308,81.743,
maximum_transaction,656,2,read,109.724,2658085.064,176.628,
maximum_transaction,657,0,write,606.905,3002366.214,259.992,STORAGE_UNAVAILABLE
maximum_transaction,658,1,write,627.782,3004481.119,112.85,UNKNOWN_COMMIT_OUTCOME
maximum_transaction,659,2,write,691.411,3002525.818,110.476,REQUEST_TIMEOUT
maximum_transaction,660,0,read,195.852,2714797.335,178.492,
maximum_transaction,661,1,read,86.109,2686811.615,202.617,
maximum_transaction,662,2,read,126.354,2684957.642,117.028,
maximum_transaction,663,0,read,90.828,2691189.423,110.126,
maximum_transaction,664,1,read,139.228,2668015.475,158.264,
maximum_transaction,665,2,read,139.288,2662639.018,69.099,
maximum_transaction,666,0,read,114.843,2673611.72,99.926,
maximum_transaction,667,1,write,1094.878,3003871.32,135.683,REQUEST_TIMEOUT
maximum_transaction,668,2,write,750.85,3006114.794,512.271,REQUEST_TIMEOUT
maximum_transaction,669,0,write,575.125,3002415.895,2526.2,REQUEST_TIMEOUT
maximum_transaction,670,1,read,187.167,2680904.667,1337.117,
maximum_transaction,671,2,read,112.137,2678230.553,1577.463,
maximum_transaction,672,0,read,506.638,2706371.04,870.684,
maximum_transaction,673,1,read,124.35,2657311.803,150.519,
maximum_transaction,674,2,read,109.634,2656759.5,7547.618,
maximum_transaction,675,0,read,84.126,2678763.563,7785.298,
maximum_transaction,676,1,read,77.844,2632298.688,810.963,
maximum_transaction,677,2,write,800.232,3004091.881,136.372,REQUEST_TIMEOUT
maximum_transaction,678,0,write,520.765,3001861.148,8390.8,STORAGE_UNAVAILABLE
maximum_transaction,679,1,write,531.845,2956067.739,727.197,
maximum_transaction,680,2,read,123.498,2698759.353,3590.33,
maximum_transaction,681,0,read,79.277,2680029.767,522.227,
maximum_transaction,682,1,read,131.744,2693243.418,55.483,
maximum_transaction,683,2,read,1209.259,2679976.538,132.215,
maximum_transaction,684,0,read,583.861,2657123.704,1414.821,
maximum_transaction,685,1,read,100.526,2671979.907,219.858,
maximum_transaction,686,2,read,173.251,2659241.938,454.672,
maximum_transaction,687,0,write,673.277,3001249.987,468.969,STORAGE_UNAVAILABLE
maximum_transaction,688,1,write,567.391,3007527.092,374.694,STORAGE_UNAVAILABLE
maximum_transaction,689,2,write,679.478,3011838.837,124.691,REQUEST_TIMEOUT
maximum_transaction,690,0,read,238.543,2699979.886,2022.935,
maximum_transaction,691,1,read,75.92,2697427.518,535.451,
maximum_transaction,692,2,read,137.154,2679738.96,2823.318,
maximum_transaction,693,0,read,796.765,2660255.514,21529.934,
maximum_transaction,694,1,read,47.838,2665291.881,12331.779,
maximum_transaction,695,2,read,37.53,2659027.5,2380.068,
maximum_transaction,696,0,read,178.19,2658901.928,417.473,
maximum_transaction,697,1,write,743.286,3002504.491,367.23,STORAGE_UNAVAILABLE
maximum_transaction,698,2,write,521.817,3002952.64,1180.977,STORAGE_UNAVAILABLE
maximum_transaction,699,0,write,624.788,3001621.055,55.352,REQUEST_TIMEOUT
maximum_transaction,700,1,read,94.214,2689669.9,148.024,
maximum_transaction,701,2,read,91.319,2682600.268,108.391,
maximum_transaction,702,0,read,84.146,2680672.778,558.474,
maximum_transaction,703,1,read,137.324,2666530.757,725.584,
maximum_transaction,704,2,read,114.983,2659793.66,101.157,
maximum_transaction,705,0,read,117.397,2656179.736,807.726,
maximum_transaction,706,1,read,119.562,2643186.313,606.473,
maximum_transaction,707,2,write,924.102,3002246.723,138.787,REQUEST_TIMEOUT
maximum_transaction,708,0,write,670.762,3001439.328,141.061,STORAGE_UNAVAILABLE
maximum_transaction,709,1,write,642.62,3003089.003,1508.584,REQUEST_TIMEOUT
maximum_transaction,710,2,read,159.625,2683436.306,99.304,
maximum_transaction,711,0,read,110.024,2708939.679,160.487,
maximum_transaction,712,1,read,120.112,2632099.389,2075.825,
maximum_transaction,713,2,read,126.474,2666245.989,627.863,
maximum_transaction,714,0,read,112.017,2690956.212,1573.044,
maximum_transaction,715,1,read,111.928,2608874.748,254.922,
maximum_transaction,716,2,read,420.048,2645507.411,66.944,
maximum_transaction,717,0,write,1098.504,3006082.717,1776.841,STORAGE_UNAVAILABLE
maximum_transaction,718,1,write,2848.787,3005629.869,358.113,REQUEST_TIMEOUT
maximum_transaction,719,2,write,756.852,3009300.747,542.144,REQUEST_TIMEOUT
maximum_transaction,720,0,read,127.736,2758762.75,606.233,
maximum_transaction,721,1,read,97.34,2711241.932,86.731,
maximum_transaction,722,2,read,113.39,2717131.76,2608.151,
maximum_transaction,723,0,read,84.086,2738794.449,2141.436,
maximum_transaction,724,1,read,99.345,2709047.418,353.695,
maximum_transaction,725,2,read,86.711,2699978.201,2420.193,
maximum_transaction,726,0,read,134.259,2735631.972,1832.324,
maximum_transaction,727,1,write,527.437,3001822.306,98.202,REQUEST_TIMEOUT
maximum_transaction,728,2,write,2855.548,3006889.891,391.175,REQUEST_TIMEOUT
maximum_transaction,729,0,write,557.652,3004486.149,3713.839,STORAGE_UNAVAILABLE
maximum_transaction,730,1,read,113.04,2712500.843,4492.31,
maximum_transaction,731,2,read,85.498,2712589.848,1357.134,
maximum_transaction,732,0,read,117.678,2685387.88,4760.858,
maximum_transaction,733,1,read,156.01,2693694.253,1140.212,
maximum_transaction,734,2,read,95.788,2700064.081,101.498,
maximum_transaction,735,0,read,133.708,2666587.663,395.833,
maximum_transaction,736,1,read,96.589,2677816.618,181.376,
maximum_transaction,737,2,write,589.992,3005575.126,169.555,STORAGE_UNAVAILABLE
maximum_transaction,738,0,write,434.364,3002599.715,4023.232,STORAGE_UNAVAILABLE
maximum_transaction,739,1,write,653.761,3006094.638,204.68,REQUEST_TIMEOUT
maximum_transaction,740,2,read,108.422,2680683.808,1612.677,
maximum_transaction,741,0,read,67.184,2703026.867,1131.276,
maximum_transaction,742,1,read,120.253,2679620.73,864.942,
maximum_transaction,743,2,read,97.712,2661457.091,73.697,
maximum_transaction,744,0,read,86.972,2709826.64,351.752,
maximum_transaction,745,1,read,107.97,2662349.103,88.915,
maximum_transaction,746,2,read,106.146,2640859.413,112.208,
maximum_transaction,747,0,write,619.077,3002179.768,111.457,STORAGE_UNAVAILABLE
maximum_transaction,748,1,write,569.385,3002837.086,179.392,STORAGE_UNAVAILABLE
maximum_transaction,749,2,write,537.916,3002798.795,116.426,REQUEST_TIMEOUT
maximum_transaction,750,0,read,81.09,2732002.199,174.413,
maximum_transaction,751,1,read,67.174,2711702.193,2115.098,
maximum_transaction,752,2,read,83.555,2725747.886,172.56,
maximum_transaction,753,0,read,163.964,2726957.046,127.617,
maximum_transaction,754,1,read,82.323,2690123.68,83.695,
maximum_transaction,755,2,read,101.798,2718677.531,253.2,
maximum_transaction,756,0,read,93.433,2708193.025,151.591,
maximum_transaction,757,1,write,798.489,3002562.978,405.181,REQUEST_TIMEOUT
maximum_transaction,758,2,write,654.742,3003244.869,549.008,STORAGE_UNAVAILABLE
maximum_transaction,759,0,write,706.368,3002975.531,300.838,REQUEST_TIMEOUT
maximum_transaction,760,1,read,93.764,2683665.09,483.726,
maximum_transaction,761,2,read,139.709,2685171.018,6022.254,
maximum_transaction,762,0,read,90.837,2711065.033,166.289,
maximum_transaction,763,1,read,76.702,2675373.894,243.381,
maximum_transaction,764,2,read,87.563,2668567.037,139.108,
maximum_transaction,765,0,read,128.938,2690665.794,97.361,
maximum_transaction,766,1,read,101.787,2653119.417,104.495,
maximum_transaction,767,2,write,1098.224,3003520.701,156.16,REQUEST_TIMEOUT
maximum_transaction,768,0,write,566.079,3002396.129,126.395,STORAGE_UNAVAILABLE
maximum_transaction,769,1,write,612.505,3001767.966,126.344,REQUEST_TIMEOUT
maximum_transaction,770,2,read,80.459,2729229.404,364.766,
maximum_transaction,771,0,read,89.966,2721197.869,278.878,
maximum_transaction,772,1,read,99.094,2686301.942,90.548,
maximum_transaction,773,2,read,82.693,2708165.774,207.846,
maximum_transaction,774,0,read,112.068,2715570.769,144.869,
maximum_transaction,775,1,read,115.804,2679800.291,89.737,
maximum_transaction,776,2,read,130.031,2699785.944,194.531,
maximum_transaction,777,0,write,815.35,3005129.611,253.14,STORAGE_UNAVAILABLE
maximum_transaction,778,1,write,572.94,3001254.865,197.828,REQUEST_TIMEOUT
maximum_transaction,779,2,write,692.372,3002397.701,95.688,REQUEST_TIMEOUT
maximum_transaction,780,0,read,141.562,2717845.41,256.586,
maximum_transaction,781,1,read,118.82,2717969.32,249.583,
maximum_transaction,782,2,read,127.335,2713135.358,143.577,
maximum_transaction,783,0,read,106.017,2701967.064,127.757,
maximum_transaction,784,1,read,101.258,2721487.906,101.068,
maximum_transaction,785,2,read,179.012,2690309.804,103.613,
maximum_transaction,786,0,read,136.644,2679820.329,101.919,
maximum_transaction,787,1,write,687.073,3003954.295,141.592,STORAGE_UNAVAILABLE
maximum_transaction,788,2,write,815.45,3002051.419,290.389,REQUEST_TIMEOUT
maximum_transaction,789,0,write,1133.268,3002398.111,1933.472,STORAGE_UNAVAILABLE
maximum_transaction,790,1,read,85.549,2679374.493,221.13,
maximum_transaction,791,2,read,117.838,2716476.736,460.213,
maximum_transaction,792,0,read,178.601,2697626.876,74.298,
maximum_transaction,793,1,read,518.21,2656161.301,190.935,
maximum_transaction,794,2,read,296.69,2725018.856,79.698,
maximum_transaction,795,0,read,191.855,2677089.471,306.458,
maximum_transaction,796,1,read,114.122,2636196.998,175.035,
maximum_transaction,797,2,write,720.775,3002154.351,484.468,STORAGE_UNAVAILABLE
maximum_transaction,798,0,write,1031.76,3002942.34,194.481,REQUEST_TIMEOUT
maximum_transaction,799,1,write,980.665,2991875.625,171.018,
maximum_transaction,800,2,read,76.913,2704920.203,71.343,
maximum_transaction,801,0,read,77.874,2705174.894,549.609,
maximum_transaction,802,1,read,113.43,2679927.146,87.242,
maximum_transaction,803,2,read,106.066,2680855.906,105.666,
maximum_transaction,804,0,read,102.249,2685192.046,130.613,
maximum_transaction,805,1,read,135.761,2656308.644,2052.763,
maximum_transaction,806,2,read,121.866,2658110.642,828.455,
maximum_transaction,807,0,write,710.716,3004038.019,128.549,STORAGE_UNAVAILABLE
maximum_transaction,808,1,write,1192.819,3008344.504,414.499,STORAGE_UNAVAILABLE
maximum_transaction,809,2,write,857.207,3007116.731,961.071,REQUEST_TIMEOUT
maximum_transaction,810,0,read,134.068,2715800.553,4098.681,
maximum_transaction,811,1,read,218.215,2678486.338,873.438,
maximum_transaction,812,2,read,119.812,2700818.516,72.275,
maximum_transaction,813,0,read,225.388,2695773.934,563.574,
maximum_transaction,814,1,read,87.172,2674720.052,210.43,
maximum_transaction,815,2,read,184.382,2678493.721,185.224,
maximum_transaction,816,0,read,109.733,2677273.942,91.911,
maximum_transaction,817,1,write,1001.365,3004132.294,159.626,REQUEST_TIMEOUT
maximum_transaction,818,2,write,1477.837,3002858.074,352.654,STORAGE_UNAVAILABLE
maximum_transaction,819,0,write,486.692,3003507.187,883.226,REQUEST_TIMEOUT
maximum_transaction,820,1,read,203.447,2706189.023,2275.966,
maximum_transaction,821,2,read,118.87,2681941.345,255.224,
maximum_transaction,822,0,read,134.389,2708226.115,19.337,
maximum_transaction,823,1,read,189.311,2692346.777,329.08,
maximum_transaction,824,2,read,162.23,2666955.212,88.004,
maximum_transaction,825,0,read,110.064,2686273.229,594.311,
maximum_transaction,826,1,read,147.683,2669441.747,99.455,
maximum_transaction,827,2,write,552.392,2988338.082,928.331,
maximum_transaction,828,0,write,623.816,3000884.81,149.888,STORAGE_UNAVAILABLE
maximum_transaction,829,1,write,1323.442,3002486.817,250.915,STORAGE_UNAVAILABLE
maximum_transaction,830,2,read,107.238,2731556.082,77.665,
maximum_transaction,831,0,read,350.971,2696690.382,729.151,
maximum_transaction,832,1,read,179.933,2675835.589,64.711,
maximum_transaction,833,2,read,261.515,2709070.71,79.548,
maximum_transaction,834,0,read,149.567,2696605.093,85.92,
maximum_transaction,835,1,read,131.954,2658219.353,62.246,
maximum_transaction,836,2,read,178.04,2694627.09,1301.01,
maximum_transaction,837,0,write,3340.798,3006175.96,768.133,STORAGE_UNAVAILABLE
maximum_transaction,838,1,write,1297.593,3004296.338,2931.92,STORAGE_UNAVAILABLE
maximum_transaction,839,2,write,859.643,3002230.422,528.82,REQUEST_TIMEOUT
maximum_transaction,840,0,read,94.536,2721362.774,2121.54,
maximum_transaction,841,1,read,165.336,2716173.674,100.227,
maximum_transaction,842,2,read,147.593,2697512.143,50.284,
maximum_transaction,843,0,read,233.843,2701323.191,834.096,
maximum_transaction,844,1,read,955.4,2696114.114,76.312,
maximum_transaction,845,2,read,1382.13,2673248.658,1216.153,
maximum_transaction,846,0,read,108.712,2680380.295,11.332,
maximum_transaction,847,1,write,975.717,3005747.657,3861.462,STORAGE_UNAVAILABLE
maximum_transaction,848,2,write,634.184,3003519.309,166.8,STORAGE_UNAVAILABLE
maximum_transaction,849,0,write,998.278,3003793.435,1266.387,REQUEST_TIMEOUT
maximum_transaction,850,1,read,105.885,2683540.147,152.965,
maximum_transaction,851,2,read,157.973,2704200.881,558.225,
maximum_transaction,852,0,read,510.685,2684046.284,267.697,
maximum_transaction,853,1,read,106.276,2662833.799,1138.43,
maximum_transaction,854,2,read,249.351,2685378.411,174.074,
maximum_transaction,855,0,read,88.925,2670389.451,111.408,
maximum_transaction,856,1,read,80.198,2641465.945,121.637,
maximum_transaction,857,2,write,611.111,3005874.41,527.308,STORAGE_UNAVAILABLE
maximum_transaction,858,0,write,689.807,3005110.766,1850.088,STORAGE_UNAVAILABLE
maximum_transaction,859,1,write,19076.601,3020725.194,316.387,STORAGE_UNAVAILABLE
maximum_transaction,860,2,read,68.287,2656687.505,9400.371,
maximum_transaction,861,0,read,232.63,2704925.982,859.724,
maximum_transaction,862,1,read,86.2,2704516.185,2864.686,
maximum_transaction,863,2,read,94.405,2641835.409,225.038,
maximum_transaction,864,0,read,134.97,2681462.83,2729.486,
maximum_transaction,865,1,read,116.095,2684660.502,3156.968,
maximum_transaction,866,2,read,101.738,2617107.223,358.646,
maximum_transaction,867,0,write,745.861,3003785.713,2385.95,STORAGE_UNAVAILABLE
maximum_transaction,868,1,write,635.816,3004283.062,100.398,STORAGE_UNAVAILABLE
maximum_transaction,869,2,write,547.554,2990690.82,17274.634,
maximum_transaction,870,0,read,53.179,2676278.528,7827.037,
maximum_transaction,871,1,read,2123.453,2694015.769,21623.828,
maximum_transaction,872,2,read,84.106,2668805.558,13753.884,
maximum_transaction,873,0,read,231.899,2658943.974,3838.821,
maximum_transaction,874,1,read,96.949,2694147.051,4112.548,
maximum_transaction,875,2,read,98.603,2652728.954,5954.399,
maximum_transaction,876,0,read,93.223,2640181.437,603.258,
maximum_transaction,877,1,write,642.651,3001998.553,1307.612,STORAGE_UNAVAILABLE
maximum_transaction,878,2,write,3701.355,3005413.717,6216.504,STORAGE_UNAVAILABLE
maximum_transaction,879,0,write,1138.398,3003429.453,156.02,STORAGE_UNAVAILABLE
maximum_transaction,880,1,read,260.302,2690275.211,273.668,
maximum_transaction,881,2,read,732.216,2710744.339,1063.03,
maximum_transaction,882,0,read,60.212,2721581.971,251.917,
maximum_transaction,883,1,read,82.182,2683362.218,1281.945,
maximum_transaction,884,2,read,202.244,2704430.586,151.532,
maximum_transaction,885,0,read,105.164,2704024.063,615.812,
maximum_transaction,886,1,read,72.574,2675084.348,195.583,
maximum_transaction,887,2,write,666.374,3005701.291,514.283,REQUEST_TIMEOUT
maximum_transaction,888,0,write,4264.589,3005463.029,1029.507,STORAGE_UNAVAILABLE
maximum_transaction,889,1,write,556.17,3004256.524,554.448,REQUEST_TIMEOUT
maximum_transaction,890,2,read,94.716,2688059.569,219.126,
maximum_transaction,891,0,read,105.126,2694069.619,165.507,
maximum_transaction,892,1,read,69.859,2727573.727,492.303,
maximum_transaction,893,2,read,93.273,2677591.06,48.521,
maximum_transaction,894,0,read,111.487,2664739.98,756.582,
maximum_transaction,895,1,read,104.192,2703101.695,638.524,
maximum_transaction,896,2,read,104.863,2658352.109,190.254,
maximum_transaction,897,0,write,629.666,3002250.739,1769.368,REQUEST_TIMEOUT
maximum_transaction,898,1,write,588.59,3000929.663,154.276,STORAGE_UNAVAILABLE
maximum_transaction,899,2,write,633.733,3002504.239,515.506,STORAGE_UNAVAILABLE
maximum_transaction,900,0,read,119.291,2678217.58,9184.872,
maximum_transaction,901,1,read,107.939,2727487.006,360.229,
maximum_transaction,902,2,read,122.296,2720916.477,52.609,
maximum_transaction,903,0,read,110.345,2669230.456,165.187,
maximum_transaction,904,1,read,87.993,2709214.756,112.52,
maximum_transaction,905,2,read,106.406,2700345.21,57.368,
maximum_transaction,906,0,read,192.796,2671886.253,149.819,
maximum_transaction,907,1,write,826.221,3003437.808,826.331,STORAGE_UNAVAILABLE
maximum_transaction,908,2,write,1609.601,3003509.542,220.359,STORAGE_UNAVAILABLE
maximum_transaction,909,0,write,736.996,3001911.332,104.304,UNKNOWN_COMMIT_OUTCOME
maximum_transaction,910,1,read,104.284,2712195.708,132.927,
maximum_transaction,911,2,read,75.079,2714367.319,104.114,
maximum_transaction,912,0,read,133.517,2711215.2,96.24,
maximum_transaction,913,1,read,106.418,2698745.217,88.645,
maximum_transaction,914,2,read,172.529,2691777.844,190.504,
maximum_transaction,915,0,read,91.941,2690584.534,66.224,
maximum_transaction,916,1,read,214.246,2676774.688,135.643,
maximum_transaction,917,2,write,617.735,3002387.422,67.626,REQUEST_TIMEOUT
maximum_transaction,918,0,write,553.004,3001331.557,170.798,REQUEST_TIMEOUT
maximum_transaction,919,1,write,613.496,3002443.216,478.768,REQUEST_TIMEOUT
maximum_transaction,920,2,read,160.588,2684552.603,86.401,
maximum_transaction,921,0,read,183.158,2723042.995,174.405,
maximum_transaction,922,1,read,322.186,2686718.603,118.792,
maximum_transaction,923,2,read,152.032,2670029.886,258.911,
maximum_transaction,924,0,read,199.509,2705957.112,349.84,
maximum_transaction,925,1,read,731.695,2666885.853,218.186,
maximum_transaction,926,2,read,117.527,2651776.621,385.526,
maximum_transaction,927,0,write,1254.633,3003324.938,120.415,STORAGE_UNAVAILABLE
maximum_transaction,928,1,write,540.911,3002524.535,86.873,STORAGE_UNAVAILABLE
maximum_transaction,929,2,write,763.734,2967697.967,95.659,
maximum_transaction,930,0,read,233.002,2679431.187,265.002,
maximum_transaction,931,1,read,126.514,2698020.394,95.118,
maximum_transaction,932,2,read,82.262,2705998.24,149.268,
maximum_transaction,933,0,read,238.141,2657091.604,142.225,
maximum_transaction,934,1,read,178.962,2675126.695,136.855,
maximum_transaction,935,2,read,194.169,2681870.925,85.771,
maximum_transaction,936,0,read,91.038,2634069.467,29.847,
maximum_transaction,937,1,write,862.878,3001902.764,176.579,STORAGE_UNAVAILABLE
maximum_transaction,938,2,write,645.465,3000795.343,187.96,STORAGE_UNAVAILABLE
maximum_transaction,939,0,write,703.633,2975803.419,284.228,
maximum_transaction,940,1,read,170.506,2742088.198,76.804,
maximum_transaction,941,2,read,117.528,2732416.265,530.534,
maximum_transaction,942,0,read,248.971,2734538.226,156.562,
maximum_transaction,943,1,read,173.931,2724098.781,607.988,
maximum_transaction,944,2,read,96.478,2713749.424,213.137,
maximum_transaction,945,0,read,131.504,2710682.404,502.903,
maximum_transaction,946,1,read,98.953,2700305.897,83.376,
maximum_transaction,947,2,write,1148.358,3002652.985,151.752,REQUEST_TIMEOUT
maximum_transaction,948,0,write,675.431,3004639.553,186.187,STORAGE_UNAVAILABLE
maximum_transaction,949,1,write,624.266,3000921.969,316.297,STORAGE_UNAVAILABLE
maximum_transaction,950,2,read,177.318,2680334.51,132.377,
maximum_transaction,951,0,read,263.197,2676152.725,418.156,
maximum_transaction,952,1,read,123.168,2680371.889,72.446,
maximum_transaction,953,2,read,100.826,2656630.881,162.533,
maximum_transaction,954,0,read,192.797,2653881.86,169.586,
maximum_transaction,955,1,read,162.842,2655429.647,168.403,
maximum_transaction,956,2,read,213.063,2632637.885,94.087,
maximum_transaction,957,0,write,1390.476,3001871.748,148.036,STORAGE_UNAVAILABLE
maximum_transaction,958,1,write,768.984,3002456.79,231.681,REQUEST_TIMEOUT
maximum_transaction,959,2,write,849.754,2986463.441,80.721,
maximum_transaction,960,0,read,242.64,2707233.497,45.115,
maximum_transaction,961,1,read,113.831,2700421.881,818.047,
maximum_transaction,962,2,read,158.804,2644650.694,88.175,
maximum_transaction,963,0,read,106.547,2685743.789,117.8,
maximum_transaction,964,1,read,159.575,2680021.269,229.147,
maximum_transaction,965,2,read,212.554,2625213.326,206.564,
maximum_transaction,966,0,read,166.429,2663550.466,184.653,
maximum_transaction,967,1,write,973.473,3005471.404,131.856,STORAGE_UNAVAILABLE
maximum_transaction,968,2,write,847.189,2993353.091,2082.188,
maximum_transaction,969,0,write,509.734,3003444.861,71.544,STORAGE_UNAVAILABLE
maximum_transaction,970,1,read,87.913,2700245.285,78.397,
maximum_transaction,971,2,read,498.093,2710760.609,77.515,
maximum_transaction,972,0,read,90.208,2653327.494,101.189,
maximum_transaction,973,1,read,83.755,2683973.75,132.978,
maximum_transaction,974,2,read,81.231,2688960.186,73.437,
maximum_transaction,975,0,read,90.087,2628857.545,98.193,
maximum_transaction,976,1,read,108.941,2661792.31,123.12,
maximum_transaction,977,2,write,604.268,3004575.154,196.917,STORAGE_UNAVAILABLE
maximum_transaction,978,0,write,846.137,3002690.474,184.623,STORAGE_UNAVAILABLE
maximum_transaction,979,1,write,2849.486,3004385.502,143.348,STORAGE_UNAVAILABLE
maximum_transaction,980,2,read,109.302,2683398.505,63.66,
maximum_transaction,981,0,read,385.775,2688537.673,326.917,
maximum_transaction,982,1,read,309.754,2720637.992,91.952,
maximum_transaction,983,2,read,111.275,2662692.356,385.737,
maximum_transaction,984,0,read,276.231,2667174.838,141.294,
maximum_transaction,985,1,read,288.975,2701961.713,115.195,
maximum_transaction,986,2,read,99.954,2644640.244,104.476,
maximum_transaction,987,0,write,809.75,3002087.898,32.322,STORAGE_UNAVAILABLE
maximum_transaction,988,1,write,617.714,3002589.687,126.596,STORAGE_UNAVAILABLE
maximum_transaction,989,2,write,609.578,3002423.82,102.602,REQUEST_TIMEOUT
maximum_transaction,990,0,read,112.328,2707286.786,1258.783,
maximum_transaction,991,1,read,78.936,2684366.667,1835.592,
maximum_transaction,992,2,read,288.154,2670054.271,1422.366,
maximum_transaction,993,0,read,1609.781,2679882.373,7447.094,
maximum_transaction,994,1,read,107.519,2665878.828,74.49,
maximum_transaction,995,2,read,77.824,2648871.2,86.883,
maximum_transaction,996,0,read,282.614,2667221.094,419.098,
maximum_transaction,997,1,write,1772.643,3002378.276,739.02,STORAGE_UNAVAILABLE
maximum_transaction,998,2,write,2265.305,3003342.14,1815.314,UNKNOWN_COMMIT_OUTCOME
maximum_transaction,999,0,write,556.221,2886899.979,125.274,
maximum_transaction,1000,1,read,1701.782,2692694.181,6748.951,
maximum_transaction,1001,2,read,49.562,2688257.283,366.441,
maximum_transaction,1002,0,read,83.374,2706962.484,88.256,
maximum_transaction,1003,1,read,208.656,2675542.755,6327.481,
maximum_transaction,1004,2,read,84.646,2673278.222,558.927,
maximum_transaction,1005,0,read,111.217,2694348.234,130.353,
maximum_transaction,1006,1,read,171.558,2664088.662,141.484,
maximum_transaction,1007,2,write,612.214,2995459.942,132.858,
maximum_transaction,1008,0,write,593.549,3004366.747,451.579,STORAGE_UNAVAILABLE
maximum_transaction,1009,1,write,591.614,3003371.875,107.352,STORAGE_UNAVAILABLE
maximum_transaction,1010,2,read,88.013,2729027.64,93.916,
maximum_transaction,1011,0,read,94.956,2711941.075,150.711,
maximum_transaction,1012,1,read,104.023,2702730.627,550.051,
maximum_transaction,1013,2,read,16808.971,2706552.626,482.175,
maximum_transaction,1014,0,read,52.177,2685762.704,7301.995,
maximum_transaction,1015,1,read,94.194,2680227.342,80.992,
maximum_transaction,1016,2,read,93.012,2684906.057,538.069,
maximum_transaction,1017,0,write,469.95,3004555.958,141.775,STORAGE_UNAVAILABLE
maximum_transaction,1018,1,write,541.633,3002419.06,312.421,REQUEST_TIMEOUT
maximum_transaction,1019,2,write,520.324,3002201.84,562.002,REQUEST_TIMEOUT
maximum_transaction,1020,0,read,76.652,2691989.777,214.639,
maximum_transaction,1021,1,read,131.522,2703664.557,84.469,
maximum_transaction,1022,2,read,77.684,2684194.139,179.384,
maximum_transaction,1023,0,read,124.04,2680107.812,245.686,
maximum_transaction,1024,1,read,75.84,2684597.335,825.0,
maximum_transaction,1025,2,read,528.478,2664393.046,767.253,
maximum_transaction,1026,0,read,91.51,2643883.744,721.718,
maximum_transaction,1027,1,write,608.917,3002056.449,253.642,STORAGE_UNAVAILABLE
maximum_transaction,1028,2,write,515.275,3003563.5,857.039,STORAGE_UNAVAILABLE
maximum_transaction,1029,0,write,796.745,3007261.981,105.026,REQUEST_TIMEOUT
maximum_transaction,1030,1,read,154.366,2710173.453,91.511,
maximum_transaction,1031,2,read,87.452,2705908.594,70.402,
maximum_transaction,1032,0,read,759.327,2598656.743,100.528,
maximum_transaction,1033,1,read,87.202,2691050.717,157.604,
maximum_transaction,1034,2,read,146.983,2690287.224,20.429,
maximum_transaction,1035,0,read,305.947,2575814.601,489.247,
maximum_transaction,1036,1,read,296.419,2668400.078,5122.188,
maximum_transaction,1037,2,write,1020.529,3003581.404,395.545,STORAGE_UNAVAILABLE
maximum_transaction,1038,0,write,867.797,3003628.221,2518.897,REQUEST_TIMEOUT
maximum_transaction,1039,1,write,646.347,3004443.129,243.132,STORAGE_UNAVAILABLE
maximum_transaction,1040,2,read,156.329,2670049.302,2550.746,
maximum_transaction,1041,0,read,77.974,2709686.961,282.285,
maximum_transaction,1042,1,read,149.186,2707977.065,2176.162,
maximum_transaction,1043,2,read,698.683,2652304.458,91.993,
maximum_transaction,1044,0,read,97.27,2691580.108,278.758,
maximum_transaction,1045,1,read,101.148,2687993.446,228.234,
maximum_transaction,1046,2,read,117.729,2641925.407,105.938,
maximum_transaction,1047,0,write,653.961,3004612.323,322.489,STORAGE_UNAVAILABLE
maximum_transaction,1048,1,write,1014.539,3002412.619,284.379,STORAGE_UNAVAILABLE
maximum_transaction,1049,2,write,2117.061,3003010.838,836.711,STORAGE_UNAVAILABLE
maximum_transaction,1050,0,read,80.419,2717071.938,79.82,
maximum_transaction,1051,1,read,87.081,2683820.797,458.862,
maximum_transaction,1052,2,read,221.471,2685145.782,205.652,
maximum_transaction,1053,0,read,127.036,2696224.95,75.321,
maximum_transaction,1054,1,read,95.987,2667362.276,139.11,
maximum_transaction,1055,2,read,172.399,2666438.305,198.76,
maximum_transaction,1056,0,read,129.991,2673371.485,380.877,
maximum_transaction,1057,1,write,1206.274,3004968.483,203.198,REQUEST_TIMEOUT
maximum_transaction,1058,2,write,915.405,3008494.263,125.164,REQUEST_TIMEOUT
maximum_transaction,1059,0,write,1482.906,3025476.103,229.798,REQUEST_TIMEOUT
maximum_transaction,1060,1,read,178.451,2709918.039,94.206,
maximum_transaction,1061,2,read,281.091,2705239.896,271.845,
maximum_transaction,1062,0,read,237.539,2708390.63,143.658,
maximum_transaction,1063,1,read,216.531,2690486.032,125.845,
maximum_transaction,1064,2,read,926.826,2687919.728,2386.332,
maximum_transaction,1065,0,read,281.22,2686060.104,322.77,
maximum_transaction,1066,1,read,158.383,2671356.153,179.815,
maximum_transaction,1067,2,write,748.947,3009536.624,179.203,REQUEST_TIMEOUT
maximum_transaction,1068,0,write,594.901,3004473.957,640.328,STORAGE_UNAVAILABLE
maximum_transaction,1069,1,write,634.505,3005684.38,100.568,REQUEST_TIMEOUT
maximum_transaction,1070,2,read,88.854,2712128.482,546.845,
maximum_transaction,1071,0,read,154.906,2689521.626,388.241,
maximum_transaction,1072,1,read,103.863,2712186.661,228.595,
maximum_transaction,1073,2,read,84.156,2695673.53,203.959,
maximum_transaction,1074,0,read,140.15,2675465.895,102.351,
maximum_transaction,1075,1,read,231.509,2699639.515,774.696,
maximum_transaction,1076,2,read,412.503,2676047.882,294.798,
maximum_transaction,1077,0,write,485.991,3002512.685,110.226,STORAGE_UNAVAILABLE
maximum_transaction,1078,1,write,610.551,3005739.382,119.403,STORAGE_UNAVAILABLE
maximum_transaction,1079,2,write,652.98,3002797.694,100.167,REQUEST_TIMEOUT
maximum_transaction,1080,0,read,167.881,2711154.01,14141.17,
maximum_transaction,1081,1,read,51.264,2722894.333,4313.299,
maximum_transaction,1082,2,read,145.369,2740016.192,72.205,
maximum_transaction,1083,0,read,75.56,2713296.337,10.2,
maximum_transaction,1084,1,read,90.247,2715735.233,449.464,
maximum_transaction,1085,2,read,84.597,2722967.308,279.459,
maximum_transaction,1086,0,read,102.37,2700436.57,98.765,
maximum_transaction,1087,1,write,553.555,3003880.9,146.493,REQUEST_TIMEOUT
maximum_transaction,1088,2,write,672.115,3003269.547,165.588,STORAGE_UNAVAILABLE
maximum_transaction,1089,0,write,707.522,3001919.377,97.161,REQUEST_TIMEOUT
maximum_transaction,1090,1,read,139.158,2705823.587,2018.941,
maximum_transaction,1091,2,read,97.45,2746760.953,75.392,
maximum_transaction,1092,0,read,116.055,2733033.341,26.871,
maximum_transaction,1093,1,read,101.869,2740298.164,82.324,
maximum_transaction,1094,2,read,74.178,2740642.933,72.656,
maximum_transaction,1095,0,read,143.845,2729641.558,89.518,
maximum_transaction,1096,1,read,117.027,2729352.833,89.307,
maximum_transaction,1097,2,write,728.88,3004609.069,111.007,STORAGE_UNAVAILABLE
maximum_transaction,1098,0,write,523.52,3013757.48,116.257,STORAGE_UNAVAILABLE
maximum_transaction,1099,1,write,934.379,3006783.223,120.756,REQUEST_TIMEOUT
maximum_transaction,1100,2,read,182.227,2704369.073,648.473,
maximum_transaction,1101,0,read,120.244,2733786.686,45.435,
maximum_transaction,1102,1,read,172.57,2726377.984,10517.32,
maximum_transaction,1103,2,read,53.648,2712198.342,701.111,
maximum_transaction,1104,0,read,229.976,2711211.605,460.866,
maximum_transaction,1105,1,read,107.65,2733359.864,82.705,
maximum_transaction,1106,2,read,84.175,2695964.889,84.418,
maximum_transaction,1107,0,write,907.49,3004323.899,718.493,STORAGE_UNAVAILABLE
maximum_transaction,1108,1,write,661.174,3004770.476,204.792,STORAGE_UNAVAILABLE
maximum_transaction,1109,2,write,1264.742,3010570.648,3078.554,REQUEST_TIMEOUT
maximum_transaction,1110,0,read,213.416,2733916.976,2200.106,
maximum_transaction,1111,1,read,142.855,2692265.218,685.541,
maximum_transaction,1112,2,read,100.466,2692183.025,75.071,
maximum_transaction,1113,0,read,106.668,2712844.72,1437.734,
maximum_transaction,1114,1,read,80.349,2691012.297,105.226,
maximum_transaction,1115,2,read,109.993,2689233.521,73.098,
maximum_transaction,1116,0,read,160.717,2694727.577,126.176,
maximum_transaction,1117,1,write,656.887,3002207.711,344.76,REQUEST_TIMEOUT
maximum_transaction,1118,2,write,850.084,3002578.527,161.551,REQUEST_TIMEOUT
maximum_transaction,1119,0,write,2976.312,3004939.119,109.776,REQUEST_TIMEOUT
maximum_transaction,1120,1,read,129.129,2683056.032,305.818,
maximum_transaction,1121,2,read,162.021,2711404.554,100.387,
maximum_transaction,1122,0,read,80.519,2679567.842,752.655,
maximum_transaction,1123,1,read,93.824,2664095.426,287.765,
maximum_transaction,1124,2,read,193.849,2691535.145,428.265,
maximum_transaction,1125,0,read,152.914,2661519.737,90.86,
maximum_transaction,1126,1,read,98.543,2645565.189,73.077,
maximum_transaction,1127,2,write,590.033,3003648.769,274.31,STORAGE_UNAVAILABLE
maximum_transaction,1128,0,write,833.483,3001597.14,174.035,STORAGE_UNAVAILABLE
maximum_transaction,1129,1,write,604.549,3003981.545,107.752,STORAGE_UNAVAILABLE
maximum_transaction,1130,2,read,105.336,2714004.92,139.079,
maximum_transaction,1131,0,read,370.636,2723959.625,120.064,
maximum_transaction,1132,1,read,80.679,2684838.713,93.505,
maximum_transaction,1133,2,read,141.672,2698134.878,96.23,
maximum_transaction,1134,0,read,92.282,2717937.372,1064.513,
maximum_transaction,1135,1,read,68.897,2666824.54,4551.923,
maximum_transaction,1136,2,read,91.169,2698912.898,88.997,
maximum_transaction,1137,0,write,512.62,3003266.201,96.801,STORAGE_UNAVAILABLE
maximum_transaction,1138,1,write,554.667,3004275.31,552.355,STORAGE_UNAVAILABLE
maximum_transaction,1139,2,write,566.99,3005509.756,195.905,STORAGE_UNAVAILABLE
maximum_transaction,1140,0,read,103.062,2727827.068,317.84,
maximum_transaction,1141,1,read,197.385,2697427.668,598.24,
maximum_transaction,1142,2,read,263.94,2705671.435,119.473,
maximum_transaction,1143,0,read,93.243,2710010.271,725.846,
maximum_transaction,1144,1,read,116.144,2680075.932,2505.172,
maximum_transaction,1145,2,read,97.941,2685840.248,122.619,
maximum_transaction,1146,0,read,16953.78,2689466.715,120.334,
maximum_transaction,1147,1,write,573.322,3002120.899,7107.786,STORAGE_UNAVAILABLE
maximum_transaction,1148,2,write,1170.427,3008898.852,103.484,REQUEST_TIMEOUT
maximum_transaction,1149,0,write,582.669,3001967.344,3743.616,REQUEST_TIMEOUT
maximum_transaction,1150,1,read,124.411,2691041.009,3138.605,
maximum_transaction,1151,2,read,117.108,2686022.647,169.846,
maximum_transaction,1152,0,read,98.894,2685730.254,162.533,
maximum_transaction,1153,1,read,93.423,2682665.959,739.672,
maximum_transaction,1154,2,read,91.619,2671020.291,1862.592,
maximum_transaction,1155,0,read,790.163,2668863.066,1395.607,
maximum_transaction,1156,1,read,1170.107,2667691.565,130.665,
maximum_transaction,1157,2,write,595.593,3004242.027,104.777,STORAGE_UNAVAILABLE
maximum_transaction,1158,0,write,758.074,3001446.38,1640.942,REQUEST_TIMEOUT
maximum_transaction,1159,1,write,547.955,3002480.185,23.766,STORAGE_UNAVAILABLE
maximum_transaction,1160,2,read,80.5,2716612.278,80.13,
maximum_transaction,1161,0,read,108.601,2720426.201,2103.578,
maximum_transaction,1162,1,read,100.807,2710059.061,83.807,
maximum_transaction,1163,2,read,466.504,2693277.662,91.752,
maximum_transaction,1164,0,read,492.672,2719125.351,102.843,
maximum_transaction,1165,1,read,79.127,2703272.362,106.84,
maximum_transaction,1166,2,read,84.818,2673119.799,891.363,
maximum_transaction,1167,0,write,578.602,3003791.685,98.735,STORAGE_UNAVAILABLE
maximum_transaction,1168,1,write,754.528,3004182.257,118.191,STORAGE_UNAVAILABLE
maximum_transaction,1169,2,write,633.273,3002412.62,1139.573,STORAGE_UNAVAILABLE
maximum_transaction,1170,0,read,264.1,2723426.398,183.091,
maximum_transaction,1171,1,read,160.136,2697990.099,17895.284,
maximum_transaction,1172,2,read,42.088,2699275.59,8060.53,
maximum_transaction,1173,0,read,116.305,2707499.25,91.752,
maximum_transaction,1174,1,read,211.492,2699363.123,56.466,
maximum_transaction,1175,2,read,211.482,2692799.958,124.823,
maximum_transaction,1176,0,read,111.646,2688584.109,171.861,
maximum_transaction,1177,1,write,669.51,3003272.643,92.002,STORAGE_UNAVAILABLE
maximum_transaction,1178,2,write,720.024,3002045.46,580.026,STORAGE_UNAVAILABLE
maximum_transaction,1179,0,write,631.59,3003257.986,504.817,STORAGE_UNAVAILABLE
maximum_transaction,1180,1,read,105.826,2708139.195,88.256,
maximum_transaction,1181,2,read,93.333,2689385.293,1464.354,
maximum_transaction,1182,0,read,96.81,2684410.561,3.809,
maximum_transaction,1183,1,read,100.126,2695739.532,188.882,
maximum_transaction,1184,2,read,176.097,2666128.262,721.999,
maximum_transaction,1185,0,read,158.824,2668711.485,1170.069,
maximum_transaction,1186,1,read,339.279,2674564.245,497.503,
maximum_transaction,1187,2,write,724.462,3002979.901,495.931,STORAGE_UNAVAILABLE
maximum_transaction,1188,0,write,569.866,3003011.961,318.973,REQUEST_TIMEOUT
maximum_transaction,1189,1,write,627.291,3004176.657,136.385,REQUEST_TIMEOUT
maximum_transaction,1190,2,read,123.108,2760740.413,578.063,
maximum_transaction,1191,0,read,137.615,2687061.069,167.913,
maximum_transaction,1192,1,read,114.682,2750501.049,248.473,
maximum_transaction,1193,2,read,125.973,2754141.532,89.158,
maximum_transaction,1194,0,read,111.316,2702045.821,904.247,
maximum_transaction,1195,1,read,122.437,2740610.203,111.288,
maximum_transaction,1196,2,read,348.586,2739012.493,171.44,
maximum_transaction,1197,0,write,754.497,3003667.434,190.265,REQUEST_TIMEOUT
maximum_transaction,1198,1,write,598.868,3004840.166,223.577,REQUEST_TIMEOUT
maximum_transaction,1199,2,write,510.676,3002054.267,11858.244,REQUEST_TIMEOUT
maximum_transaction,1200,0,read,138.967,2711015.282,2372.707,
maximum_transaction,1201,1,read,134.539,2696497.456,687.746,
maximum_transaction,1202,2,read,358.233,2704848.461,85.331,
maximum_transaction,1203,0,read,732.497,2692361.085,215.511,
maximum_transaction,1204,1,read,100.004,2687158.078,25.65,
maximum_transaction,1205,2,read,110.193,2689934.24,6237.625,
maximum_transaction,1206,0,read,87.701,2677912.886,116.038,
maximum_transaction,1207,1,write,708.912,3004082.352,123.782,REQUEST_TIMEOUT
maximum_transaction,1208,2,write,555.83,3033788.97,5337.226,STORAGE_UNAVAILABLE
maximum_transaction,1209,0,write,481.321,3016440.99,68.279,STORAGE_UNAVAILABLE
maximum_transaction,1210,1,read,118.91,2713993.678,90.841,
maximum_transaction,1211,2,read,114.692,2728851.375,99.917,
maximum_transaction,1212,0,read,141.303,2722702.098,360.94,
maximum_transaction,1213,1,read,103.061,2700720.998,112.911,
maximum_transaction,1214,2,read,474.178,2738621.389,61.506,
maximum_transaction,1215,0,read,145.008,2703816.43,398.19,
maximum_transaction,1216,1,read,92.26,2685986.608,73.419,
maximum_transaction,1217,2,write,592.537,3008768.121,108.944,STORAGE_UNAVAILABLE
maximum_transaction,1218,0,write,425.888,3010908.585,101.611,STORAGE_UNAVAILABLE
maximum_transaction,1219,1,write,568.733,3000903.486,75.252,STORAGE_UNAVAILABLE
maximum_transaction,1220,2,read,81.682,2705675.804,71.584,
maximum_transaction,1221,0,read,110.093,2684432.44,110.227,
maximum_transaction,1222,1,read,72.624,2679427.501,856.379,
maximum_transaction,1223,2,read,148.646,2684617.694,680.893,
maximum_transaction,1224,0,read,142.814,2660689.178,340.633,
maximum_transaction,1225,1,read,106.037,2656359.108,179.946,
maximum_transaction,1226,2,read,113.6,2660961.743,452.611,
maximum_transaction,1227,0,write,523.129,3002814.476,106.068,STORAGE_UNAVAILABLE
maximum_transaction,1228,1,write,598.138,3004010.871,188.491,STORAGE_UNAVAILABLE
maximum_transaction,1229,2,write,531.644,3008074.366,646.019,REQUEST_TIMEOUT
maximum_transaction,1230,0,read,94.515,2687224.632,309.556,
maximum_transaction,1231,1,read,78.505,2692553.36,217.576,
maximum_transaction,1232,2,read,66.002,2702793.476,92.914,
maximum_transaction,1233,0,read,173.12,2669396.343,335.234,
maximum_transaction,1234,1,read,169.985,2681037.032,94.588,
maximum_transaction,1235,2,read,113.891,2689742.556,106.339,
maximum_transaction,1236,0,read,137.074,2654844.573,162.594,
maximum_transaction,1237,1,write,613.415,3002281.237,182.661,STORAGE_UNAVAILABLE
maximum_transaction,1238,2,write,521.486,3001632.737,95.008,STORAGE_UNAVAILABLE
maximum_transaction,1239,0,write,669.039,3008773.38,93.325,STORAGE_UNAVAILABLE
maximum_transaction,1240,1,read,68.827,2687948.712,332.629,
maximum_transaction,1241,2,read,149.347,2721850.781,361.912,
maximum_transaction,1242,0,read,133.948,2736709.127,78.017,
maximum_transaction,1243,1,read,118.98,2696982.183,251.759,
maximum_transaction,1244,2,read,162.421,2709618.676,100.078,
maximum_transaction,1245,0,read,73.747,2714629.076,68.549,
maximum_transaction,1246,1,read,115.604,2681418.098,91.853,
maximum_transaction,1247,2,write,647.729,3003846.064,150.762,STORAGE_UNAVAILABLE
maximum_transaction,1248,0,write,426.02,3011971.634,139.06,STORAGE_UNAVAILABLE
maximum_transaction,1249,1,write,631.088,3001956.024,123.923,STORAGE_UNAVAILABLE
maximum_transaction,1250,2,read,95.647,2742201.208,87.194,
maximum_transaction,1251,0,read,140.75,2738268.174,732.089,
maximum_transaction,1252,1,read,201.673,2720185.224,248.834,
maximum_transaction,1253,2,read,118.92,2725854.034,118.191,
maximum_transaction,1254,0,read,129.981,2744034.975,57.679,
maximum_transaction,1255,1,read,107.279,2700066.837,58.26,
maximum_transaction,1256,2,read,105.586,2704819.287,8.929,
maximum_transaction,1257,0,write,636.529,3006273.53,119.103,STORAGE_UNAVAILABLE
maximum_transaction,1258,1,write,597.156,3001518.623,88.517,REQUEST_TIMEOUT
maximum_transaction,1259,2,write,654.892,3003621.779,116.679,REQUEST_TIMEOUT
maximum_transaction,1260,0,read,83.915,2698305.212,308.244,
maximum_transaction,1261,1,read,102.18,2722404.857,207.256,
maximum_transaction,1262,2,read,107.859,2696736.297,91.162,
maximum_transaction,1263,0,read,218.044,2706911.202,82.585,
maximum_transaction,1264,1,read,122.607,2705403.7,268.89,
maximum_transaction,1265,2,read,141.231,2685209.92,1033.818,
maximum_transaction,1266,0,read,121.094,2689560.308,137.367,
maximum_transaction,1267,1,write,801.915,3006963.197,344.261,STORAGE_UNAVAILABLE
maximum_transaction,1268,2,write,530.042,2988233.54,2494.072,
maximum_transaction,1269,0,write,759.507,3007110.952,127.058,STORAGE_UNAVAILABLE
maximum_transaction,1270,1,read,158.153,2720710.036,247.912,
maximum_transaction,1271,2,read,137.124,2723648.068,409.872,
maximum_transaction,1272,0,read,92.792,2722465.968,116.118,
maximum_transaction,1273,1,read,120.874,2702924.287,106.38,
maximum_transaction,1274,2,read,77.724,2701331.738,2030.273,
maximum_transaction,1275,0,read,156.67,2701538.511,176.61,
maximum_transaction,1276,1,read,111.015,2680635.258,212.497,
maximum_transaction,1277,2,write,631.159,3003555.136,122.269,STORAGE_UNAVAILABLE
maximum_transaction,1278,0,write,629.516,3003067.442,204.311,STORAGE_UNAVAILABLE
maximum_transaction,1279,1,write,750.1,3002731.651,528.471,REQUEST_TIMEOUT
maximum_transaction,1280,2,read,87.432,2681531.969,1721.35,
maximum_transaction,1281,0,read,161.749,2731363.387,675.464,
maximum_transaction,1282,1,read,105.716,2706496.985,92.163,
maximum_transaction,1283,2,read,84.226,2661165.571,76.945,
maximum_transaction,1284,0,read,116.485,2710127.938,121.959,
maximum_transaction,1285,1,read,135.601,2681988.484,358.387,
maximum_transaction,1286,2,read,168.142,2649251.996,135.674,
maximum_transaction,1287,0,write,749.508,3003382.186,155.511,STORAGE_UNAVAILABLE
maximum_transaction,1288,1,write,707.77,3002957.519,478.499,STORAGE_UNAVAILABLE
maximum_transaction,1289,2,write,632.662,3011201.437,516.93,STORAGE_UNAVAILABLE
maximum_transaction,1290,0,read,220.167,2705201.865,90.07,
maximum_transaction,1291,1,read,118.99,2682333.814,76.985,
maximum_transaction,1292,2,read,57.357,2683817.653,76.233,
maximum_transaction,1293,0,read,80.85,2686243.164,85.942,
maximum_transaction,1294,1,read,113.141,2665874.442,86.813,
maximum_transaction,1295,2,read,89.496,2667276.398,90.47,
maximum_transaction,1296,0,read,87.903,2665168.103,90.01,
maximum_transaction,1297,1,write,770.958,3002398.965,124.934,REQUEST_TIMEOUT
maximum_transaction,1298,2,write,638.783,3002592.042,155.691,STORAGE_UNAVAILABLE
maximum_transaction,1299,0,write,1274.33,3002628.659,310.799,REQUEST_TIMEOUT
maximum_transaction,1300,1,read,77.383,2725371.73,139.391,
maximum_transaction,1301,2,read,438.132,2669363.573,347.176,
maximum_transaction,1302,0,read,134.75,2710615.001,196.256,
maximum_transaction,1303,1,read,414.408,2707590.039,346.755,
maximum_transaction,1304,2,read,115.855,2660028.044,117.951,
maximum_transaction,1305,0,read,167.019,2690678.287,96.442,
maximum_transaction,1306,1,read,173.842,2691376.22,95.931,
maximum_transaction,1307,2,write,738.97,3003561.259,136.555,STORAGE_UNAVAILABLE
maximum_transaction,1308,0,write,813.898,3002913.849,501.842,STORAGE_UNAVAILABLE
maximum_transaction,1309,1,write,1895.891,3006742.088,1119.216,STORAGE_UNAVAILABLE
maximum_transaction,1310,2,read,129.46,2708126.893,79.67,
maximum_transaction,1311,0,read,121.374,2715413.087,1305.661,
maximum_transaction,1312,1,read,97.069,2686509.176,90.21,
maximum_transaction,1313,2,read,184.111,2684990.193,51.108,
maximum_transaction,1314,0,read,98.453,2701662.892,102.092,
maximum_transaction,1315,1,read,170.015,2664634.615,86.363,
maximum_transaction,1316,2,read,85.508,2664908.993,89.148,
maximum_transaction,1317,0,write,948.297,3017525.57,111.078,STORAGE_UNAVAILABLE
maximum_transaction,1318,1,write,622.824,3013188.998,246.81,REQUEST_TIMEOUT
maximum_transaction,1319,2,write,649.262,3005166.63,298.706,STORAGE_UNAVAILABLE
maximum_transaction,1320,0,read,83.454,2744687.853,830.631,
maximum_transaction,1321,1,read,108.0,2740323.991,79.3,
maximum_transaction,1322,2,read,92.49,2751644.858,98.576,
maximum_transaction,1323,0,read,111.446,2728990.973,1307.975,
maximum_transaction,1324,1,read,135.731,2721803.06,96.652,
maximum_transaction,1325,2,read,91.069,2733625.526,683.96,
maximum_transaction,1326,0,read,98.934,2714100.476,105.338,
maximum_transaction,1327,1,write,926.406,3013889.766,202.157,STORAGE_UNAVAILABLE
maximum_transaction,1328,2,write,1343.508,3030961.1,43.695,STORAGE_UNAVAILABLE
maximum_transaction,1329,0,write,847.41,3020732.028,397.739,STORAGE_UNAVAILABLE
maximum_transaction,1330,1,read,84.496,2681648.023,86.804,
maximum_transaction,1331,2,read,132.045,2703701.457,355.962,
maximum_transaction,1332,0,read,102.399,2700929.273,527.2,
maximum_transaction,1333,1,read,85.037,2668694.213,591.358,
maximum_transaction,1334,2,read,81.631,2699106.908,146.554,
maximum_transaction,1335,0,read,87.132,2704299.976,189.043,
maximum_transaction,1336,1,read,92.522,2674180.915,100.759,
maximum_transaction,1337,2,write,699.526,3008030.514,570.179,STORAGE_UNAVAILABLE
maximum_transaction,1338,0,write,2960.964,3036589.937,346.805,STORAGE_UNAVAILABLE
maximum_transaction,1339,1,write,897.853,3005166.379,97.223,STORAGE_UNAVAILABLE
maximum_transaction,1340,2,read,115.615,2806365.812,469.041,
maximum_transaction,1341,0,read,86.401,2813306.816,82.766,
maximum_transaction,1342,1,read,101.528,2810560.52,2509.41,
maximum_transaction,1343,2,read,80.178,2807796.741,78.97,
maximum_transaction,1344,0,read,5293.012,2808725.722,145.012,
maximum_transaction,1345,1,read,452.328,2773189.259,81.764,
maximum_transaction,1346,2,read,118.018,2904487.421,744.512,
maximum_transaction,1347,0,write,1311.409,3005010.17,143.569,STORAGE_UNAVAILABLE
maximum_transaction,1348,1,write,1418.298,3005623.898,60.725,STORAGE_UNAVAILABLE
maximum_transaction,1349,2,write,980.977,3005778.875,245.247,STORAGE_UNAVAILABLE
maximum_transaction,1350,0,read,76.722,2885765.67,184.184,
maximum_transaction,1351,1,read,106.749,2729732.166,3225.015,
maximum_transaction,1352,2,read,405.2,2879172.529,1093.248,
maximum_transaction,1353,0,read,120.493,2896603.912,8753.485,
maximum_transaction,1354,1,read,285.449,2823707.427,1327.091,
maximum_transaction,1355,2,read,116.826,2869725.313,131.036,
maximum_transaction,1356,0,read,72.556,2840510.678,122.309,
maximum_transaction,1357,1,write,801.004,3002135.387,258.341,REQUEST_TIMEOUT
maximum_transaction,1358,2,write,2281.586,3005690.52,4261.035,REQUEST_TIMEOUT
maximum_transaction,1359,0,write,980.787,3006999.473,13419.637,STORAGE_UNAVAILABLE
maximum_transaction,1360,1,read,92.011,2797513.315,4411.554,
maximum_transaction,1361,2,read,85.198,2803546.3,1357.517,
maximum_transaction,1362,0,read,94.505,2859842.74,3838.272,
maximum_transaction,1363,1,read,84.667,2780112.42,477.858,
maximum_transaction,1364,2,read,93.804,2826767.585,2452.626,
maximum_transaction,1365,0,read,81.35,2862751.497,299.338,
maximum_transaction,1366,1,read,463.188,2761139.461,396.278,
maximum_transaction,1367,2,write,726.876,3003565.995,340.945,STORAGE_UNAVAILABLE
maximum_transaction,1368,0,write,1950.783,3011240.728,6335.537,STORAGE_UNAVAILABLE
maximum_transaction,1369,1,write,8851.674,3013915.974,157.665,STORAGE_UNAVAILABLE
maximum_transaction,1370,2,read,87.131,2805464.451,7822.361,
maximum_transaction,1371,0,read,54.521,2819002.744,85.733,
maximum_transaction,1372,1,read,181.246,2744584.432,123.853,
maximum_transaction,1373,2,read,106.207,2842155.763,306.712,
maximum_transaction,1374,0,read,1199.44,2822982.544,191.87,
maximum_transaction,1375,1,read,109.373,2751481.835,41.17,
maximum_transaction,1376,2,read,95.878,2771004.471,160.551,
maximum_transaction,1377,0,write,2500.81,3005166.408,832.807,STORAGE_UNAVAILABLE
maximum_transaction,1378,1,write,878.978,3006639.918,364.619,STORAGE_UNAVAILABLE
maximum_transaction,1379,2,write,752.083,3001646.851,341.536,REQUEST_TIMEOUT
maximum_transaction,1380,0,read,116.206,2777421.696,103.265,
maximum_transaction,1381,1,read,88.414,2713961.939,12.277,
maximum_transaction,1382,2,read,242.139,2754644.954,6933.794,
maximum_transaction,1383,0,read,85.248,2756155.892,90.15,
maximum_transaction,1384,1,read,93.082,2716763.637,311.21,
maximum_transaction,1385,2,read,90.137,2758462.583,143.349,
maximum_transaction,1386,0,read,580.796,2735098.604,599.113,
maximum_transaction,1387,1,write,765.057,3001358.488,139.722,UNKNOWN_COMMIT_OUTCOME
maximum_transaction,1388,2,write,719.202,3002302.355,335.355,STORAGE_UNAVAILABLE
maximum_transaction,1389,0,write,586.196,3004221.599,87.986,STORAGE_UNAVAILABLE
maximum_transaction,1390,1,read,126.264,2679421.469,145.954,
maximum_transaction,1391,2,read,131.303,2721168.745,82.847,
maximum_transaction,1392,0,read,92.622,2742750.024,198.672,
maximum_transaction,1393,1,read,132.635,2654975.425,100.57,
maximum_transaction,1394,2,read,151.101,2705400.904,125.225,
maximum_transaction,1395,0,read,188.66,2723853.829,262.499,
maximum_transaction,1396,1,read,131.153,2638685.747,291.413,
maximum_transaction,1397,2,write,894.496,3004102.639,127.009,STORAGE_UNAVAILABLE
maximum_transaction,1398,0,write,14497.97,3016493.126,112.482,REQUEST_TIMEOUT
maximum_transaction,1399,1,write,724.272,2938529.308,4638.674,
maximum_transaction,1400,2,read,93.484,2731228.116,114.235,
maximum_transaction,1401,0,read,210.68,2733805.519,262.55,
maximum_transaction,1402,1,read,2359.76,2724486.07,1184.026,
maximum_transaction,1403,2,read,106.648,2714511.517,484.38,
maximum_transaction,1404,0,read,120.694,2739413.285,35.159,
maximum_transaction,1405,1,read,231.308,2726121.348,289.911,
maximum_transaction,1406,2,read,218.524,2710115.004,240.56,
maximum_transaction,1407,0,write,5576.648,3006171.931,2427.58,STORAGE_UNAVAILABLE
maximum_transaction,1408,1,write,714.313,3002155.363,138.861,STORAGE_UNAVAILABLE
maximum_transaction,1409,2,write,3179.447,3004541.03,9850.638,REQUEST_TIMEOUT
maximum_transaction,1410,0,read,79.216,2702125.357,3036.588,
maximum_transaction,1411,1,read,139.108,2724788.799,17.266,
maximum_transaction,1412,2,read,95.857,2696269.451,100.15,
maximum_transaction,1413,0,read,82.202,2679213.644,514.627,
maximum_transaction,1414,1,read,662.548,2703738.726,389.875,
maximum_transaction,1415,2,read,94.465,2673306.414,103.436,
maximum_transaction,1416,0,read,129.809,2655886.192,1439.18,
maximum_transaction,1417,1,write,721.897,3008204.977,138.35,STORAGE_UNAVAILABLE
maximum_transaction,1418,2,write,742.306,3003520.772,212.637,STORAGE_UNAVAILABLE
maximum_transaction,1419,0,write,769.604,3004956.359,228.027,STORAGE_UNAVAILABLE
maximum_transaction,1420,1,read,124.411,2702604.194,97.925,
maximum_transaction,1421,2,read,116.877,2702021.926,244.236,
maximum_transaction,1422,0,read,78.986,2698272.973,288.428,
maximum_transaction,1423,1,read,71.593,2678663.205,91.704,
maximum_transaction,1424,2,read,100.205,2678813.433,93.437,
maximum_transaction,1425,0,read,89.887,2675802.126,93.126,
maximum_transaction,1426,1,read,170.315,2653481.358,157.566,
maximum_transaction,1427,2,write,1323.641,3004376.656,1005.897,STORAGE_UNAVAILABLE
maximum_transaction,1428,0,write,764.686,3001587.08,185.107,STORAGE_UNAVAILABLE
maximum_transaction,1429,1,write,752.725,3001729.685,106.771,STORAGE_UNAVAILABLE
maximum_transaction,1430,2,read,81.391,2712013.1,2774.341,
maximum_transaction,1431,0,read,145.079,2689222.671,4339.09,
maximum_transaction,1432,1,read,101.156,2619534.178,310.229,
maximum_transaction,1433,2,read,136.183,2693110.923,68.24,
maximum_transaction,1434,0,read,95.296,2662761.345,9208.067,
maximum_transaction,1435,1,read,93.563,2597766.956,76.415,
maximum_transaction,1436,2,read,301.218,2671606.657,327.36,
maximum_transaction,1437,0,write,673.227,3002544.444,156.884,STORAGE_UNAVAILABLE
maximum_transaction,1438,1,write,681.612,3003205.317,149.481,REQUEST_TIMEOUT
maximum_transaction,1439,2,write,1080.651,3003525.951,524.105,REQUEST_TIMEOUT
maximum_transaction,1440,0,read,77.303,2711015.692,1055.919,
maximum_transaction,1441,1,read,103.702,2698081.378,1327.953,
maximum_transaction,1442,2,read,89.345,2692901.725,406.898,
maximum_transaction,1443,0,read,97.731,2691962.735,117.542,
maximum_transaction,1444,1,read,72.364,2677452.023,357.075,
maximum_transaction,1445,2,read,142.564,2670926.507,2176.715,
maximum_transaction,1446,0,read,98.994,2668133.143,85.592,
maximum_transaction,1447,1,write,727.438,3001816.706,940.275,REQUEST_TIMEOUT
maximum_transaction,1448,2,write,982.129,3002191.399,2073.644,REQUEST_TIMEOUT
maximum_transaction,1449,0,write,903.053,3004432.62,1266.72,REQUEST_TIMEOUT
maximum_transaction,1450,1,read,73.767,2723188.716,74.181,
maximum_transaction,1451,2,read,121.155,2711387.03,113.343,
maximum_transaction,1452,0,read,205.21,2708826.458,936.388,
maximum_transaction,1453,1,read,80.158,2702504.94,76.686,
maximum_transaction,1454,2,read,112.468,2691661.628,136.597,
maximum_transaction,1455,0,read,96.317,2690250.374,1253.646,
maximum_transaction,1456,1,read,107.077,2679702.609,142.789,
maximum_transaction,1457,2,write,2007.188,2992969.17,134.683,
maximum_transaction,1458,0,write,1655.496,3002738.704,130.355,REQUEST_TIMEOUT
maximum_transaction,1459,1,write,785.595,3002571.975,307.934,REQUEST_TIMEOUT
maximum_transaction,1460,2,read,158.965,2707209.513,103.345,
maximum_transaction,1461,0,read,244.372,2698092.427,227.185,
maximum_transaction,1462,1,read,164.815,2706817.757,128.983,
maximum_transaction,1463,2,read,228.263,2686930.256,4550.071,
maximum_transaction,1464,0,read,84.296,2676425.049,70.435,
maximum_transaction,1465,1,read,119.692,2683104.51,1078.171,
maximum_transaction,1466,2,read,90.849,2672028.308,426.894,
maximum_transaction,1467,0,write,932.687,3003732.032,142.358,REQUEST_TIMEOUT
maximum_transaction,1468,1,write,723.981,3003620.045,311.12,STORAGE_UNAVAILABLE
maximum_transaction,1469,2,write,1590.476,3002272.99,85.192,REQUEST_TIMEOUT
maximum_transaction,1470,0,read,187.537,2680662.077,114.747,
maximum_transaction,1471,1,read,111.557,2684842.74,518.003,
maximum_transaction,1472,2,read,105.286,2682010.024,577.884,
maximum_transaction,1473,0,read,110.436,2661943.059,1110.31,
maximum_transaction,1474,1,read,94.064,2663095.784,357.386,
maximum_transaction,1475,2,read,138.416,2660209.939,99.579,
maximum_transaction,1476,0,read,129.48,2642799.023,606.889,
maximum_transaction,1477,1,write,757.313,3002838.578,293.738,REQUEST_TIMEOUT
maximum_transaction,1478,2,write,679.008,3002414.823,148.529,STORAGE_UNAVAILABLE
maximum_transaction,1479,0,write,767.22,2952546.647,520.729,
maximum_transaction,1480,1,read,102.299,2682482.438,38.155,
maximum_transaction,1481,2,read,117.438,2676627.565,3222.232,
maximum_transaction,1482,0,read,140.61,2686984.996,68.702,
maximum_transaction,1483,1,read,300.407,2661863.453,51.569,
maximum_transaction,1484,2,read,1028.183,2657717.553,312.203,
maximum_transaction,1485,0,read,147.122,2662387.241,411.096,
maximum_transaction,1486,1,read,148.836,2630214.698,9421.693,
maximum_transaction,1487,2,write,745.009,3004482.822,325.578,STORAGE_UNAVAILABLE
maximum_transaction,1488,0,write,1352.115,3017879.474,452.562,REQUEST_TIMEOUT
maximum_transaction,1489,1,write,629.125,2982300.311,2790.813,
maximum_transaction,1490,2,read,74.729,2670258.3,322.351,
maximum_transaction,1491,0,read,122.929,2680334.841,205.264,
maximum_transaction,1492,1,read,90.648,2677935.477,776.623,
maximum_transaction,1493,2,read,154.776,2650014.498,667.671,
maximum_transaction,1494,0,read,125.803,2658981.074,129.624,
maximum_transaction,1495,1,read,193.048,2654373.01,405.485,
maximum_transaction,1496,2,read,174.312,2628393.856,617.378,
maximum_transaction,1497,0,write,2488.018,3003909.502,179.326,STORAGE_UNAVAILABLE
maximum_transaction,1498,1,write,1580.857,3003836.235,604.094,STORAGE_UNAVAILABLE
maximum_transaction,1499,2,write,3058.865,3000189.893,1254.538,
maximum_transaction,1500,0,read,106.316,2670762.963,12847.779,
maximum_transaction,1501,1,read,77.743,2691762.414,2958.504,
maximum_transaction,1502,2,read,91.309,2677923.545,1101.885,
maximum_transaction,1503,0,read,150.329,2660211.232,1258.445,
maximum_transaction,1504,1,read,86.891,2671101.139,495.242,
maximum_transaction,1505,2,read,107.97,2652115.338,1278.051,
maximum_transaction,1506,0,read,545.29,2636378.665,87.045,
maximum_transaction,1507,1,write,816.461,3003861.481,306.643,STORAGE_UNAVAILABLE
maximum_transaction,1508,2,write,1310.507,3002467.852,576.281,STORAGE_UNAVAILABLE
maximum_transaction,1509,0,write,7859.176,2947459.186,16128.694,
maximum_transaction,1510,1,read,56.874,2667005.764,13995.475,
maximum_transaction,1511,2,read,1579.336,2695256.957,4052.84,
maximum_transaction,1512,0,read,83.896,2627895.263,563.948,
maximum_transaction,1513,1,read,165.036,2658368.94,372.494,
maximum_transaction,1514,2,read,140.169,2676572.753,8.531,
maximum_transaction,1515,0,read,154.466,2602680.826,562.466,
maximum_transaction,1516,1,read,100.647,2632998.524,564.58,
maximum_transaction,1517,2,write,802.457,3002687.818,123.613,STORAGE_UNAVAILABLE
maximum_transaction,1518,0,write,735.893,2989696.909,787.944,
maximum_transaction,1519,1,write,702.972,3002619.311,3686.562,REQUEST_TIMEOUT
maximum_transaction,1520,2,read,114.562,2676521.067,7460.612,
maximum_transaction,1521,0,read,103.562,2727327.011,79.692,
maximum_transaction,1522,1,read,133.688,2686137.246,2458.398,
maximum_transaction,1523,2,read,201.623,2676480.562,92.466,
maximum_transaction,1524,0,read,81.831,2705342.665,245.229,
maximum_transaction,1525,1,read,109.172,2664219.234,106.412,
maximum_transaction,1526,2,read,514.023,2656787.2,498.718,
maximum_transaction,1527,0,write,1804.382,3003216.387,2290.016,STORAGE_UNAVAILABLE
maximum_transaction,1528,1,write,745.31,2970316.546,3096.69,
maximum_transaction,1529,2,write,1124.283,3002872.11,241.782,STORAGE_UNAVAILABLE
maximum_transaction,1530,0,read,85.028,2716647.672,1235.132,
maximum_transaction,1531,1,read,188.318,2706955.712,339.754,
maximum_transaction,1532,2,read,108.12,2685665.041,116.401,
maximum_transaction,1533,0,read,75.64,2690934.321,4231.411,
maximum_transaction,1534,1,read,254.641,2683058.315,28.287,
maximum_transaction,1535,2,read,86.009,2664327.625,152.998,
maximum_transaction,1536,0,read,190.012,2674175.984,118.224,
maximum_transaction,1537,1,write,773.492,3003136.699,149.852,STORAGE_UNAVAILABLE
maximum_transaction,1538,2,write,678.337,3003356.858,185.187,STORAGE_UNAVAILABLE
maximum_transaction,1539,0,write,841.187,3001054.814,8395.012,STORAGE_UNAVAILABLE
maximum_transaction,1540,1,read,124.1,2715854.083,162.024,
maximum_transaction,1541,2,read,144.818,2739172.148,188.664,
maximum_transaction,1542,0,read,60.142,2638886.599,885.384,
maximum_transaction,1543,1,read,267.155,2693058.446,330.536,
maximum_transaction,1544,2,read,81.581,2715817.414,141.477,
maximum_transaction,1545,0,read,94.856,2617619.221,99.198,
maximum_transaction,1546,1,read,107.839,2679601.984,73.671,
maximum_transaction,1547,2,write,982.258,3004591.474,135.706,STORAGE_UNAVAILABLE
maximum_transaction,1548,0,write,3178.446,3009123.127,122.782,STORAGE_UNAVAILABLE
maximum_transaction,1549,1,write,747.704,3008395.379,379.768,REQUEST_TIMEOUT
maximum_transaction,1550,2,read,153.504,2685619.839,99.949,
maximum_transaction,1551,0,read,121.375,2669135.451,707.384,
maximum_transaction,1552,1,read,117.848,2681691.473,230.762,
maximum_transaction,1553,2,read,99.584,2665135.201,185.979,
maximum_transaction,1554,0,read,69.309,2648486.698,64.463,
maximum_transaction,1555,1,read,83.905,2659861.835,137.429,
maximum_transaction,1556,2,read,88.024,2642461.369,67.118,
maximum_transaction,1557,0,write,942.736,3003779.681,280.063,STORAGE_UNAVAILABLE
maximum_transaction,1558,1,write,851.227,3001645.649,104.167,STORAGE_UNAVAILABLE
maximum_transaction,1559,2,write,889.496,3004465.049,246.532,STORAGE_UNAVAILABLE
maximum_transaction,1560,0,read,98.602,2709899.904,886.677,
maximum_transaction,1561,1,read,157.702,2649199.869,135.566,
maximum_transaction,1562,2,read,73.156,2710205.762,120.387,
maximum_transaction,1563,0,read,108.301,2692309.097,280.664,
maximum_transaction,1564,1,read,103.331,2624856.815,118.464,
maximum_transaction,1565,2,read,124.902,2689659.471,372.444,
maximum_transaction,1566,0,read,85.649,2671763.046,275.004,
maximum_transaction,1567,1,write,822.733,3007087.296,164.56,REQUEST_TIMEOUT
maximum_transaction,1568,2,write,685.239,3021519.114,1220.535,STORAGE_UNAVAILABLE
maximum_transaction,1569,0,write,1078.757,3013423.671,6124.247,REQUEST_TIMEOUT
maximum_transaction,1570,1,read,76.342,2683911.845,173.095,
maximum_transaction,1571,2,read,225.637,2718475.237,1154.643,
maximum_transaction,1572,0,read,103.292,2736120.045,151.124,
maximum_transaction,1573,1,read,153.554,2707942.942,122.03,
maximum_transaction,1574,2,read,100.526,2698872.713,75.865,
maximum_transaction,1575,0,read,110.344,2715605.091,135.586,
maximum_transaction,1576,1,read,127.056,2688613.514,172.864,
maximum_transaction,1577,2,write,822.132,3007025.302,109.768,REQUEST_TIMEOUT
maximum_transaction,1578,0,write,739.259,3004539.208,304.669,STORAGE_UNAVAILABLE
maximum_transaction,1579,1,write,811.794,3002833.47,134.603,REQUEST_TIMEOUT
maximum_transaction,1580,2,read,98.392,2732474.504,76.336,
maximum_transaction,1581,0,read,78.385,2698987.054,109.157,
maximum_transaction,1582,1,read,110.464,2694340.189,78.64,
maximum_transaction,1583,2,read,125.762,2714850.844,106.192,
maximum_transaction,1584,0,read,102.47,2678579.881,784.337,
maximum_transaction,1585,1,read,83.776,2676022.965,900.422,
maximum_transaction,1586,2,read,121.625,2698297.928,78.631,
maximum_transaction,1587,0,write,741.844,3001446.5,640.591,STORAGE_UNAVAILABLE
maximum_transaction,1588,1,write,820.61,3005203.458,288.559,REQUEST_TIMEOUT
maximum_transaction,1589,2,write,927.458,3004284.786,9064.582,REQUEST_TIMEOUT
maximum_transaction,1590,0,read,70.983,2815670.304,3.72,
maximum_transaction,1591,1,read,114.793,2821273.89,216.064,
maximum_transaction,1592,2,read,125.723,2794933.196,726.26,
maximum_transaction,1593,0,read,74.208,2795063.169,3055.974,
maximum_transaction,1594,1,read,131.243,2775551.662,117.192,
maximum_transaction,1595,2,read,2666.178,2761411.225,997.231,
maximum_transaction,1596,0,read,85.899,2781570.449,59.074,
maximum_transaction,1597,1,write,670.09,3005402.215,94.36,STORAGE_UNAVAILABLE
maximum_transaction,1598,2,write,840.527,3002095.14,251.631,STORAGE_UNAVAILABLE
maximum_transaction,1599,0,write,675.27,3002574.118,109.848,STORAGE_UNAVAILABLE
maximum_transaction,1600,1,read,138.537,2755757.764,301.793,
maximum_transaction,1601,2,read,146.331,2729097.099,217.708,
maximum_transaction,1602,0,read,86.781,2736129.523,1846.464,
maximum_transaction,1603,1,read,163.553,2736195.175,520.508,
maximum_transaction,1604,2,read,73.877,2710720.324,1060.579,
maximum_transaction,1605,0,read,116.195,2711668.702,7461.513,
maximum_transaction,1606,1,read,90.648,2717152.107,1582.305,
maximum_transaction,1607,2,write,4570.294,3006549.911,156.946,STORAGE_UNAVAILABLE
maximum_transaction,1608,0,write,3067.371,3005521.316,762.507,REQUEST_TIMEOUT
maximum_transaction,1609,1,write,672.565,3002563.468,748.101,REQUEST_TIMEOUT
maximum_transaction,1610,2,read,2138.65,2719147.341,1126.712,
maximum_transaction,1611,0,read,76.292,2715993.541,207.188,
maximum_transaction,1612,1,read,110.094,2719442.488,482.468,
maximum_transaction,1613,2,read,102.32,2700011.042,26.854,
maximum_transaction,1614,0,read,228.193,2691103.755,6234.832,
maximum_transaction,1615,1,read,182.398,2708299.161,97.545,
maximum_transaction,1616,2,read,138.167,2683405.287,379.397,
maximum_transaction,1617,0,write,712.008,3002774.499,660.108,REQUEST_TIMEOUT
maximum_transaction,1618,1,write,704.114,3015663.009,11703.74,STORAGE_UNAVAILABLE
maximum_transaction,1619,2,write,650.655,3021873.04,2432.971,REQUEST_TIMEOUT
maximum_transaction,1620,0,read,66.885,2756465.806,98.737,
maximum_transaction,1621,1,read,69.218,2687013.509,958.42,
maximum_transaction,1622,2,read,92.782,2716152.685,662.622,
maximum_transaction,1623,0,read,381.216,2735200.502,158.538,
maximum_transaction,1624,1,read,68.176,2673978.579,152.447,
maximum_transaction,1625,2,read,104.042,2699982.968,1497.95,
maximum_transaction,1626,0,read,128.498,2717111.481,1583.868,
maximum_transaction,1627,1,write,9627.03,3017067.6,1391.501,REQUEST_TIMEOUT
maximum_transaction,1628,2,write,626.991,3004563.673,1050.921,STORAGE_UNAVAILABLE
maximum_transaction,1629,0,write,719.593,3005674.76,1150.656,REQUEST_TIMEOUT
maximum_transaction,1630,1,read,88.965,2737550.045,210.263,
maximum_transaction,1631,2,read,86.23,2656942.469,55287.346,
maximum_transaction,1632,0,read,71.102,2676776.0,45379.557,
maximum_transaction,1633,1,read,41.066,2683209.816,35451.951,
maximum_transaction,1634,2,read,38.181,2666039.116,25494.229,
maximum_transaction,1635,0,read,75.83,2687590.91,15532.911,
maximum_transaction,1636,1,read,62.266,2692649.609,5609.232,
maximum_transaction,1637,2,write,750.449,3007145.705,1396.601,REQUEST_TIMEOUT
maximum_transaction,1638,0,write,786.196,3002145.864,1489.634,STORAGE_UNAVAILABLE
maximum_transaction,1639,1,write,631.85,3003791.402,225.462,REQUEST_TIMEOUT
maximum_transaction,1640,2,read,65.512,2708409.937,318.093,
maximum_transaction,1641,0,read,117.738,2682796.149,615.435,
maximum_transaction,1642,1,read,88.504,2679701.427,499.871,
maximum_transaction,1643,2,read,187.608,2685720.886,293.969,
maximum_transaction,1644,0,read,114.332,2663243.729,67.189,
maximum_transaction,1645,1,read,112.86,2654331.884,2252.075,
maximum_transaction,1646,2,read,79.316,2666520.195,998.184,
maximum_transaction,1647,0,write,996.846,3003577.817,94.57,STORAGE_UNAVAILABLE
maximum_transaction,1648,1,write,676.664,3007860.479,1397.242,REQUEST_TIMEOUT
maximum_transaction,1649,2,write,712.83,3015333.909,625.383,REQUEST_TIMEOUT
maximum_transaction,1650,0,read,154.165,2685208.246,1976.245,
maximum_transaction,1651,1,read,102.5,2735867.788,3302.551,
maximum_transaction,1652,2,read,90.077,2712786.541,1140.457,
maximum_transaction,1653,0,read,84.817,2686269.602,90.663,
maximum_transaction,1654,1,read,621.07,2712793.464,5413.591,
maximum_transaction,1655,2,read,92.01,2696151.874,16.585,
maximum_transaction,1656,0,read,102.02,2670672.887,115.808,
maximum_transaction,1657,1,write,780.677,3003226.847,137.318,STORAGE_UNAVAILABLE
maximum_transaction,1658,2,write,687.213,3002922.403,117.241,STORAGE_UNAVAILABLE
maximum_transaction,1659,0,write,1218.687,3003058.335,103.396,REQUEST_TIMEOUT
maximum_transaction,1660,1,read,121.025,2704778.191,98.045,
maximum_transaction,1661,2,read,119.482,2691803.222,194.113,
maximum_transaction,1662,0,read,101.989,2690412.935,367.766,
maximum_transaction,1663,1,read,93.383,2681052.811,27.305,
maximum_transaction,1664,2,read,60.852,2664737.995,5388.595,
maximum_transaction,1665,0,read,70.541,2674910.626,99.959,
maximum_transaction,1666,1,read,140.73,2665262.386,617.108,
maximum_transaction,1667,2,write,826.971,3003560.965,199.414,REQUEST_TIMEOUT
maximum_transaction,1668,0,write,1293.144,3003164.792,180.329,REQUEST_TIMEOUT
maximum_transaction,1669,1,write,931.114,3001811.736,112.994,REQUEST_TIMEOUT
maximum_transaction,1670,2,read,111.016,2689662.666,4228.405,
maximum_transaction,1671,0,read,61.563,2702701.313,1297.007,
maximum_transaction,1672,1,read,62.486,2683885.477,1908.519,
maximum_transaction,1673,2,read,106.036,2674295.305,339.253,
maximum_transaction,1674,0,read,73.767,2682790.599,195.937,
maximum_transaction,1675,1,read,186.225,2665855.455,122.712,
maximum_transaction,1676,2,read,99.294,2652851.592,3437.471,
maximum_transaction,1677,0,write,877.435,3002435.952,321.821,STORAGE_UNAVAILABLE
maximum_transaction,1678,1,write,915.515,3001885.192,33.958,STORAGE_UNAVAILABLE
maximum_transaction,1679,2,write,805.642,2991197.509,1910.973,
maximum_transaction,1680,0,read,178.44,2722517.513,183.084,
maximum_transaction,1681,1,read,86.601,2694929.18,71.036,
maximum_transaction,1682,2,read,70.271,2715797.418,111.711,
maximum_transaction,1683,0,read,110.365,2704247.418,93.447,
maximum_transaction,1684,1,read,79.287,2681387.842,712.554,
maximum_transaction,1685,2,read,110.825,2698554.263,83.991,
maximum_transaction,1686,0,read,102.5,2696113.573,148.069,
maximum_transaction,1687,1,write,713.121,3007324.467,765.051,REQUEST_TIMEOUT
maximum_transaction,1688,2,write,614.528,3002533.172,69.283,STORAGE_UNAVAILABLE
maximum_transaction,1689,0,write,1264.943,3005207.606,112.112,REQUEST_TIMEOUT
maximum_transaction,1690,1,read,119.03,2706428.245,494.03,
maximum_transaction,1691,2,read,121.605,2680254.773,107.564,
maximum_transaction,1692,0,read,125.552,2684370.835,23.188,
maximum_transaction,1693,1,read,66.954,2686560.371,103.356,
maximum_transaction,1694,2,read,106.367,2659770.816,71.136,
maximum_transaction,1695,0,read,71.192,2664630.226,96.964,
maximum_transaction,1696,1,read,82.653,2664552.331,85.764,
maximum_transaction,1697,2,write,865.955,3005905.238,129.003,REQUEST_TIMEOUT
maximum_transaction,1698,0,write,1277.986,3004005.369,7795.852,REQUEST_TIMEOUT
maximum_transaction,1699,1,write,948.948,3001753.71,93.557,STORAGE_UNAVAILABLE
maximum_transaction,1700,2,read,197.286,2681539.032,74.141,
maximum_transaction,1701,0,read,89.005,2686123.322,96.804,
maximum_transaction,1702,1,read,137.265,2685020.489,19.811,
maximum_transaction,1703,2,read,118.57,2661748.791,105.82,
maximum_transaction,1704,0,read,76.512,2667149.122,92.215,
maximum_transaction,1705,1,read,111.837,2663494.753,297.636,
maximum_transaction,1706,2,read,178.37,2646398.831,606.368,
maximum_transaction,1707,0,write,764.786,3002267.108,127.091,STORAGE_UNAVAILABLE
maximum_transaction,1708,1,write,682.844,3007924.046,140.555,STORAGE_UNAVAILABLE
maximum_transaction,1709,2,write,829.757,3004985.044,125.988,REQUEST_TIMEOUT
maximum_transaction,1710,0,read,110.675,2718032.998,110.048,
maximum_transaction,1711,1,read,90.056,2706310.357,201.158,
maximum_transaction,1712,2,read,188.86,2669840.706,177.543,
maximum_transaction,1713,0,read,131.985,2693652.937,106.421,
maximum_transaction,1714,1,read,152.613,2682989.819,1193.685,
maximum_transaction,1715,2,read,540.4,2655861.937,376.202,
maximum_transaction,1716,0,read,129.32,2669551.02,292.566,
maximum_transaction,1717,1,write,856.806,3003181.493,4045.407,STORAGE_UNAVAILABLE
maximum_transaction,1718,2,write,1743.058,3006752.316,91.043,UNKNOWN_COMMIT_OUTCOME
maximum_transaction,1719,0,write,1178.603,3002943.092,106.562,REQUEST_TIMEOUT
maximum_transaction,1720,1,read,93.162,2691054.444,165.231,
maximum_transaction,1721,2,read,88.644,2701601.116,181.541,
maximum_transaction,1722,0,read,61.234,2715950.03,159.62,
maximum_transaction,1723,1,read,83.516,2672433.298,203.311,
maximum_transaction,1724,2,read,92.08,2696757.256,144.763,
maximum_transaction,1725,0,read,84.626,2709962.892,87.898,
maximum_transaction,1726,1,read,108.33,2650873.889,118.254,
maximum_transaction,1727,2,write,650.675,3002449.849,130.807,STORAGE_UNAVAILABLE
maximum_transaction,1728,0,write,679.018,3002259.816,108.145,STORAGE_UNAVAILABLE
maximum_transaction,1729,1,write,857.237,3002233.698,1300.323,REQUEST_TIMEOUT
maximum_transaction,1730,2,read,75.84,2681261.367,209.463,
maximum_transaction,1731,0,read,64.99,2698932.293,76.767,
maximum_transaction,1732,1,read,88.264,2747554.493,118.133,
maximum_transaction,1733,2,read,98.282,2663597.995,77.087,
maximum_transaction,1734,0,read,164.654,2677850.749,126.099,
maximum_transaction,1735,1,read,74.689,2744842.169,246.13,
maximum_transaction,1736,2,read,6572.012,2646238.064,99.108,
maximum_transaction,1737,0,write,813.467,3003477.382,190.828,STORAGE_UNAVAILABLE
maximum_transaction,1738,1,write,691.07,3007568.147,135.616,STORAGE_UNAVAILABLE
maximum_transaction,1739,2,write,842.14,3006169.889,110.96,REQUEST_TIMEOUT
maximum_transaction,1740,0,read,87.432,2770338.938,684.493,
maximum_transaction,1741,1,read,92.361,2740845.627,103.196,
maximum_transaction,1742,2,read,66.593,2679256.543,285.654,
maximum_transaction,1743,0,read,100.536,2760434.155,96.784,
maximum_transaction,1744,1,read,82.884,2735919.194,289.771,
maximum_transaction,1745,2,read,98.683,2686750.764,94.289,
maximum_transaction,1746,0,read,97.28,2750624.558,102.054,
maximum_transaction,1747,1,write,684.397,3009338.275,92.737,STORAGE_UNAVAILABLE
maximum_transaction,1748,2,write,679.608,2805127.547,101.533,
maximum_transaction,1749,0,write,759.226,3002471.508,67.621,REQUEST_TIMEOUT
maximum_transaction,1750,1,read,121.424,2767901.955,98.187,
maximum_transaction,1751,2,read,115.205,2712281.116,103.656,
maximum_transaction,1752,0,read,74.238,2714655.974,85.022,
maximum_transaction,1753,1,read,108.41,2772786.43,219.893,
maximum_transaction,1754,2,read,93.132,2694650.193,65.096,
maximum_transaction,1755,0,read,104.173,2701013.568,51.42,
maximum_transaction,1756,1,read,61.274,2747169.369,81.756,
maximum_transaction,1757,2,write,793.89,3009457.797,222.387,STORAGE_UNAVAILABLE
maximum_transaction,1758,0,write,621.482,3010836.421,730.748,REQUEST_TIMEOUT
maximum_transaction,1759,1,write,742.234,3004268.297,697.517,REQUEST_TIMEOUT
maximum_transaction,1760,2,read,90.208,2710750.982,188.784,
maximum_transaction,1761,0,read,134.51,2736123.722,131.849,
maximum_transaction,1762,1,read,95.166,2703166.625,102.615,
maximum_transaction,1763,2,read,117.708,2688720.241,4056.668,
maximum_transaction,1764,0,read,157.873,2726252.221,245.579,
maximum_transaction,1765,1,read,108.261,2688955.347,69.383,
maximum_transaction,1766,2,read,125.923,2672756.937,92.076,
maximum_transaction,1767,0,write,616.312,3005847.451,121.039,STORAGE_UNAVAILABLE
maximum_transaction,1768,1,write,771.147,3007975.783,52.232,STORAGE_UNAVAILABLE
maximum_transaction,1769,2,write,853.722,3008014.986,260.998,STORAGE_UNAVAILABLE
maximum_transaction,1770,0,read,87.822,2735480.16,68.442,
maximum_transaction,1771,1,read,75.429,2721703.095,75.715,
maximum_transaction,1772,2,read,111.888,2622877.972,97.525,
maximum_transaction,1773,0,read,106.828,2725576.569,132.931,
maximum_transaction,1774,1,read,157.651,2709165.576,100.772,
maximum_transaction,1775,2,read,110.785,2604081.369,83.49,
maximum_transaction,1776,0,read,113.019,2711226.822,121.09,
maximum_transaction,1777,1,write,799.751,3004849.022,161.254,STORAGE_UNAVAILABLE
maximum_transaction,1778,2,write,735.322,3014656.015,259.315,REQUEST_TIMEOUT
maximum_transaction,1779,0,write,771.399,3003605.219,123.653,STORAGE_UNAVAILABLE
maximum_transaction,1780,1,read,193.548,2688128.996,171.683,
maximum_transaction,1781,2,read,81.481,2614854.361,71.057,
maximum_transaction,1782,0,read,197.745,2685842.821,552.469,
maximum_transaction,1783,1,read,111.887,2668763.951,110.971,
maximum_transaction,1784,2,read,103.402,2590203.198,94.91,
maximum_transaction,1785,0,read,78.896,2670643.923,79.302,
maximum_transaction,1786,1,read,98.342,2647386.862,90.182,
maximum_transaction,1787,2,write,779.433,2998394.077,131.529,
maximum_transaction,1788,0,write,813.205,3001522.341,115.7,STORAGE_UNAVAILABLE
maximum_transaction,1789,1,write,904.395,3003967.339,6238.048,STORAGE_UNAVAILABLE
maximum_transaction,1790,2,read,86.009,2726517.812,3238.573,
maximum_transaction,1791,0,read,161.249,2736466.327,464.165,
maximum_transaction,1792,1,read,124.26,2709628.133,91.244,
maximum_transaction,1793,2,read,62.906,2703862.925,5578.016,
maximum_transaction,1794,0,read,117.588,2722470.376,140.355,
maximum_transaction,1795,1,read,84.156,2680304.917,80.253,
maximum_transaction,1796,2,read,123.789,2693471.41,105.761,
maximum_transaction,1797,0,write,1088.756,3004984.382,196.469,STORAGE_UNAVAILABLE
maximum_transaction,1798,1,write,723.199,3002375.28,119.266,REQUEST_TIMEOUT
maximum_transaction,1799,2,write,3407.79,3007901.395,605.086,REQUEST_TIMEOUT
maximum_transaction,1800,0,read,106.498,2710600.083,114.166,
maximum_transaction,1801,1,read,84.256,2731806.527,126.49,
maximum_transaction,1802,2,read,95.296,2714923.41,104.088,
maximum_transaction,1803,0,read,67.306,2693263.235,222.156,
maximum_transaction,1804,1,read,116.455,2713389.368,79.723,
maximum_transaction,1805,2,read,121.345,2698972.188,139.764,
maximum_transaction,1806,0,read,54.962,2671940.696,75.174,
maximum_transaction,1807,1,write,979.754,3002898.139,104.599,STORAGE_UNAVAILABLE
maximum_transaction,1808,2,write,800.673,3005657.79,93.207,REQUEST_TIMEOUT
maximum_transaction,1809,0,write,850.486,2984327.186,11108.668,
maximum_transaction,1810,1,read,59.931,2715083.326,1964.353,
maximum_transaction,1811,2,read,96.429,2693395.16,206.838,
maximum_transaction,1812,0,read,78.566,2720622.164,133.542,
maximum_transaction,1813,1,read,144.929,2695908.123,99.579,
maximum_transaction,1814,2,read,128.276,2671986.52,196.059,
maximum_transaction,1815,0,read,77.394,2702736.459,84.962,
maximum_transaction,1816,1,read,59.832,2687297.587,96.573,
maximum_transaction,1817,2,write,724.531,3003299.682,108.086,REQUEST_TIMEOUT
maximum_transaction,1818,0,write,608.377,3002755.805,114.868,STORAGE_UNAVAILABLE
maximum_transaction,1819,1,write,937.396,3003240.974,626.195,REQUEST_TIMEOUT
maximum_transaction,1820,2,read,79.888,2677551.086,72.99,
maximum_transaction,1821,0,read,103.211,2714458.348,77.689,
maximum_transaction,1822,1,read,83.765,2716319.135,211.036,
maximum_transaction,1823,2,read,139.208,2661446.41,269.424,
maximum_transaction,1824,0,read,154.197,2686718.996,74.412,
maximum_transaction,1825,1,read,142.565,2694773.302,110.169,
maximum_transaction,1826,2,read,114.983,2639876.763,106.763,
maximum_transaction,1827,0,write,762.392,3003128.305,116.271,STORAGE_UNAVAILABLE
maximum_transaction,1828,1,write,791.085,3002313.146,322.933,STORAGE_UNAVAILABLE
maximum_transaction,1829,2,write,977.711,3004344.698,229.831,STORAGE_UNAVAILABLE
maximum_transaction,1830,0,read,70.04,2684524.35,409.333,
maximum_transaction,1831,1,read,103.712,2698038.168,162.346,
maximum_transaction,1832,2,read,87.933,2719488.112,123.795,
maximum_transaction,1833,0,read,84.927,2686226.452,243.837,
maximum_transaction,1834,1,read,68.296,2680190.393,75.706,
maximum_transaction,1835,2,read,143.225,2704768.403,113.716,
maximum_transaction,1836,0,read,83.665,2668541.821,77.649,
maximum_transaction,1837,1,write,795.854,3004973.553,74.984,STORAGE_UNAVAILABLE
maximum_transaction,1838,2,write,1111.158,3001912.233,138.702,STORAGE_UNAVAILABLE
maximum_transaction,1839,0,write,722.307,3001813.009,113.435,STORAGE_UNAVAILABLE
maximum_transaction,1840,1,read,157.652,2716589.796,124.596,
maximum_transaction,1841,2,read,167.18,2680868.901,8577.541,
maximum_transaction,1842,0,read,619.498,2679268.317,187.212,
maximum_transaction,1843,1,read,127.887,2696797.811,349.683,
maximum_transaction,1844,2,read,120.634,2670268.459,117.703,
maximum_transaction,1845,0,read,65.421,2656896.654,78.581,
maximum_transaction,1846,1,read,82.513,2684570.335,68.853,
maximum_transaction,1847,2,write,686.242,3001688.849,122.051,STORAGE_UNAVAILABLE
maximum_transaction,1848,0,write,660.322,3003363.44,118.135,REQUEST_TIMEOUT
maximum_transaction,1849,1,write,869.741,3009940.902,2034.223,STORAGE_UNAVAILABLE
maximum_transaction,1850,2,read,88.333,2688276.599,174.128,
maximum_transaction,1851,0,read,89.045,2681509.367,569.75,
maximum_transaction,1852,1,read,48.551,2688812.393,84.291,
maximum_transaction,1853,2,read,81.14,2672787.353,82.819,
maximum_transaction,1854,0,read,77.764,2666204.483,77.198,
maximum_transaction,1855,1,read,58.779,2678633.01,80.043,
maximum_transaction,1856,2,read,107.829,2659457.376,89.031,
maximum_transaction,1857,0,write,798.759,3003655.431,1181.534,REQUEST_TIMEOUT
maximum_transaction,1858,1,write,716.967,3004658.89,20167.145,STORAGE_UNAVAILABLE
maximum_transaction,1859,2,write,603.688,3004294.955,10909.22,REQUEST_TIMEOUT
maximum_transaction,1860,0,read,40.144,2744046.385,1514.651,
maximum_transaction,1861,1,read,141.853,2727261.489,8619.048,
maximum_transaction,1862,2,read,60.433,2740688.947,1007.03,
maximum_transaction,1863,0,read,166.278,2730551.321,1428.141,
maximum_transaction,1864,1,read,708.111,2715266.836,5302.495,
maximum_transaction,1865,2,read,55.964,2729965.038,2799.88,
maximum_transaction,1866,0,read,67.285,2720597.839,5.104,
maximum_transaction,1867,1,write,721.124,3003243.979,116.542,REQUEST_TIMEOUT
maximum_transaction,1868,2,write,3140.406,3006047.762,13013.917,REQUEST_TIMEOUT
maximum_transaction,1869,0,write,824.297,3004155.989,6185.21,REQUEST_TIMEOUT
maximum_transaction,1870,1,read,112.939,2727505.452,2907.47,
maximum_transaction,1871,2,read,91.189,2728262.805,1202.111,
maximum_transaction,1872,0,read,883.296,2722290.944,100.912,
maximum_transaction,1873,1,read,72.003,2712374.618,4515.469,
maximum_transaction,1874,2,read,131.073,2708535.119,83.169,
maximum_transaction,1875,0,read,467.155,2701328.461,267.09,
maximum_transaction,1876,1,read,90.468,2695609.24,843.798,
maximum_transaction,1877,2,write,1171.389,3004059.239,171.563,STORAGE_UNAVAILABLE
maximum_transaction,1878,0,write,700.728,3002616.647,1284.494,STORAGE_UNAVAILABLE
maximum_transaction,1879,1,write,954.607,3002211.106,137.771,STORAGE_UNAVAILABLE
maximum_transaction,1880,2,read,77.964,2677725.519,332.602,
maximum_transaction,1881,0,read,79.277,2696197.681,288.429,
maximum_transaction,1882,1,read,283.907,2727679.064,46.531,
maximum_transaction,1883,2,read,560.409,2653879.126,71.357,
maximum_transaction,1884,0,read,118.469,2682685.214,146.116,
maximum_transaction,1885,1,read,108.562,2709695.728,89.711,
maximum_transaction,1886,2,read,112.719,2646391.278,82.769,
maximum_transaction,1887,0,write,902.391,3002281.036,42.434,STORAGE_UNAVAILABLE
maximum_transaction,1888,1,write,719.862,3001157.434,607.341,STORAGE_UNAVAILABLE
maximum_transaction,1889,2,write,1425.16,3009303.553,1218.902,STORAGE_UNAVAILABLE
maximum_transaction,1890,0,read,117.297,2683275.989,230.112,
maximum_transaction,1891,1,read,65.21,2707081.106,226.455,
maximum_transaction,1892,2,read,127.526,2709115.473,12586.025,
maximum_transaction,1893,0,read,56.395,2663534.197,2734.87,
maximum_transaction,1894,1,read,152.382,2690958.317,152.147,
maximum_transaction,1895,2,read,499.054,2700867.698,201.168,
maximum_transaction,1896,0,read,234.143,2645988.231,267.441,
maximum_transaction,1897,1,write,2067.498,3004053.668,261.43,STORAGE_UNAVAILABLE
maximum_transaction,1898,2,write,1101.88,3003686.367,101.925,STORAGE_UNAVAILABLE
maximum_transaction,1899,0,write,12669.003,3014948.676,100.121,STORAGE_UNAVAILABLE
maximum_transaction,1900,1,read,45.614,2679068.356,2776.608,
maximum_transaction,1901,2,read,104.164,2699499.876,91.324,
maximum_transaction,1902,0,read,129.65,2693302.918,106.553,
maximum_transaction,1903,1,read,372.63,2668123.667,191.43,
maximum_transaction,1904,2,read,90.308,2677829.242,139.373,
maximum_transaction,1905,0,read,98.162,2671805.626,137.4,
maximum_transaction,1906,1,read,120.854,2648172.567,2271.573,
maximum_transaction,1907,2,write,883.196,3001979.207,178.286,STORAGE_UNAVAILABLE
maximum_transaction,1908,0,write,842.33,3002811.298,960.424,STORAGE_UNAVAILABLE
maximum_transaction,1909,1,write,870.442,3001705.681,125.638,STORAGE_UNAVAILABLE
maximum_transaction,1910,2,read,147.923,2713956.999,8.822,
maximum_transaction,1911,0,read,82.173,2702587.604,251.07,
maximum_transaction,1912,1,read,150.959,2709049.66,138.783,
maximum_transaction,1913,2,read,101.819,2692231.224,126.119,
maximum_transaction,1914,0,read,86.75,2684696.519,245.17,
maximum_transaction,1915,1,read,283.095,2695708.504,328.744,
maximum_transaction,1916,2,read,125.372,2676337.959,166.144,
maximum_transaction,1917,0,write,751.191,3002647.014,542.42,STORAGE_UNAVAILABLE
maximum_transaction,1918,1,write,1536.145,3004770.286,311.803,STORAGE_UNAVAILABLE
maximum_transaction,1919,2,write,874.179,3002086.055,132.07,REQUEST_TIMEOUT
maximum_transaction,1920,0,read,70.54,2710900.93,16351.158,
maximum_transaction,1921,1,read,62.165,2713960.346,6445.072,
maximum_transaction,1922,2,read,73.967,2721060.485,477.159,
maximum_transaction,1923,0,read,70.0,2708178.048,73.571,
maximum_transaction,1924,1,read,98.383,2701435.911,75.004,
maximum_transaction,1925,2,read,80.299,2704888.365,98.247,
maximum_transaction,1926,0,read,101.639,2693312.767,440.701,
maximum_transaction,1927,1,write,6482.045,3008439.221,8492.834,REQUEST_TIMEOUT
maximum_transaction,1928,2,write,978.522,3003733.045,5005.666,STORAGE_UNAVAILABLE
maximum_transaction,1929,0,write,710.866,3002230.071,2754.858,STORAGE_UNAVAILABLE
maximum_transaction,1930,1,read,81.501,2722673.924,395.117,
maximum_transaction,1931,2,read,386.826,2704754.457,119.988,
maximum_transaction,1932,0,read,409.519,2725385.796,416.106,
maximum_transaction,1933,1,read,99.705,2701364.749,133.142,
maximum_transaction,1934,2,read,98.893,2682918.297,166.263,
maximum_transaction,1935,0,read,113.802,2708597.434,179.137,
maximum_transaction,1936,1,read,102.581,2686590.147,692.848,
maximum_transaction,1937,2,write,943.588,3001227.456,198.693,STORAGE_UNAVAILABLE
maximum_transaction,1938,0,write,1181.108,3003233.972,193.193,STORAGE_UNAVAILABLE
maximum_transaction,1939,1,write,747.715,3002345.165,134.214,STORAGE_UNAVAILABLE
maximum_transaction,1940,2,read,101.487,2710051.947,153.35,
maximum_transaction,1941,0,read,127.145,2709901.6,117.994,
maximum_transaction,1942,1,read,134.9,2704217.101,182.574,
maximum_transaction,1943,2,read,133.156,2671343.499,17486.681,
maximum_transaction,1944,0,read,102.209,2679645.675,7631.279,
maximum_transaction,1945,1,read,215.429,2688878.655,82.518,
maximum_transaction,1946,2,read,125.632,2664693.643,98.218,
maximum_transaction,1947,0,write,824.887,3001748.349,232.236,STORAGE_UNAVAILABLE
maximum_transaction,1948,1,write,1099.557,3005057.289,96.744,STORAGE_UNAVAILABLE
maximum_transaction,1949,2,write,883.436,3003084.054,129.916,REQUEST_TIMEOUT
maximum_transaction,1950,0,read,157.693,2701485.042,90.553,
maximum_transaction,1951,1,read,89.295,2698808.686,77.359,
maximum_transaction,1952,2,read,106.688,2688814.727,86.365,
maximum_transaction,1953,0,read,78.986,2682165.883,159.982,
maximum_transaction,1954,1,read,140.08,2678671.842,413.481,
maximum_transaction,1955,2,read,116.997,2668417.32,69.033,
maximum_transaction,1956,0,read,147.352,2662905.763,569.11,
maximum_transaction,1957,1,write,911.668,3002464.155,156.786,REQUEST_TIMEOUT
maximum_transaction,1958,2,write,656.005,2975367.604,394.175,
maximum_transaction,1959,0,write,743.898,3002633.189,1080.146,STORAGE_UNAVAILABLE
maximum_transaction,1960,1,read,56.886,2702800.318,312.474,
maximum_transaction,1961,2,read,80.86,2715917.641,88.95,
maximum_transaction,1962,0,read,83.665,2722786.533,64.134,
maximum_transaction,1963,1,read,59.059,2689663.789,137.851,
maximum_transaction,1964,2,read,10496.71,2707045.159,95.142,
maximum_transaction,1965,0,read,55.343,2706418.329,605.737,
maximum_transaction,1966,1,read,122.707,2678710.924,106.323,
maximum_transaction,1967,2,write,995.994,3003206.1,162.777,STORAGE_UNAVAILABLE
maximum_transaction,1968,0,write,800.533,3003163.942,388.375,REQUEST_TIMEOUT
maximum_transaction,1969,1,write,1076.233,2985784.635,113.536,
maximum_transaction,1970,2,read,199.99,2709880.561,82.258,
maximum_transaction,1971,0,read,133.117,2707016.046,162.135,
maximum_transaction,1972,1,read,210.32,2704499.465,589.417,
maximum_transaction,1973,2,read,97.321,2686417.607,189.587,
maximum_transaction,1974,0,read,104.935,2685779.105,147.308,
maximum_transaction,1975,1,read,116.205,2683359.393,471.569,
maximum_transaction,1976,2,read,382.548,2665354.888,578.157,
maximum_transaction,1977,0,write,783.511,3003981.495,736.69,STORAGE_UNAVAILABLE
maximum_transaction,1978,1,write,695.158,3001936.379,129.595,STORAGE_UNAVAILABLE
maximum_transaction,1979,2,write,700.969,2983875.57,129.555,
maximum_transaction,1980,0,read,520.142,2704125.923,4439.388,
maximum_transaction,1981,1,read,129.63,2687667.351,194.847,
maximum_transaction,1982,2,read,67.034,2681141.236,141.668,
maximum_transaction,1983,0,read,98.372,2688743.474,72.44,
maximum_transaction,1984,1,read,121.414,2667438.067,288.861,
maximum_transaction,1985,2,read,70.921,2659891.26,474.164,
maximum_transaction,1986,0,read,347.404,2667082.82,104.469,
maximum_transaction,1987,1,write,965.107,2999510.486,1375.583,
maximum_transaction,1988,2,write,691.731,3001667.761,201.97,STORAGE_UNAVAILABLE
maximum_transaction,1989,0,write,789.233,3002236.935,110.059,STORAGE_UNAVAILABLE
maximum_transaction,1990,1,read,57.948,2681549.452,832.617,
maximum_transaction,1991,2,read,87.442,2652114.999,99.129,
maximum_transaction,1992,0,read,85.438,2700978.444,3236.81,
maximum_transaction,1993,1,read,60.362,2658718.649,94.921,
maximum_transaction,1994,2,read,102.971,2626946.927,110.781,
maximum_transaction,1995,0,read,97.531,2683197.304,79.152,
maximum_transaction,1996,1,read,119.381,2637290.714,299.831,
maximum_transaction,1997,2,write,1551.834,3002432.196,778.087,UNKNOWN_COMMIT_OUTCOME
maximum_transaction,1998,0,write,673.998,3002909.009,119.447,STORAGE_UNAVAILABLE
maximum_transaction,1999,1,write,794.18,3003611.3,133.213,REQUEST_TIMEOUT
hot_key,0,0,read,813.487,826.151,3393.384,STORAGE_UNAVAILABLE
hot_key,1,1,read,388.129,9486.028,706.799,
hot_key,2,2,read,605.591,10804.509,128.689,
hot_key,3,0,read,464.39,472.264,68.287,STORAGE_UNAVAILABLE
hot_key,4,1,read,149.056,7809.523,112.999,
hot_key,5,2,read,135.982,7006.726,72.234,
hot_key,6,0,read,427.211,438.082,440.536,STORAGE_UNAVAILABLE
hot_key,7,1,write,253.179,14775.434,105.826,
hot_key,8,2,write,243.13,13936.741,97.36,
hot_key,9,0,write,216.331,222.553,83.094,STORAGE_UNAVAILABLE
hot_key,10,1,read,158.804,4789.36,9.317,
hot_key,11,2,read,205.23,4778.62,111.737,
hot_key,12,0,read,179.742,184.661,146.963,STORAGE_UNAVAILABLE
hot_key,13,1,read,159.836,6098.835,142.724,
hot_key,14,2,read,300.527,7791.47,119.732,
hot_key,15,0,read,197.886,205.1,304.454,STORAGE_UNAVAILABLE
hot_key,16,1,read,141.391,8252.933,172.36,
hot_key,17,2,write,164.564,16511.549,134.68,
hot_key,18,0,write,190.704,198.148,386.696,STORAGE_UNAVAILABLE
hot_key,19,1,write,522.698,15879.859,66.764,
hot_key,20,2,read,328.999,4122.213,462.147,
hot_key,21,0,read,193.959,200.181,220.579,STORAGE_UNAVAILABLE
hot_key,22,1,read,202.034,10100.748,1002.426,
hot_key,23,2,read,242.188,5072.614,87.222,
hot_key,24,0,read,261.575,269.119,164.364,STORAGE_UNAVAILABLE
hot_key,25,1,read,170.326,18307.085,111.617,
hot_key,26,2,read,178.721,20816.733,522.798,
hot_key,27,0,write,274.278,283.565,943.167,STORAGE_UNAVAILABLE
hot_key,28,1,write,743.186,19119.44,204.058,
hot_key,29,2,write,316.297,22732.912,125.382,
hot_key,30,0,read,171.206,175.755,210.13,STORAGE_UNAVAILABLE
hot_key,31,1,read,206.703,4949.497,745.23,
hot_key,32,2,read,135.341,6087.014,3.516,
hot_key,33,0,read,209.067,214.999,311.226,STORAGE_UNAVAILABLE
hot_key,34,1,read,152.632,5091.549,133.027,
hot_key,35,2,read,272.334,6164.146,139.128,
hot_key,36,0,read,195.673,201.332,119.692,STORAGE_UNAVAILABLE
hot_key,37,1,write,176.838,13025.754,110.715,
hot_key,38,2,write,111.997,12278.559,98.303,
hot_key,39,0,write,193.758,199.238,108.071,STORAGE_UNAVAILABLE
hot_key,40,1,read,138.065,7242.202,194.551,
hot_key,41,2,read,698.754,10451.746,141.102,
hot_key,42,0,read,209.838,216.02,104.544,STORAGE_UNAVAILABLE
hot_key,43,1,read,287.783,10892.483,496.309,
hot_key,44,2,read,155.368,6967.353,102.47,
hot_key,45,0,read,264.38,272.375,100.837,STORAGE_UNAVAILABLE
hot_key,46,1,read,183.71,8161.926,113.691,
hot_key,47,2,write,408.688,14952.422,95.697,
hot_key,48,0,write,173.662,179.012,76.652,STORAGE_UNAVAILABLE
hot_key,49,1,write,147.142,16330.074,319.642,
hot_key,50,2,read,117.327,7740.595,306.138,
hot_key,51,0,read,224.236,230.207,163.643,STORAGE_UNAVAILABLE
hot_key,52,1,read,145.751,6364.267,107.569,
hot_key,53,2,read,186.556,6427.513,136.253,
hot_key,54,0,read,193.198,199.459,91.37,STORAGE_UNAVAILABLE
hot_key,55,1,read,140.27,7404.442,203.718,
hot_key,56,2,read,128.408,7719.908,297.15,
hot_key,57,0,write,306.848,312.499,239.474,STORAGE_UNAVAILABLE
hot_key,58,1,write,195.773,12594.054,162.822,
hot_key,59,2,write,101.178,10021.82,25.067,
hot_key,60,0,read,155.077,158.464,127.386,STORAGE_UNAVAILABLE
hot_key,61,1,read,159.516,5323.92,108.972,
hot_key,62,2,read,138.977,5452.277,101.068,
hot_key,63,0,read,188.74,194.01,122.487,STORAGE_UNAVAILABLE
hot_key,64,1,read,153.003,6265.894,426.04,
hot_key,65,2,read,128.979,8755.125,100.707,
hot_key,66,0,read,191.375,196.405,97.29,STORAGE_UNAVAILABLE
hot_key,67,1,write,131.804,20617.283,206.723,
hot_key,68,2,write,119.632,28615.125,409.058,
hot_key,69,0,write,257.547,263.959,146.291,STORAGE_UNAVAILABLE
hot_key,70,1,read,372.66,9376.285,267.616,
hot_key,71,2,read,142.905,9387.857,1445.076,
hot_key,72,0,read,128.628,14845.554,172.5,
hot_key,73,1,read,173.772,7875.405,353.786,
hot_key,74,2,read,146.1,12749.491,420.089,
hot_key,75,0,read,439.886,13857.164,502.911,
hot_key,76,1,read,251.997,7540.475,696.941,
hot_key,77,2,write,233.001,18510.702,97.481,
hot_key,78,0,write,229.826,20000.622,676.753,
hot_key,79,1,write,382.659,22694.901,113.951,
hot_key,80,2,read,137.175,11906.692,442.69,
hot_key,81,0,read,96.559,6696.802,421.251,
hot_key,82,1,read,116.226,8621.537,343.997,
hot_key,83,2,read,125.963,10450.635,514.623,
hot_key,84,0,read,186.035,10013.175,420.549,
hot_key,85,1,read,110.275,21392.96,211.722,
hot_key,86,2,read,149.227,15054.502,858.019,
hot_key,87,0,write,392.085,23604.946,343.016,
hot_key,88,1,write,184.341,22593.042,46.146,
hot_key,89,2,write,114.251,20071.742,169.154,
hot_key,90,0,read,135.801,7349.731,114.583,
hot_key,91,1,read,269.941,7945.505,124.671,
hot_key,92,2,read,206.953,7998.172,264.22,
hot_key,93,0,read,186.216,7629.461,22.281,
hot_key,94,1,read,176.257,4870.089,135.221,
hot_key,95,2,read,144.397,6756.112,413.156,
hot_key,96,0,read,140.571,6304.406,118.85,
hot_key,97,1,write,192.938,15648.883,213.345,
hot_key,98,2,write,127.106,12488.82,482.764,
hot_key,99,0,write,117.377,15978.562,226.39,
hot_key,100,1,read,149.246,7317.902,423.275,
hot_key,101,2,read,127.997,6070.724,39.934,
hot_key,102,0,read,209.477,11871.906,276.453,
hot_key,103,1,read,165.366,8851.121,388.18,
hot_key,104,2,read,301.198,9075.638,135.341,
hot_key,105,0,read,95.287,15593.83,260.182,
hot_key,106,1,read,242.84,12564.589,97.962,
hot_key,107,2,write,270.13,14298.58,1077.777,
hot_key,108,0,write,114.102,15057.938,238.482,
hot_key,109,1,write,112.879,17166.583,269.429,
hot_key,110,2,read,137.173,13094.59,255.484,
hot_key,111,0,read,222.342,14009.817,210.61,
hot_key,112,1,read,99.765,13938.344,222.703,
hot_key,113,2,read,128.097,19060.39,106.197,
hot_key,114,0,read,182.238,19696.207,95.337,
hot_key,115,1,read,200.872,15619.027,336.143,
hot_key,116,2,read,249.632,6163.955,496.771,
hot_key,117,0,write,180.684,22487.697,967.573,
hot_key,118,1,write,337.455,24689.225,538.998,
hot_key,119,2,write,646.548,24155.335,60.683,
hot_key,120,0,read,143.555,15615.029,353.065,
hot_key,121,1,read,109.903,10802.606,657.348,
hot_key,122,2,read,87.262,4632.92,1065.554,
hot_key,123,0,read,78.756,6354.459,251.055,
hot_key,124,1,read,83.254,5792.087,298.584,
hot_key,125,2,read,89.496,6398.93,94.977,
hot_key,126,0,read,122.747,5014.307,109.343,
hot_key,127,1,write,112.929,11639.907,139.329,
hot_key,128,2,write,87.172,11327.769,349.097,
hot_key,129,0,write,109.142,13909.209,11.332,
hot_key,130,1,read,99.123,4656.613,117.379,
hot_key,131,2,read,104.394,9075.918,188.129,
hot_key,132,0,read,62.737,8499.903,366.499,
hot_key,133,1,read,76.431,6317.479,85.51,
hot_key,134,2,read,133.307,7270.325,106.918,
hot_key,135,0,read,72.183,5688.435,95.097,
hot_key,136,1,read,131.022,6665.495,154.998,
hot_key,137,2,write,119.922,14817.782,344.038,
hot_key,138,0,write,317.719,11031.791,104.204,
hot_key,139,1,write,78.515,16020.649,90.569,
hot_key,140,2,read,74.237,6534.622,383.982,
hot_key,141,0,read,107.158,5410.91,1256.368,
hot_key,142,1,read,83.154,13007.62,108.933,
hot_key,143,2,read,647.58,6207.176,470.341,
hot_key,144,0,read,109.012,12981.342,158.404,
hot_key,145,1,read,82.753,17538.821,585.115,
hot_key,146,2,read,77.193,7854.657,257.257,
hot_key,147,0,write,554.918,7073.04,1344.52,
hot_key,148,1,write,116.085,14450.953,84.848,
hot_key,149,2,write,329.169,11403.479,362.072,
hot_key,150,0,read,318.5,4712.478,271.874,
hot_key,151,1,read,73.357,8629.233,96.879,
hot_key,152,2,read,100.195,6981.329,396.335,
hot_key,153,0,read,98.182,6414.76,218.836,
hot_key,154,1,read,137.064,6830.481,79.848,
hot_key,155,2,read,139.257,5958.755,150.86,
hot_key,156,0,read,94.725,5928.73,122.638,
hot_key,157,1,write,101.217,18977.336,283.015,
hot_key,158,2,write,134.308,21058.611,297.682,
hot_key,159,0,write,128.057,18776.043,96.219,
hot_key,160,1,read,91.349,6125.875,136.143,
hot_key,161,2,read,96.849,9513.84,137.706,
hot_key,162,0,read,62.817,4735.731,88.304,
hot_key,163,1,read,80.018,7239.308,152.763,
hot_key,164,2,read,130.692,9499.143,294.225,
hot_key,165,0,read,76.802,7546.326,492.964,
hot_key,166,1,read,104.173,6715.838,547.655,
hot_key,167,2,write,101.709,11710.669,236.168,
hot_key,168,0,write,123.519,14713.6,422.623,
hot_key,169,1,write,327.937,13462.212,106.308,
hot_key,170,2,read,105.546,7904.941,65.161,
hot_key,171,0,read,74.177,12365.4,1211.405,
hot_key,172,1,read,158.222,4305.422,88.746,
hot_key,173,2,read,307.69,5760.359,203.307,
hot_key,174,0,read,167.841,11895.811,100.096,
hot_key,175,1,read,96.608,7151.585,99.365,
hot_key,176,2,read,92.101,9516.725,223.004,
hot_key,177,0,write,96.539,11138.047,200.282,
hot_key,178,1,write,133.016,28639.671,6142.116,
hot_key,179,2,write,88.354,27761.315,1195.254,
hot_key,180,0,read,69.358,9216.178,1518.183,
hot_key,181,1,read,50.242,6291.742,532.968,
hot_key,182,2,read,199.871,12534.995,269.91,
hot_key,183,0,read,85.959,6307.79,281.503,
hot_key,184,1,read,149.317,6349.721,48.009,
hot_key,185,2,read,88.444,8114.138,235.426,
hot_key,186,0,read,74.888,7810.064,21.0,
hot_key,187,1,write,93.613,16864.483,67.536,
hot_key,188,2,write,134.82,23539.225,124.812,
hot_key,189,0,write,150.318,26253.03,168.203,
hot_key,190,1,read,63.367,9478.213,416.292,
hot_key,191,2,read,101.739,3988.547,109.714,
hot_key,192,0,read,102.22,5796.536,244.393,
hot_key,193,1,read,67.566,5653.12,592.077,
hot_key,194,2,read,96.018,5777.029,246.718,
hot_key,195,0,read,109.943,6920.396,97.041,
hot_key,196,1,read,323.95,4851.486,113.18,
hot_key,197,2,write,115.124,16420.801,99.084,
hot_key,198,0,write,409.749,12476.135,547.806,
hot_key,199,1,write,104.113,12476.186,395.333,
hot_key,200,2,read,66.584,6641.531,72.825,
hot_key,201,0,read,105.314,11958.166,105.386,
hot_key,202,1,read,80.098,7117.47,240.427,
hot_key,203,2,read,100.817,7046.239,148.676,
hot_key,204,0,read,97.791,6409.601,204.64,
hot_key,205,1,read,112.037,6593.14,113.171,
hot_key,206,2,read,103.863,4900.647,101.388,
hot_key,207,0,write,315.163,10426.77,226.721,
hot_key,208,1,write,84.316,13813.122,103.122,
hot_key,209,2,write,148.344,7563.076,99.626,
hot_key,210,0,read,110.023,4232.708,107.37,
hot_key,211,1,read,105.927,9562.881,99.364,
hot_key,212,2,read,71.833,7766.564,123.219,
hot_key,213,0,read,172.891,4651.304,128.058,
hot_key,214,1,read,71.442,6043.371,272.827,
hot_key,215,2,read,98.172,7194.434,404.009,
hot_key,216,0,read,88.644,9665.19,433.494,
hot_key,217,1,write,96.208,11240.668,127.627,
hot_key,218,2,write,120.854,19729.78,136.063,
hot_key,219,0,write,138.506,17439.437,106.298,
hot_key,220,1,read,342.535,7639.879,79.819,
hot_key,221,2,read,85.669,10377.589,421.902,
hot_key,222,0,read,96.869,6386.007,99.275,
hot_key,223,1,read,63.287,6274.49,249.403,
hot_key,224,2,read,72.844,7800.787,87.373,
hot_key,225,0,read,73.857,6289.929,81.692,
hot_key,226,1,read,110.073,4670.7,149.268,
hot_key,227,2,write,112.358,16677.587,193.8,
hot_key,228,0,write,144.117,16061.516,108.151,
hot_key,229,1,write,124.541,13446.724,349.608,
hot_key,230,2,read,70.04,14571.005,232.121,
hot_key,231,0,read,106.719,7038.837,664.12,
hot_key,232,1,read,88.494,5112.157,121.366,
hot_key,233,2,read,132.765,5000.28,109.264,
hot_key,234,0,read,94.886,5709.503,194.211,
hot_key,235,1,read,92.241,4360.836,293.404,
hot_key,236,2,read,106.779,5603.518,90.478,
hot_key,237,0,write,106.027,14797.485,222.623,
hot_key,238,1,write,86.018,14263.856,22.263,
hot_key,239,2,write,135.541,8684.113,433.223,
hot_key,240,0,read,62.354,5819.496,56.236,
hot_key,241,1,read,79.508,5522.258,293.544,
hot_key,242,2,read,118.178,6197.227,116.467,
hot_key,243,0,read,101.597,4200.308,112.921,
hot_key,244,1,read,102.16,6315.376,115.525,
hot_key,245,2,read,79.648,4890.267,202.666,
hot_key,246,0,read,121.174,6783.753,86.401,
hot_key,247,1,write,90.627,31299.406,66.395,
hot_key,248,2,write,96.72,41346.605,1264.843,
hot_key,249,0,write,236.008,53990.281,3884.615,
hot_key,250,1,read,56.104,19112.606,785.245,
hot_key,251,2,read,81.591,21242.311,365.648,
hot_key,252,0,read,47.749,34467.614,113.22,
hot_key,253,1,read,71.682,27281.925,574.716,
hot_key,254,2,read,92.361,13516.581,1090.411,
hot_key,255,0,read,71.623,7879.803,229.035,
hot_key,256,1,read,616.572,7433.567,98.844,
hot_key,257,2,write,328.829,18223.239,418.947,
hot_key,258,0,write,306.117,16656.998,381.748,
hot_key,259,1,write,90.989,12258.824,729.211,
hot_key,260,2,read,51.906,8568.869,101.259,
hot_key,261,0,read,82.893,6450.977,141.593,
hot_key,262,1,read,74.108,6870.565,234.765,
hot_key,263,2,read,120.664,5752.374,130.252,
hot_key,264,0,read,76.202,7064.665,396.094,
hot_key,265,1,read,129.811,5618.856,142.054,
hot_key,266,2,read,108.781,5339.368,108.953,
hot_key,267,0,write,175.555,13877.171,123.67,
hot_key,268,1,write,132.255,9486.59,90.017,
hot_key,269,2,write,121.394,18511.042,744.52,
hot_key,270,0,read,79.237,6721.338,262.086,
hot_key,271,1,read,57.426,12056.337,38.092,
hot_key,272,2,read,100.997,9699.554,1008.529,
hot_key,273,0,read,121.976,5930.734,140.591,
hot_key,274,1,read,138.998,9369.011,266.064,
hot_key,275,2,read,69.659,7568.757,273.317,
hot_key,276,0,read,94.775,5192.576,127.808,
hot_key,277,1,write,132.385,8536.108,90.098,
hot_key,278,2,write,163.162,15931.926,143.667,
hot_key,279,0,write,127.787,14678.786,113.551,
hot_key,280,1,read,72.584,20669.29,771.289,
hot_key,281,2,read,363.092,16829.719,4368.391,
hot_key,282,0,read,70.381,13924.298,86.24,
hot_key,283,1,read,150.068,5640.938,89.877,
hot_key,284,2,read,100.937,6821.343,133.308,
hot_key,285,0,read,110.594,5277.724,114.323,
hot_key,286,1,read,172.169,9421.579,246.537,
hot_key,287,2,write,112.317,28364.462,806.675,
hot_key,288,0,write,5093.092,23581.433,2569.41,
hot_key,289,1,write,90.959,20337.465,1491.774,
hot_key,290,2,read,72.715,4456.303,477.696,
hot_key,291,0,read,78.956,5370.296,562.563,
hot_key,292,1,read,71.692,8330.999,76.393,
hot_key,293,2,read,139.026,8673.433,105.748,
hot_key,294,0,read,197.857,7206.667,130.052,
hot_key,295,1,read,184.492,7423.298,192.127,
hot_key,296,2,read,89.756,18067.951,156.702,
hot_key,297,0,write,404.138,13847.115,550.321,
hot_key,298,1,write,68.727,12377.754,98.574,
hot_key,299,2,write,133.156,10368.683,85.73,
hot_key,300,0,read,76.322,6842.292,678.237,
hot_key,301,1,read,65.271,13213.08,58.039,
hot_key,302,2,read,100.998,14979.723,834.256,
hot_key,303,0,read,94.815,6347.406,544.63,
hot_key,304,1,read,94.786,9081.439,157.974,
hot_key,305,2,read,124.531,6518.492,144.319,
hot_key,306,0,read,110.955,5505.265,249.414,
hot_key,307,1,write,147.142,13461.941,138.899,
hot_key,308,2,write,95.045,15037.98,121.106,
hot_key,309,0,write,119.371,15909.074,127.818,
hot_key,310,1,read,64.26,5573.673,672.907,
hot_key,311,2,read,89.276,5404.029,147.895,
hot_key,312,0,read,131.734,5199.108,307.722,
hot_key,313,1,read,78.816,6587.521,265.783,
hot_key,314,2,read,106.227,4885.999,159.326,
hot_key,315,0,read,100.296,6531.426,98.945,
hot_key,316,1,read,91.068,12614.521,212.716,
hot_key,317,2,write,129.811,10252.878,94.416,
hot_key,318,0,write,98.853,14835.936,207.816,
hot_key,319,1,write,117.899,11150.02,104.455,
hot_key,320,2,read,274.949,5542.404,115.806,
hot_key,321,0,read,217.323,6133.459,246.999,
hot_key,322,1,read,83.565,6625.15,274.089,
hot_key,323,2,read,89.316,6937.789,227.773,
hot_key,324,0,read,106.707,6421.462,96.23,
hot_key,325,1,read,70.311,6649.286,83.375,
hot_key,326,2,read,125.252,9919.521,135.342,
hot_key,327,0,write,119.451,15981.718,155.961,
hot_key,328,1,write,98.983,13058.504,97.993,
hot_key,329,2,write,100.857,13889.514,235.958,
hot_key,330,0,read,71.152,13164.901,1041.33,
hot_key,331,1,read,89.145,10562.372,730.224,
hot_key,332,2,read,103.581,12645.98,111.809,
hot_key,333,0,read,74.908,8268.644,791.287,
hot_key,334,1,read,72.234,6061.266,297.983,
hot_key,335,2,read,117.759,20928.75,270.482,
hot_key,336,0,read,186.484,11193.269,1532.811,
hot_key,337,1,write,96.109,68474.115,1218.337,
hot_key,338,2,write,92.652,63728.995,6907.284,
hot_key,339,0,write,290.678,42799.695,244.495,
hot_key,340,1,read,109.092,26122.339,2796.751,
hot_key,341,2,read,70.33,22835.562,1557.836,
hot_key,342,0,read,121.245,10510.265,226.711,
hot_key,343,1,read,51.895,15320.403,727.259,
hot_key,344,2,read,198.018,10971.961,504.325,
hot_key,345,0,read,67.766,9859.14,305.206,
hot_key,346,1,read,255.133,14078.313,693.676,
hot_key,347,2,write,110.604,13455.018,288.967,
hot_key,348,0,write,157.792,21120.947,111.638,
hot_key,349,1,write,97.861,20856.456,288.265,
hot_key,350,2,read,70.672,6974.687,189.612,
hot_key,351,0,read,74.889,6332.418,119.082,
hot_key,352,1,read,99.373,6531.517,125.404,
hot_key,353,2,read,99.415,5055.212,98.985,
hot_key,354,0,read,107.349,13630.824,144.379,
hot_key,355,1,read,395.573,9467.664,820.431,
hot_key,356,2,read,61.805,5051.706,202.686,
hot_key,357,0,write,101.698,27909.168,464.632,
hot_key,358,1,write,91.82,20643.19,1403.281,
hot_key,359,2,write,109.653,22888.139,106.238,
hot_key,360,0,read,121.004,12233.126,545.712,
hot_key,361,1,read,55.252,4984.662,8.838,
hot_key,362,2,read,95.456,7087.576,131.906,
hot_key,363,0,read,68.667,5904.345,69.31,
hot_key,364,1,read,63.787,3030.081,83.627,
hot_key,365,2,read,88.224,5117.688,67.627,
hot_key,366,0,read,117.808,13490.966,149.328,
hot_key,367,1,write,103.982,13058.884,139.35,
hot_key,368,2,write,128.288,11125.324,819.229,
hot_key,369,0,write,93.203,13972.187,325.454,
hot_key,370,1,read,109.514,10726.486,598.71,
hot_key,371,2,read,110.294,6746.384,166.751,
hot_key,372,0,read,90.648,11219.819,434.316,
hot_key,373,1,read,61.554,6904.718,83.667,
hot_key,374,2,read,102.681,8036.143,112.85,
hot_key,375,0,read,95.998,5523.36,117.749,
hot_key,376,1,read,81.881,4928.086,230.639,
hot_key,377,2,write,95.066,14116.534,208.257,
hot_key,378,0,write,251.095,11469.131,236.389,
hot_key,379,1,write,98.453,10491.521,362.843,
hot_key,380,2,read,58.198,4892.541,104.756,
hot_key,381,0,read,120.252,6296.752,109.174,
hot_key,382,1,read,77.363,5816.322,266.115,
hot_key,383,2,read,214.908,9193.146,273.298,
hot_key,384,0,read,85.679,14488.453,428.295,
hot_key,385,1,read,71.162,7567.144,342.686,
hot_key,386,2,read,76.742,16656.377,84.719,
hot_key,387,0,write,205.03,15930.284,160.488,
hot_key,388,1,write,157.672,13803.996,143.808,
hot_key,389,2,write,91.038,9774.041,248.512,
hot_key,390,0,read,77.283,3096.414,113.011,
hot_key,391,1,read,200.682,7608.02,303.203,
hot_key,392,2,read,95.838,4279.936,145.822,
hot_key,393,0,read,218.885,8079.904,128.981,
hot_key,394,1,read,93.233,6253.933,32.071,
hot_key,395,2,read,167.931,6915.979,200.563,
hot_key,396,0,read,115.814,5193.759,127.137,
hot_key,397,1,write,99.494,9010.077,191.697,
hot_key,398,2,write,104.994,11715.497,104.816,
hot_key,399,0,write,135.09,8276.908,94.978,
hot_key,400,1,read,87.903,6330.113,126.446,
hot_key,401,2,read,103.1,5691.22,267.317,
hot_key,402,0,read,88.764,6547.446,102.091,
hot_key,403,1,read,74.237,3652.624,135.423,
hot_key,404,2,read,98.313,6498.857,108.693,
hot_key,405,0,read,98.152,9502.82,97.382,
hot_key,406,1,read,65.15,7011.585,240.979,
hot_key,407,2,write,140.65,9329.538,98.555,
hot_key,408,0,write,104.964,9150.646,235.739,
hot_key,409,1,write,150.969,13508.628,105.888,
hot_key,410,2,read,72.674,5206.352,82.615,
hot_key,411,0,read,107.388,5988.7,120.035,
hot_key,412,1,read,81.881,7108.895,253.131,
hot_key,413,2,read,84.487,4144.236,157.032,
hot_key,414,0,read,335.07,17710.008,746.655,
hot_key,415,1,read,69.399,9167.889,883.087,
hot_key,416,2,read,72.243,7200.706,432.533,
hot_key,417,0,write,126.264,14466.082,156.181,
hot_key,418,1,write,126.915,10738.097,98.294,
hot_key,419,2,write,194.971,18396.289,90.49,
hot_key,420,0,read,94.455,7499.71,440.728,
hot_key,421,1,read,77.824,5261.384,816.925,
hot_key,422,2,read,93.303,8059.787,73.959,
hot_key,423,0,read,107.851,9154.856,94.226,
hot_key,424,1,read,99.234,5702.992,127.588,
hot_key,425,2,read,225.228,7002.057,106.319,
hot_key,426,0,read,76.522,6501.832,57.839,
hot_key,427,1,write,240.695,13423.941,601.316,
hot_key,428,2,write,73.115,15655.063,262.528,
hot_key,429,0,write,120.964,15348.575,87.374,
hot_key,430,1,read,50.614,5595.984,219.769,
hot_key,431,2,read,158.944,6617.816,124.413,
hot_key,432,0,read,213.876,9150.747,92.614,
hot_key,433,1,read,271.783,8794.357,32.683,
hot_key,434,2,read,75.049,5779.084,90.86,
hot_key,435,0,read,121.595,6770.679,126.016,
hot_key,436,1,read,99.725,9653.168,92.454,
hot_key,437,2,write,117.388,15138.075,95.92,
hot_key,438,0,write,114.291,15550.921,120.325,
hot_key,439,1,write,126.805,17234.238,163.154,
hot_key,440,2,read,246.939,7319.447,97.021,
hot_key,441,0,read,106.939,5957.654,168.684,
hot_key,442,1,read,145.188,4819.275,414.841,
hot_key,443,2,read,674.739,7028.476,538.65,
hot_key,444,0,read,98.562,6194.783,199.061,
hot_key,445,1,read,95.527,9376.445,117.5,
hot_key,446,2,read,71.924,5583.922,117.79,
hot_key,447,0,write,109.954,16406.045,394.733,
hot_key,448,1,write,115.554,13599.947,161.391,
hot_key,449,2,write,566.74,15602.346,53.872,
hot_key,450,0,read,85.729,6081.854,210.382,
hot_key,451,1,read,70.45,5609.92,305.588,
hot_key,452,2,read,102.06,3794.879,111.809,
hot_key,453,0,read,96.88,5632.082,245.937,
hot_key,454,1,read,97.421,7860.158,133.93,
hot_key,455,2,read,85.599,8954.565,185.886,
hot_key,456,0,read,99.454,10047.918,192.91,
hot_key,457,1,write,116.114,12709.528,304.487,
hot_key,458,2,write,156.41,10463.929,148.958,
hot_key,459,0,write,225.167,9672.303,94.297,
hot_key,460,1,read,69.218,3413.171,89.478,
hot_key,461,2,read,108.07,8235.812,1152.036,
hot_key,462,0,read,106.447,7492.376,81.874,
hot_key,463,1,read,84.546,19097.388,133.73,
hot_key,464,2,read,85.869,8499.07,4376.047,
hot_key,465,0,read,61.133,6724.895,9.68,
hot_key,466,1,read,94.015,6121.798,92.994,
hot_key,467,2,write,133.026,13207.66,128.711,
hot_key,468,0,write,79.838,8047.154,218.126,
hot_key,469,1,write,127.256,8695.654,123.491,
hot_key,470,2,read,106.228,6531.757,165.889,
hot_key,471,0,read,145.92,7091.644,120.826,
hot_key,472,1,read,86.64,8312.014,1378.996,
hot_key,473,2,read,78.145,4065.56,88.045,
hot_key,474,0,read,158.163,6931.938,335.103,
hot_key,475,1,read,203.677,7407.93,93.856,
hot_key,476,2,read,102.39,6904.197,102.502,
hot_key,477,0,write,278.737,15198.457,114.905,
hot_key,478,1,write,246.337,16439.807,90.359,
hot_key,479,2,write,142.814,15221.029,218.056,
hot_key,480,0,read,59.239,4321.753,197.198,
hot_key,481,1,read,133.157,5949.78,99.576,
hot_key,482,2,read,217.273,5955.75,102.412,
hot_key,483,0,read,120.443,7433.237,266.626,
hot_key,484,1,read,104.243,4416.84,104.546,
hot_key,485,2,read,99.874,10268.647,523.342,
hot_key,486,0,read,112.718,7851.179,256.979,
hot_key,487,1,write,142.855,21134.481,129.963,
hot_key,488,2,write,751.201,16422.875,461.087,
hot_key,489,0,write,141.933,13950.316,122.91,
hot_key,490,1,read,67.394,4755.627,77.356,
hot_key,491,2,read,97.331,5826.612,161.942,
hot_key,492,0,read,61.143,4291.308,99.166,
hot_key,493,1,read,69.93,7000.074,55.525,
hot_key,494,2,read,88.474,7591.329,222.294,
hot_key,495,0,read,270.671,4234.422,94.257,
hot_key,496,1,read,70.21,9673.486,817.897,
hot_key,497,2,write,466.314,18598.936,34.756,
hot_key,498,0,write,228.303,25910.646,206.986,
hot_key,499,1,write,135.111,25951.242,387.029,
hot_key,500,2,read,358.555,7885.735,3598.226,
hot_key,501,0,read,1255.435,11712.271,291.312,
hot_key,502,1,read,87.102,4677.894,145.792,
hot_key,503,2,read,161.94,8003.072,161.161,
hot_key,504,0,read,58.338,5251.746,93.175,
hot_key,505,1,read,97.12,6550.17,166.792,
hot_key,506,2,read,89.085,6663.54,107.672,
hot_key,507,0,write,104.204,15776.309,95.609,
hot_key,508,1,write,129.55,18511.814,96.381,
hot_key,509,2,write,139.619,16196.987,143.508,
hot_key,510,0,read,154.956,7539.894,129.042,
hot_key,511,1,read,85.017,7487.557,115.366,
hot_key,512,2,read,80.749,5943.938,147.255,
hot_key,513,0,read,86.479,9606.851,30.249,
hot_key,514,1,read,94.746,7347.969,18.266,
hot_key,515,2,read,94.184,10406.282,139.842,
hot_key,516,0,read,65.441,7059.574,328.251,
hot_key,517,1,write,106.718,16059.533,231.15,
hot_key,518,2,write,117.137,20616.081,108.003,
hot_key,519,0,write,102.178,15231.879,577.332,
hot_key,520,1,read,60.172,4390.491,208.078,
hot_key,521,2,read,84.366,9047.065,373.635,
hot_key,522,0,read,101.829,7702.655,117.881,
hot_key,523,1,read,64.96,9626.909,355.932,
hot_key,524,2,read,72.926,8789.509,259.943,
hot_key,525,0,read,59.801,5664.481,195.665,
hot_key,526,1,read,150.939,5143.055,103.013,
hot_key,527,2,write,87.051,11122.218,100.278,
hot_key,528,0,write,106.267,8190.499,322.63,
hot_key,529,1,write,84.937,12281.054,79.55,
hot_key,530,2,read,138.465,6344.61,354.64,
hot_key,531,0,read,83.895,5566.72,447.381,
hot_key,532,1,read,86.67,6324.573,36.27,
hot_key,533,2,read,104.102,5522.296,455.747,
hot_key,534,0,read,80.709,5129.831,146.023,
hot_key,535,1,read,83.054,6982.982,306.34,
hot_key,536,2,read,98.442,6699.838,142.737,
hot_key,537,0,write,102.249,18390.058,145.332,
hot_key,538,1,write,118.299,16907.893,28.636,
hot_key,539,2,write,127.196,12843.265,107.843,
hot_key,540,0,read,120.142,3922.053,105.188,
hot_key,541,1,read,82.924,7169.738,251.248,
hot_key,542,2,read,69.008,8197.602,115.807,
hot_key,543,0,read,103.631,7233.867,119.404,
hot_key,544,1,read,89.375,9335.589,390.236,
hot_key,545,2,read,62.605,11434.737,105.438,
hot_key,546,0,read,81.973,11599.803,268.269,
hot_key,547,1,write,136.923,26262.368,112.752,
hot_key,548,2,write,78.205,33193.724,76.174,
hot_key,549,0,write,113.58,38520.49,929.574,
hot_key,550,1,read,86.169,13489.443,1135.265,
hot_key,551,2,read,65.082,13436.906,277.105,
hot_key,552,0,read,84.065,12837.875,4131.354,
hot_key,553,1,read,99.874,11737.287,245.197,
hot_key,554,2,read,246.226,16774.797,854.054,
hot_key,555,0,read,81.511,44430.055,150.251,
hot_key,556,1,read,515.144,31729.343,4751.312,
hot_key,557,2,write,109.703,42791.57,118.031,
hot_key,558,0,write,98.302,47261.379,2878.734,
hot_key,559,1,write,244.112,60052.878,98.104,
hot_key,560,2,read,120.703,18406.098,1273.631,
hot_key,561,0,read,259.651,9589.531,101.61,
hot_key,562,1,read,84.807,24684.395,915.268,
hot_key,563,2,read,338.006,20390.102,164.337,
hot_key,564,0,read,888.586,11408.809,95.249,
hot_key,565,1,read,56.134,8419.103,894.509,
hot_key,566,2,read,67.785,19780.983,239.687,
hot_key,567,0,write,98.933,24645.222,613.88,
hot_key,568,1,write,96.549,23258.184,49.985,
hot_key,569,2,write,227.19,20295.608,188.522,
hot_key,570,0,read,102.139,9020.255,329.353,
hot_key,571,1,read,68.957,6015.54,511.35,
hot_key,572,2,read,74.979,8551.898,110.447,
hot_key,573,0,read,76.572,5997.737,508.254,
hot_key,574,1,read,62.806,7564.258,80.773,
hot_key,575,2,read,83.585,10544.329,235.879,
hot_key,576,0,read,83.244,10848.972,150.031,
hot_key,577,1,write,74.799,35533.529,655.336,
hot_key,578,2,write,1357.353,32184.255,1881.448,
hot_key,579,0,write,209.628,28644.93,2438.9,
hot_key,580,1,read,64.229,9799.288,2766.386,
hot_key,581,2,read,62.396,5152.173,216.964,
hot_key,582,0,read,72.564,11616.534,114.284,
hot_key,583,1,read,87.943,7439.308,168.565,
hot_key,584,2,read,119.05,7662.21,325.135,
hot_key,585,0,read,62.916,5704.084,105.849,
hot_key,586,1,read,94.956,8268.904,103.935,
hot_key,587,2,write,159.565,23398.193,166.411,
hot_key,588,0,write,464.801,24481.29,214.56,
hot_key,589,1,write,90.378,20195.712,116.749,
hot_key,590,2,read,87.322,9595.19,297.684,
hot_key,591,0,read,297.842,4707.199,78.277,
hot_key,592,1,read,80.78,8961.537,321.678,
hot_key,593,2,read,75.66,6373.343,115.517,
hot_key,594,0,read,102.19,8582.405,112.17,
hot_key,595,1,read,78.075,7581.241,198.129,
hot_key,596,2,read,94.766,9476.541,109.415,
hot_key,597,0,write,107.019,20420.68,279.71,
hot_key,598,1,write,104.393,18801.901,237.052,
hot_key,599,2,write,115.404,13780.241,407.958,
hot_key,600,0,read,90.457,4913.95,132.889,
hot_key,601,1,read,101.839,12636.043,137.226,
hot_key,602,2,read,95.026,7072.599,122.92,
hot_key,603,0,read,90.839,7273.601,138.589,
hot_key,604,1,read,86.921,7019.821,208.669,
hot_key,605,2,read,80.499,12488.238,186.368,
hot_key,606,0,read,94.856,8841.835,97.723,
hot_key,607,1,write,193.739,20252.598,206.214,
hot_key,608,2,write,90.707,19595.51,129.924,
hot_key,609,0,write,66.904,16546.244,316.248,
hot_key,610,1,read,57.557,6467.418,216.143,
hot_key,611,2,read,79.038,16753.468,103.604,
hot_key,612,0,read,85.168,8367.327,1548.13,
hot_key,613,1,read,89.586,8073.192,218.156,
hot_key,614,2,read,433.714,10087.583,113.382,
hot_key,615,0,read,56.465,5073.036,264.312,
hot_key,616,1,read,79.777,9667.454,111.399,
hot_key,617,2,write,104.313,19001.521,384.465,
hot_key,618,0,write,105.206,18463.615,100.849,
hot_key,619,1,write,120.523,20610.861,107.322,
hot_key,620,2,read,68.036,11408.017,166.191,
hot_key,621,0,read,143.416,9476.671,397.478,
hot_key,622,1,read,785.275,6190.214,80.652,
hot_key,623,2,read,56.084,9558.503,1747.088,
hot_key,624,0,read,203.617,5054.129,517.441,
hot_key,625,1,read,134.489,6642.713,81.283,
hot_key,626,2,read,70.161,7025.922,18.907,
hot_key,627,0,write,131.414,21910.79,333.199,
hot_key,628,1,write,127.366,20223.583,161.452,
hot_key,629,2,write,110.905,16904.407,56.918,
hot_key,630,0,read,74.738,4255.971,42.402,
hot_key,631,1,read,61.774,9607.893,100.279,
hot_key,632,2,read,59.069,15982.109,119.544,
hot_key,633,0,read,56.925,9166.917,63.801,
hot_key,634,1,read,69.449,7287.076,509.837,
hot_key,635,2,read,86.01,5210.5,348.899,
hot_key,636,0,read,292.001,11722.64,108.985,
hot_key,637,1,write,120.062,24965.036,412.086,
hot_key,638,2,write,743.779,21575.409,2126.921,
hot_key,639,0,write,71.542,19362.238,369.337,
hot_key,640,1,read,74.187,7248.464,112.862,
hot_key,641,2,read,409.498,5119.842,162.674,
hot_key,642,0,read,91.67,9459.589,238.284,
hot_key,643,1,read,59.16,7373.966,295.781,
hot_key,644,2,read,76.261,6395.354,91.502,
hot_key,645,0,read,81.631,5959.005,79.25,
hot_key,646,1,read,68.797,7372.173,77.136,
hot_key,647,2,write,180.283,14616.92,135.224,
hot_key,648,0,write,101.177,14925.262,457.871,
hot_key,649,1,write,260.292,10072.685,110.237,
hot_key,650,2,read,53.278,5616.02,110.398,
hot_key,651,0,read,113.31,6486.002,99.507,
hot_key,652,1,read,90.618,7451.371,270.744,
hot_key,653,2,read,73.867,8395.488,402.348,
hot_key,654,0,read,103.952,9556.619,85.151,
hot_key,655,1,read,106.797,10377.408,429.098,
hot_key,656,2,read,79.778,8254.698,84.299,
hot_key,657,0,write,146.07,15044.572,95.871,
hot_key,658,1,write,307.62,8703.038,189.434,
hot_key,659,2,write,126.284,11924.344,279.1,
hot_key,660,0,read,52.968,4937.794,62.279,
hot_key,661,1,read,117.808,6102.471,134.322,
hot_key,662,2,read,79.989,4422.872,84.018,
hot_key,663,0,read,68.437,6326.176,88.076,
hot_key,664,1,read,150.738,6598.72,94.619,
hot_key,665,2,read,93.893,7185.687,114.696,
hot_key,666,0,read,116.677,8291.786,98.896,
hot_key,667,1,write,141.442,17184.075,108.283,
hot_key,668,2,write,111.536,18555.063,327.42,
hot_key,669,0,write,109.773,16657.77,217.035,
hot_key,670,1,read,52.688,5482.624,79.53,
hot_key,671,2,read,142.334,6034.366,303.765,
hot_key,672,0,read,176.507,7156.373,117.871,
hot_key,673,1,read,85.238,4789.871,152.435,
hot_key,674,2,read,79.447,5246.316,104.106,
hot_key,675,0,read,111.998,4495.356,160.57,
hot_key,676,1,read,73.396,5914.934,87.836,
hot_key,677,2,write,184.381,10172.499,104.797,
hot_key,678,0,write,240.706,11797.89,115.266,
hot_key,679,1,write,94.115,8890.886,48.212,
hot_key,680,2,read,54.49,5265.14,81.745,
hot_key,681,0,read,82.723,4273.213,137.318,
hot_key,682,1,read,94.545,6660.004,98.636,
hot_key,683,2,read,71.362,4575.293,203.961,
hot_key,684,0,read,89.486,3695.454,195.876,
hot_key,685,1,read,110.926,9539.388,133.64,
hot_key,686,2,read,100.185,10562.983,339.762,
hot_key,687,0,write,418.024,32251.97,129.824,
hot_key,688,1,write,513.211,28412.28,1299.269,
hot_key,689,2,write,85.098,18541.047,5373.936,
hot_key,690,0,read,66.444,8839.041,93.816,
hot_key,691,1,read,43.47,3024.72,71.266,
hot_key,692,2,read,101.228,5513.822,142.617,
hot_key,693,0,read,95.497,4514.24,142.637,
hot_key,694,1,read,102.228,4136.38,103.936,
hot_key,695,2,read,109.111,7088.317,78.048,
hot_key,696,0,read,68.987,6929.363,94.839,
hot_key,697,1,write,137.575,12384.105,224.529,
hot_key,698,2,write,365.117,11522.319,33.094,
hot_key,699,0,write,72.924,14304.281,372.083,
hot_key,700,1,read,117.488,16930.104,4715.426,
hot_key,701,2,read,146.441,9507.899,3690.999,
hot_key,702,0,read,124.17,6849.646,495.731,
hot_key,703,1,read,94.295,4350.467,116.058,
hot_key,704,2,read,82.072,4730.442,102.813,
hot_key,705,0,read,106.577,14482.011,426.022,
hot_key,706,1,read,70.59,24719.711,225.992,
hot_key,707,2,write,300.176,26646.139,458.963,
hot_key,708,0,write,275.85,20207.794,611.957,
hot_key,709,1,write,101.288,23047.565,649.175,
hot_key,710,2,read,76.862,11914.406,114.595,
hot_key,711,0,read,95.035,9617.591,1725.289,
hot_key,712,1,read,64.089,11371.17,1598.894,
hot_key,713,2,read,98.062,6205.734,1192.351,
hot_key,714,0,read,85.818,5421.4,101.341,
hot_key,715,1,read,91.66,5068.848,248.693,
hot_key,716,2,read,100.587,10080.189,422.455,
hot_key,717,0,write,112.198,13901.856,102.603,
hot_key,718,1,write,87.813,16611.685,437.333,
hot_key,719,2,write,120.373,16095.429,165.259,
hot_key,720,0,read,79.988,9158.261,121.949,
hot_key,721,1,read,69.78,6164.247,94.558,
hot_key,722,2,read,333.919,8001.98,218.117,
hot_key,723,0,read,93.012,9148.161,200.445,
hot_key,724,1,read,87.853,7863.103,100.118,
hot_key,725,2,read,96.539,6145.492,112.712,
hot_key,726,0,read,94.165,6027.072,820.262,
hot_key,727,1,write,107.098,17128.422,96.432,
hot_key,728,2,write,82.203,16239.587,167.202,
hot_key,729,0,write,134.579,12746.235,223.528,
hot_key,730,1,read,99.405,4833.522,100.99,
hot_key,731,2,read,115.053,6210.433,76.725,
hot_key,732,0,read,125.493,8529.376,147.877,
hot_key,733,1,read,71.723,7682.027,461.889,
hot_key,734,2,read,76.272,10438.662,67.859,
hot_key,735,0,read,96.629,10748.015,314.035,
hot_key,736,1,read,90.807,9354.264,95.801,
hot_key,737,2,write,114.281,20903.353,331.077,
hot_key,738,0,write,138.066,19526.082,124.965,
hot_key,739,1,write,100.105,13446.834,247.602,
hot_key,740,2,read,126.324,3523.416,513.674,
hot_key,741,0,read,108.552,8050.18,158.917,
hot_key,742,1,read,60.231,5830.939,232.294,
hot_key,743,2,read,82.493,8860.701,102.352,
hot_key,744,0,read,114.091,6787.25,86.854,
hot_key,745,1,read,140.149,9791.233,134.403,
hot_key,746,2,read,290.347,11276.263,240.188,
hot_key,747,0,write,117.848,29957.872,113.323,
hot_key,748,1,write,130.913,30469.169,161.973,
hot_key,749,2,write,91.219,33055.088,412.888,
hot_key,750,0,read,50.213,6361.812,268.41,
hot_key,751,1,read,76.532,17385.949,730.927,
hot_key,752,2,read,72.435,7263.533,1827.177,
hot_key,753,0,read,43.34,10127.497,492.475,
hot_key,754,1,read,72.294,7439.728,345.673,
hot_key,755,2,read,359.176,16511.7,65.284,
hot_key,756,0,read,58.527,12900.11,1335.197,
hot_key,757,1,write,126.885,37077.026,130.355,
hot_key,758,2,write,109.142,33256.952,213.599,
hot_key,759,0,write,97.391,26659.203,1045.649,
hot_key,760,1,read,342.134,11308.834,1256.44,
hot_key,761,2,read,62.186,6408.88,705.92,
hot_key,762,0,read,68.607,7012.998,285.522,
hot_key,763,1,read,66.583,5730.112,116.79,
hot_key,764,2,read,67.716,7121.92,226.463,
hot_key,765,0,read,50.634,7982.684,81.494,
hot_key,766,1,read,61.514,6587.33,213.188,
hot_key,767,2,write,137.305,14005.348,205.153,
hot_key,768,0,write,68.567,13769.512,91.793,
hot_key,769,1,write,105.425,17410.103,159.419,
hot_key,770,2,read,495.417,5768.894,879.833,
hot_key,771,0,read,120.553,13102.054,163.657,
hot_key,772,1,read,113.621,9660.692,95.42,
hot_key,773,2,read,81.771,13380.491,747.327,
hot_key,774,0,read,254.179,6900.249,132.209,
hot_key,775,1,read,95.106,6309.355,107.703,
hot_key,776,2,read,88.585,11742.578,97.313,
hot_key,777,0,write,107.468,18896.716,595.046,
hot_key,778,1,write,101.569,25427.452,98.225,
hot_key,779,2,write,74.239,23576.063,233.926,
hot_key,780,0,read,418.244,9187.976,1525.018,
hot_key,781,1,read,127.586,9901.598,58.121,
hot_key,782,2,read,56.204,8963.511,101.742,
hot_key,783,0,read,249.452,3760.344,138.5,
hot_key,784,1,read,150.338,5758.525,129.774,
hot_key,785,2,read,66.964,4049.129,382.261,
hot_key,786,0,read,89.807,7170.72,120.747,
hot_key,787,1,write,107.95,17546.406,399.884,
hot_key,788,2,write,393.479,13156.596,256.939,
hot_key,789,0,write,109.703,11165.268,92.535,
hot_key,790,1,read,58.749,9311.515,92.475,
hot_key,791,2,read,92.781,7296.843,94.218,
hot_key,792,0,read,69.368,8346.368,218.979,
hot_key,793,1,read,91.82,6255.857,226.763,
hot_key,794,2,read,84.566,6995.575,97.785,
hot_key,795,0,read,82.493,8652.615,250.878,
hot_key,796,1,read,89.685,6340.933,91.143,
hot_key,797,2,write,138.256,10089.505,235.921,
hot_key,798,0,write,110.454,10981.748,92.846,
hot_key,799,1,write,90.578,12962.487,97.584,
hot_key,800,2,read,688.446,4713.34,128.671,
hot_key,801,0,read,95.347,5743.226,86.053,
hot_key,802,1,read,96.027,5901.007,113.284,
hot_key,803,2,read,76.701,3736.99,881.737,
hot_key,804,0,read,73.035,5433.634,268.22,
hot_key,805,1,read,87.903,6834.588,103.725,
hot_key,806,2,read,398.146,5410.319,100.32,
hot_key,807,0,write,212.223,12640.82,153.648,
hot_key,808,1,write,83.996,9581.546,113.233,
hot_key,809,2,write,106.367,12876.538,116.79,
hot_key,810,0,read,60.563,4337.203,197.95,
hot_key,811,1,read,118.479,5452.758,143.249,
hot_key,812,2,read,61.062,3897.527,499.89,
hot_key,813,0,read,79.186,6454.213,199.363,
hot_key,814,1,read,94.225,5888.846,94.789,
hot_key,815,2,read,110.456,5267.656,92.544,
hot_key,816,0,read,111.235,6278.126,112.663,
hot_key,817,1,write,139.788,14243.939,127.42,
hot_key,818,2,write,110.284,14511.685,509.758,
hot_key,819,0,write,104.374,18290.315,99.327,
hot_key,820,1,read,64.97,7014.18,332.269,
hot_key,821,2,read,57.567,7335.586,7.267,
hot_key,822,0,read,76.552,7088.508,111.57,
hot_key,823,1,read,83.925,3308.007,708.556,
hot_key,824,2,read,168.211,6920.746,1588.486,
hot_key,825,0,read,93.314,6904.187,138.019,
hot_key,826,1,read,109.512,10869.901,101.592,
hot_key,827,2,write,154.706,9895.426,117.902,
hot_key,828,0,write,127.967,9433.662,113.003,
hot_key,829,1,write,127.216,14930.591,154.149,
hot_key,830,2,read,66.773,7273.971,475.344,
hot_key,831,0,read,73.807,6789.976,435.119,
hot_key,832,1,read,66.684,7586.771,74.822,
hot_key,833,2,read,96.367,10462.416,744.423,
hot_key,834,0,read,155.74,5046.327,96.241,
hot_key,835,1,read,153.324,7297.876,136.527,
hot_key,836,2,read,116.856,4801.471,428.358,
hot_key,837,0,write,130.101,17320.007,88.778,
hot_key,838,1,write,93.333,15793.951,100.73,
hot_key,839,2,write,88.303,14459.579,116.68,
hot_key,840,0,read,52.326,3640.502,246.24,
hot_key,841,1,read,104.714,6015.6,280.203,
hot_key,842,2,read,134.54,5267.576,310.579,
hot_key,843,0,read,65.582,4317.306,528.432,
hot_key,844,1,read,295.578,6549.651,111.74,
hot_key,845,2,read,62.547,4999.71,204.652,
hot_key,846,0,read,70.4,5525.693,91.634,
hot_key,847,1,write,113.33,11777.071,212.387,
hot_key,848,2,write,95.587,15253.73,103.445,
hot_key,849,0,write,78.567,15662.567,446.45,
hot_key,850,1,read,51.225,10673.548,95.22,
hot_key,851,2,read,65.07,5126.814,511.141,
hot_key,852,0,read,85.789,6215.161,380.408,
hot_key,853,1,read,76.712,7710.56,370.871,
hot_key,854,2,read,68.798,5231.78,322.781,
hot_key,855,0,read,68.327,6700.079,96.352,
hot_key,856,1,read,221.239,6447.942,137.709,
hot_key,857,2,write,629.405,16804.271,121.198,
hot_key,858,0,write,106.897,12293.427,128.432,
hot_key,859,1,write,133.547,11118.992,227.075,
hot_key,860,2,read,69.97,4474.928,425.371,
hot_key,861,0,read,83.945,5429.656,123.302,
hot_key,862,1,read,101.778,4962.15,113.835,
hot_key,863,2,read,73.295,7480.774,86.144,
hot_key,864,0,read,91.129,5721.196,192.951,
hot_key,865,1,read,86.861,5761.541,328.051,
hot_key,866,2,read,87.623,10641.979,142.157,
hot_key,867,0,write,103.01,24762.399,248.394,
hot_key,868,1,write,88.063,20895.238,1049.037,
hot_key,869,2,write,112.628,20025.908,320.758,
hot_key,870,0,read,151.702,6650.647,323.072,
hot_key,871,1,read,65.562,4656.334,86.975,
hot_key,872,2,read,75.029,6152.074,232.785,
hot_key,873,0,read,103.883,7925.769,125.055,
hot_key,874,1,read,82.703,3361.605,101.442,
hot_key,875,2,read,94.465,5590.794,111.961,
hot_key,876,0,read,87.892,6165.749,116.209,
hot_key,877,1,write,125.592,13850.451,107.543,
hot_key,878,2,write,100.717,12527.891,393.563,
hot_key,879,0,write,83.535,6766.092,96.392,
hot_key,880,1,read,68.486,3530.358,90.512,
hot_key,881,2,read,87.793,5298.944,105.439,
hot_key,882,0,read,105.626,4877.473,152.246,
hot_key,883,1,read,59.881,3719.429,97.975,
hot_key,884,2,read,106.006,4673.996,112.893,
hot_key,885,0,read,101.337,4975.894,101.132,
hot_key,886,1,read,130.432,4962.841,107.463,
hot_key,887,2,write,103.061,10924.361,329.865,
hot_key,888,0,write,101.607,10117.797,114.176,
hot_key,889,1,write,91.7,6575.998,83.078,
hot_key,890,2,read,91.72,4358.181,99.228,
hot_key,891,0,read,427.021,4168.29,92.535,
hot_key,892,1,read,79.067,5284.537,264.153,
hot_key,893,2,read,134.999,3755.715,123.263,
hot_key,894,0,read,66.664,4742.794,98.065,
hot_key,895,1,read,160.698,7789.517,256.839,
hot_key,896,2,read,107.037,5132.234,202.76,
hot_key,897,0,write,91.78,9555.747,311.882,
hot_key,898,1,write,74.638,13413.361,28.036,
hot_key,899,2,write,78.855,8223.218,9765.921,
hot_key,900,0,read,23.803,4141.74,73.04,
hot_key,901,1,read,90.007,5198.559,181.84,
hot_key,902,2,read,86.33,5609.99,122.751,
hot_key,903,0,read,62.126,5130.443,251.078,
hot_key,904,1,read,449.774,4637.409,82.837,
hot_key,905,2,read,106.316,4501.507,146.826,
hot_key,906,0,read,94.234,2964.54,105.82,
hot_key,907,1,write,229.536,11231.282,107.001,
hot_key,908,2,write,258.449,9654.861,106.04,
hot_key,909,0,write,76.341,8044.138,77.177,
hot_key,910,1,read,62.947,3007.079,95.461,
hot_key,911,2,read,83.886,4006.1,157.976,
hot_key,912,0,read,59.36,3772.256,87.887,
hot_key,913,1,read,95.627,2849.338,99.528,
hot_key,914,2,read,193.208,3948.583,23.818,
hot_key,915,0,read,82.563,3528.655,59.133,
hot_key,916,1,read,85.448,5176.707,191.559,
hot_key,917,2,write,323.53,10196.424,247.051,
hot_key,918,0,write,75.409,9853.398,884.102,
hot_key,919,1,write,142.484,11463.009,667.2,
hot_key,920,2,read,91.689,4171.645,92.025,
hot_key,921,0,read,104.174,4869.91,110.438,
hot_key,922,1,read,57.036,3343.012,97.454,
hot_key,923,2,read,108.881,3629.953,125.166,
hot_key,924,0,read,93.763,5268.086,145.975,
hot_key,925,1,read,79.587,5166.088,53.984,
hot_key,926,2,read,99.734,4841.086,96.643,
hot_key,927,0,write,110.294,9662.675,81.415,
hot_key,928,1,write,101.008,8010.366,128.472,
hot_key,929,2,write,74.548,10242.448,107.804,
hot_key,930,0,read,85.158,4002.503,123.132,
hot_key,931,1,read,94.135,5951.782,104.067,
hot_key,932,2,read,81.961,4575.705,101.382,
hot_key,933,0,read,59.731,3379.319,83.849,
hot_key,934,1,read,80.038,3952.34,105.81,
hot_key,935,2,read,98.832,4341.08,132.69,
hot_key,936,0,read,85.699,4447.687,111.651,
hot_key,937,1,write,134.108,14759.815,626.625,
hot_key,938,2,write,92.562,10614.689,98.757,
hot_key,939,0,write,101.719,11550.271,104.037,
hot_key,940,1,read,96.297,6620.841,101.603,
hot_key,941,2,read,96.569,6575.348,210.193,
hot_key,942,0,read,59.861,5401.373,72.198,
hot_key,943,1,read,63.718,5997.226,225.021,
hot_key,944,2,read,68.888,6040.988,396.849,
hot_key,945,0,read,100.557,8241.032,124.254,
hot_key,946,1,read,103.382,12472.62,10.002,
hot_key,947,2,write,84.226,22683.239,403.291,
hot_key,948,0,write,95.406,21083.276,111.15,
hot_key,949,1,write,527.356,19314.24,468.753,
hot_key,950,2,read,85.409,8627.268,138.801,
hot_key,951,0,read,79.217,6717.23,118.033,
hot_key,952,1,read,89.145,6606.426,106.812,
hot_key,953,2,read,94.555,6258.15,106.091,
hot_key,954,0,read,94.044,4807.023,160.191,
hot_key,955,1,read,102.74,6991.238,96.453,
hot_key,956,2,read,100.857,8434.521,144.211,
hot_key,957,0,write,91.329,10394.24,52.512,
hot_key,958,1,write,100.946,15714.061,161.484,
hot_key,959,2,write,104.873,9808.785,88.108,
hot_key,960,0,read,52.377,3846.935,666.929,
hot_key,961,1,read,71.933,6202.267,446.822,
hot_key,962,2,read,82.453,6481.434,299.078,
hot_key,963,0,read,80.92,5846.307,109.577,
hot_key,964,1,read,156.871,6260.515,100.841,
hot_key,965,2,read,99.544,5244.593,205.826,
hot_key,966,0,read,132.917,5009.038,98.065,
hot_key,967,1,write,139.348,15241.658,227.876,
hot_key,968,2,write,109.172,11500.699,112.663,
hot_key,969,0,write,91.77,8489.392,94.219,
hot_key,970,1,read,62.755,4704.212,79.422,
hot_key,971,2,read,94.255,6959.669,100.45,
hot_key,972,0,read,77.974,6011.173,85.893,
hot_key,973,1,read,86.159,5745.611,230.892,
hot_key,974,2,read,98.021,5386.997,108.836,
hot_key,975,0,read,149.897,7637.073,160.061,
hot_key,976,1,read,100.166,5590.964,160.181,
hot_key,977,2,write,149.867,14295.014,108.035,
hot_key,978,0,write,82.643,8540.787,302.535,
hot_key,979,1,write,85.448,8845.402,138.431,
hot_key,980,2,read,49.742,5956.491,86.114,
hot_key,981,0,read,404.819,6270.662,107.053,
hot_key,982,1,read,362.15,8331.94,115.559,
hot_key,983,2,read,54.912,10052.718,94.269,
hot_key,984,0,read,46.577,6847.652,87.686,
hot_key,985,1,read,101.337,6350.631,124.004,
hot_key,986,2,read,70.611,5386.446,208.49,
hot_key,987,0,write,107.64,13205.697,191.198,
hot_key,988,1,write,478.716,20791.656,157.366,
hot_key,989,2,write,90.418,16877.237,114.216,
hot_key,990,0,read,128.689,6205.203,268.491,
hot_key,991,1,read,101.308,5748.386,106.271,
hot_key,992,2,read,92.301,6951.765,202.7,
hot_key,993,0,read,77.233,5429.415,221.996,
hot_key,994,1,read,94.435,5346.813,143.58,
hot_key,995,2,read,64.509,4446.084,96.283,
hot_key,996,0,read,93.103,7478.771,106.762,
hot_key,997,1,write,114.793,12881.246,648.335,
hot_key,998,2,write,363.994,12435.952,81.816,
hot_key,999,0,write,86.55,13147.018,95.922,
hot_key,1000,1,read,62.625,5948.386,4264.152,
hot_key,1001,2,read,65.471,3457.774,62.3,
hot_key,1002,0,read,99.704,4802.284,130.637,
hot_key,1003,1,read,64.078,7012.817,203.402,
hot_key,1004,2,read,65.862,5188.089,85.643,
hot_key,1005,0,read,74.848,6114.685,87.707,
hot_key,1006,1,read,63.999,10432.39,95.251,
hot_key,1007,2,write,121.745,10722.949,138.361,
hot_key,1008,0,write,69.108,15875.19,75.815,
hot_key,1009,1,write,102.851,12905.622,90.732,
hot_key,1010,2,read,59.36,7241.321,260.096,
hot_key,1011,0,read,109.373,8647.224,76.506,
hot_key,1012,1,read,70.52,6944.371,82.988,
hot_key,1013,2,read,96.077,8192.602,112.223,
hot_key,1014,0,read,60.181,4116.263,91.364,
hot_key,1015,1,read,71.001,4778.991,92.155,
hot_key,1016,2,read,74.337,6711.589,35.571,
hot_key,1017,0,write,141.693,12796.941,142.568,
hot_key,1018,1,write,343.597,11245.898,114.136,
hot_key,1019,2,write,60.513,7277.077,821.305,
hot_key,1020,0,read,69.86,3976.786,247.953,
hot_key,1021,1,read,94.455,5413.716,276.677,
hot_key,1022,2,read,91.268,6875.252,150.584,
hot_key,1023,0,read,71.452,4760.126,235.21,
hot_key,1024,1,read,111.376,4550.307,128.713,
hot_key,1025,2,read,74.517,6126.335,223.629,
hot_key,1026,0,read,167.18,6501.19,345.344,
hot_key,1027,1,write,129.019,19094.012,98.948,
hot_key,1028,2,write,146.111,25401.274,98.256,
hot_key,1029,0,write,94.956,28635.713,99.118,
hot_key,1030,1,read,71.062,12672.77,292.606,
hot_key,1031,2,read,67.636,7757.527,988.986,
hot_key,1032,0,read,88.053,12396.429,3949.368,
hot_key,1033,1,read,64.78,7838.267,531.358,
hot_key,1034,2,read,2969.801,12679.172,697.846,
hot_key,1035,0,read,193.177,5293.002,96.393,
hot_key,1036,1,read,175.454,6905.209,47.733,
hot_key,1037,2,write,182.458,21568.675,34.809,
hot_key,1038,0,write,720.034,21650.917,296.794,
hot_key,1039,1,write,93.734,21725.396,291.414,
hot_key,1040,2,read,50.894,8259.346,270.846,
hot_key,1041,0,read,92.793,8994.468,374.247,
hot_key,1042,1,read,70.39,12665.105,356.525,
hot_key,1043,2,read,59.199,6435.919,2019.685,
hot_key,1044,0,read,63.457,9644.391,226.254,
hot_key,1045,1,read,69.588,24364.683,413.21,
hot_key,1046,2,read,63.297,31158.686,95.611,
hot_key,1047,0,write,119.732,40164.194,624.31,
hot_key,1048,1,write,282.042,62194.515,2379.491,
hot_key,1049,2,write,907.039,78100.772,273.181,
hot_key,1050,0,read,437.832,39379.621,618.74,
hot_key,1051,1,read,51.755,15537.656,767.977,
hot_key,1052,2,read,52.137,40416.201,100.41,
hot_key,1053,0,read,119.862,16749.399,1614.805,
hot_key,1054,1,read,476.462,17288.548,4018.457,
hot_key,1055,2,read,61.984,19634.854,2503.451,
hot_key,1056,0,read,82.554,15516.447,399.894,
hot_key,1057,1,write,62.436,22496.233,599.184,
hot_key,1058,2,write,85.739,25828.485,98.276,
hot_key,1059,0,write,94.355,25907.211,500.721,
hot_key,1060,1,read,58.339,8791.101,102.634,
hot_key,1061,2,read,58.689,12331.148,372.143,
hot_key,1062,0,read,183.521,6570.47,792.471,
hot_key,1063,1,read,314.814,5811.733,502.565,
hot_key,1064,2,read,86.32,6761.442,105.109,
hot_key,1065,0,read,274.649,6368.926,192.12,
hot_key,1066,1,read,166.047,9152.17,115.047,
hot_key,1067,2,write,95.407,17459.845,143.56,
hot_key,1068,0,write,138.416,16556.192,71.577,
hot_key,1069,1,write,79.217,15144.328,128.742,
hot_key,1070,2,read,244.212,7113.073,120.157,
hot_key,1071,0,read,96.539,10663.93,134.333,
hot_key,1072,1,read,105.476,7560.663,104.127,
hot_key,1073,2,read,92.111,11811.074,123.723,
hot_key,1074,0,read,98.643,8459.266,96.493,
hot_key,1075,1,read,95.777,7660.357,1082.349,
hot_key,1076,2,read,60.012,5208.787,96.002,
hot_key,1077,0,write,113.049,13794.867,445.63,
hot_key,1078,1,write,109.683,13655.219,396.95,
hot_key,1079,2,write,90.568,11492.023,200.456,
hot_key,1080,0,read,79.116,4832.419,126.649,
hot_key,1081,1,read,112.397,5721.035,106.943,
hot_key,1082,2,read,111.256,6086.913,117.722,
hot_key,1083,0,read,63.839,6240.208,76.926,
hot_key,1084,1,read,74.558,4670.77,186.76,
hot_key,1085,2,read,111.005,6099.536,114.817,
hot_key,1086,0,read,86.38,7389.705,98.757,
hot_key,1087,1,write,110.114,11339.491,114.306,
hot_key,1088,2,write,63.758,11116.217,345.504,
hot_key,1089,0,write,107.17,14167.67,93.737,
hot_key,1090,1,read,68.406,5173.651,61.008,
hot_key,1091,2,read,118.2,5549.988,258.603,
hot_key,1092,0,read,91.789,6076.353,136.678,
hot_key,1093,1,read,88.443,5700.958,105.069,
hot_key,1094,2,read,74.007,7361.704,245.95,
hot_key,1095,0,read,96.609,9091.117,100.39,
hot_key,1096,1,read,50.313,4995.522,94.229,
hot_key,1097,2,write,136.763,11556.242,106.672,
hot_key,1098,0,write,69.299,13768.089,256.709,
hot_key,1099,1,write,126.254,14702.91,531.168,
hot_key,1100,2,read,91.449,7765.342,284.411,
hot_key,1101,0,read,83.685,6177.681,122.351,
hot_key,1102,1,read,96.228,9337.433,100.18,
hot_key,1103,2,read,81.771,6378.111,246.722,
hot_key,1104,0,read,88.263,6017.965,296.474,
hot_key,1105,1,read,92.572,4862.956,96.473,
hot_key,1106,2,read,79.637,5753.074,74.693,
hot_key,1107,0,write,78.425,12029.919,473.702,
hot_key,1108,1,write,65.973,15576.007,723.243,
hot_key,1109,2,write,148.003,15264.289,60.868,
hot_key,1110,0,read,132.385,8646.493,90.923,
hot_key,1111,1,read,65.531,5509.504,119.766,
hot_key,1112,2,read,90.888,6317.941,97.325,
hot_key,1113,0,read,84.286,4404.797,131.138,
hot_key,1114,1,read,85.649,5808.508,110.148,
hot_key,1115,2,read,101.768,6202.787,115.058,
hot_key,1116,0,read,91.52,8971.205,107.062,
hot_key,1117,1,write,83.435,21501.942,571.002,
hot_key,1118,2,write,76.842,18857.123,758.61,
hot_key,1119,0,write,110.935,12270.114,4081.012,
hot_key,1120,1,read,62.625,3088.84,71.908,
hot_key,1121,2,read,69.268,7566.583,84.311,
hot_key,1122,0,read,48.579,4676.04,70.756,
hot_key,1123,1,read,396.565,3984.841,102.043,
hot_key,1124,2,read,86.11,30746.613,197.851,
hot_key,1125,0,read,256.815,23608.392,290.453,
hot_key,1126,1,read,94.054,13682.581,137.068,
hot_key,1127,2,write,102.89,16915.207,108.475,
hot_key,1128,0,write,70.971,12232.233,139.233,
hot_key,1129,1,write,66.623,8941.419,25.472,
hot_key,1130,2,read,68.807,5295.797,107.073,
hot_key,1131,0,read,97.851,5793.66,103.195,
hot_key,1132,1,read,100.276,5934.982,99.358,
hot_key,1133,2,read,75.49,5484.157,66.237,
hot_key,1134,0,read,94.796,8023.27,130.776,
hot_key,1135,1,read,92.802,6213.317,130.807,
hot_key,1136,2,read,87.633,7854.456,186.58,
hot_key,1137,0,write,74.819,17703.508,86.504,
hot_key,1138,1,write,105.686,15786.256,102.434,
hot_key,1139,2,write,75.981,15396.064,199.594,
hot_key,1140,0,read,60.091,6007.716,341.397,
hot_key,1141,1,read,86.14,6125.285,324.785,
hot_key,1142,2,read,92.382,8422.99,136.777,
hot_key,1143,0,read,92.852,5012.804,243.335,
hot_key,1144,1,read,97.241,4800.401,97.705,
hot_key,1145,2,read,116.976,11304.866,129.565,
hot_key,1146,0,read,88.214,7773.918,128.071,
hot_key,1147,1,write,90.497,9540.248,94.921,
hot_key,1148,2,write,72.124,7646.461,271.437,
hot_key,1149,0,write,149.596,14556.428,118.855,
hot_key,1150,1,read,64.298,5126.013,85.924,
hot_key,1151,2,read,79.286,4664.839,199.174,
hot_key,1152,0,read,99.094,8795.8,147.207,
hot_key,1153,1,read,84.336,6434.988,50.578,
hot_key,1154,2,read,75.129,11790.066,352.727,
hot_key,1155,0,read,93.121,18722.293,103.617,
hot_key,1156,1,read,70.251,9426.267,423.699,
hot_key,1157,2,write,282.794,18268.734,85.102,
hot_key,1158,0,write,425.587,15810.841,110.63,
hot_key,1159,1,write,98.793,16929.333,147.588,
hot_key,1160,2,read,107.759,5998.709,108.316,
hot_key,1161,0,read,87.561,5855.514,120.939,
hot_key,1162,1,read,81.21,5491.66,321.0,
hot_key,1163,2,read,93.974,6793.061,101.002,
hot_key,1164,0,read,91.168,5833.423,91.895,
hot_key,1165,1,read,72.925,10561.92,343.02,
hot_key,1166,2,read,74.759,5775.387,119.105,
hot_key,1167,0,write,104.594,9931.984,112.162,
hot_key,1168,1,write,98.873,11971.652,105.5,
hot_key,1169,2,write,106.687,9005.768,221.215,
hot_key,1170,0,read,203.647,7908.736,137.179,
hot_key,1171,1,read,91.7,5969.245,232.064,
hot_key,1172,2,read,123.699,5813.407,95.842,
hot_key,1173,0,read,100.075,6887.225,96.293,
hot_key,1174,1,read,75.159,7277.999,216.646,
hot_key,1175,2,read,101.347,6820.862,106.823,
hot_key,1176,0,read,91.009,6987.1,236.853,
hot_key,1177,1,write,100.717,18280.194,104.909,
hot_key,1178,2,write,203.768,12393.413,474.403,
hot_key,1179,0,write,141.661,13237.295,18.139,
hot_key,1180,1,read,106.347,7123.362,90.382,
hot_key,1181,2,read,116.486,5449.282,149.852,
hot_key,1182,0,read,71.172,5208.065,324.706,
hot_key,1183,1,read,89.847,4963.534,511.481,
hot_key,1184,2,read,65.09,5433.744,95.251,
hot_key,1185,0,read,87.01,4395.369,510.0,
hot_key,1186,1,read,89.686,8694.231,208.651,
hot_key,1187,2,write,86.711,13887.399,97.906,
hot_key,1188,0,write,111.166,13866.5,373.867,
hot_key,1189,1,write,89.676,11714.626,229.52,
hot_key,1190,2,read,95.636,6125.403,130.397,
hot_key,1191,0,read,74.379,3675.618,613.039,
hot_key,1192,1,read,84.146,6556.552,248.215,
hot_key,1193,2,read,115.504,3345.586,144.092,
hot_key,1194,0,read,92.702,4552.972,142.158,
hot_key,1195,1,read,96.7,5231.239,108.996,
hot_key,1196,2,read,91.319,7112.943,132.801,
hot_key,1197,0,write,106.907,12764.278,126.64,
hot_key,1198,1,write,87.122,9731.022,111.761,
hot_key,1199,2,write,129.81,10262.918,128.232,
hot_key,1200,0,read,71.853,5360.888,212.689,
hot_key,1201,1,read,250.955,5560.989,119.616,
hot_key,1202,2,read,75.54,4887.302,243.285,
hot_key,1203,0,read,68.356,6473.319,76.045,
hot_key,1204,1,read,74.379,6478.518,55.357,
hot_key,1205,2,read,187.567,5173.511,143.391,
hot_key,1206,0,read,94.405,5348.224,128.022,
hot_key,1207,1,write,100.647,10833.624,124.886,
hot_key,1208,2,write,215.639,8148.45,432.917,
hot_key,1209,0,write,114.071,7470.215,79.071,
hot_key,1210,1,read,82.363,3004.806,73.841,
hot_key,1211,2,read,87.442,6284.759,101.553,
hot_key,1212,0,read,58.407,2760.492,89.381,
hot_key,1213,1,read,94.866,5565.768,87.687,
hot_key,1214,2,read,73.406,4130.87,19.02,
hot_key,1215,0,read,71.433,6605.363,78.45,
hot_key,1216,1,read,73.257,4543.415,302.835,
hot_key,1217,2,write,107.318,9867.424,160.312,
hot_key,1218,0,write,117.337,10206.713,530.888,
hot_key,1219,1,write,89.897,16188.321,110.078,
hot_key,1220,2,read,55.724,6036.791,287.617,
hot_key,1221,0,read,115.524,7334.584,96.343,
hot_key,1222,1,read,58.467,5561.069,88.91,
hot_key,1223,2,read,77.944,5278.254,101.403,
hot_key,1224,0,read,101.828,8329.887,92.346,
hot_key,1225,1,read,67.925,5822.704,85.824,
hot_key,1226,2,read,71.222,6071.525,226.714,
hot_key,1227,0,write,89.406,16084.94,244.998,
hot_key,1228,1,write,104.194,11226.722,137.118,
hot_key,1229,2,write,382.559,6694.428,37.524,
hot_key,1230,0,read,82.663,4175.724,134.744,
hot_key,1231,1,read,77.133,5712.48,181.1,
hot_key,1232,2,read,71.612,5156.33,85.293,
hot_key,1233,0,read,86.4,4460.661,91.474,
hot_key,1234,1,read,66.543,4582.447,174.147,
hot_key,1235,2,read,91.339,6456.377,152.788,
hot_key,1236,0,read,60.832,5246.557,83.329,
hot_key,1237,1,write,84.717,9931.463,305.841,
hot_key,1238,2,write,89.785,15719.121,94.781,
hot_key,1239,0,write,105.145,10987.569,2222.721,
hot_key,1240,1,read,51.806,5537.676,79.261,
hot_key,1241,2,read,77.974,7280.654,662.111,
hot_key,1242,0,read,69.72,4568.302,208.43,
hot_key,1243,1,read,58.759,4513.73,268.562,
hot_key,1244,2,read,78.886,6023.676,203.341,
hot_key,1245,0,read,174.573,16996.457,777.094,
hot_key,1246,1,read,69.829,10093.052,432.977,
hot_key,1247,2,write,149.947,23438.568,148.33,
hot_key,1248,0,write,53.73,20012.464,286.485,
hot_key,1249,1,write,241.326,19310.222,2373.521,
hot_key,1250,2,read,306.458,9252.525,2882.333,
hot_key,1251,0,read,79.017,12898.509,78.179,
hot_key,1252,1,read,91.47,8726.512,97.505,
hot_key,1253,2,read,67.244,11373.022,441.704,
hot_key,1254,0,read,217.383,11225.009,125.938,
hot_key,1255,1,read,307.148,8951.658,1.979,
hot_key,1256,2,read,256.044,7072.028,294.47,
hot_key,1257,0,write,86.16,21849.886,200.827,
hot_key,1258,1,write,128.428,19874.717,97.215,
hot_key,1259,2,write,54.682,16888.829,81.415,
hot_key,1260,0,read,48.179,14970.384,336.098,
hot_key,1261,1,read,67.735,13764.222,274.894,
hot_key,1262,2,read,321.767,25367.331,51.62,
hot_key,1263,0,read,177.167,13439.97,2288.644,
hot_key,1264,1,read,124.901,6349.008,343.451,
hot_key,1265,2,read,69.919,6611.745,416.346,
hot_key,1266,0,read,175.765,7237.964,23.008,
hot_key,1267,1,write,116.465,45840.958,369.319,
hot_key,1268,2,write,193.628,38381.432,5572.656,
hot_key,1269,0,write,64.781,44153.873,2324.349,
hot_key,1270,1,read,183.98,17273.189,6323.877,
hot_key,1271,2,read,126.785,8180.249,1542.382,
hot_key,1272,0,read,70.119,15039.473,820.845,
hot_key,1273,1,read,44.553,9035.243,320.739,
hot_key,1274,2,read,59.299,3693.299,284.362,
hot_key,1275,0,read,135.131,9549.326,98.176,
hot_key,1276,1,read,55.163,10592.818,17.507,
hot_key,1277,2,write,86.03,15708.813,235.821,
hot_key,1278,0,write,82.262,13466.079,147.959,
hot_key,1279,1,write,86.53,8743.743,151.065,
hot_key,1280,2,read,90.196,7414.811,105.952,
hot_key,1281,0,read,68.176,11169.526,313.686,
hot_key,1282,1,read,85.508,8131.049,99.589,
hot_key,1283,2,read,71.572,6438.303,287.087,
hot_key,1284,0,read,61.653,6656.447,209.844,
hot_key,1285,1,read,83.425,7675.475,684.793,
hot_key,1286,2,read,93.263,5152.813,101.423,
hot_key,1287,0,write,120.583,20181.435,179.989,
hot_key,1288,1,write,74.929,19919.471,386.19,
hot_key,1289,2,write,136.463,17918.314,71.257,
hot_key,1290,0,read,57.738,7362.776,96.884,
hot_key,1291,1,read,82.884,9747.684,96.503,
hot_key,1292,2,read,47.728,8569.21,106.713,
hot_key,1293,0,read,144.467,6826.062,228.248,
hot_key,1294,1,read,65.591,7044.426,459.807,
hot_key,1295,2,read,88.594,7561.684,98.337,
hot_key,1296,0,read,68.327,13277.12,231.874,
hot_key,1297,1,write,101.738,15393.709,57.121,
hot_key,1298,2,write,66.924,11846.329,193.032,
hot_key,1299,0,write,94.164,15266.734,194.375,
hot_key,1300,1,read,70.381,7261.479,215.003,
hot_key,1301,2,read,100.677,5680.29,147.247,
hot_key,1302,0,read,189.721,5586.656,97.706,
hot_key,1303,1,read,64.21,6868.21,10.564,
hot_key,1304,2,read,79.258,4965.026,274.182,
hot_key,1305,0,read,83.225,6268.571,117.692,
hot_key,1306,1,read,71.021,6057.308,88.81,
hot_key,1307,2,write,121.054,18762.989,179.447,
hot_key,1308,0,write,120.564,15069.229,132.991,
hot_key,1309,1,write,70.771,12305.721,269.394,
hot_key,1310,2,read,51.014,4991.935,212.93,
hot_key,1311,0,read,107.378,5149.828,127.832,
hot_key,1312,1,read,78.204,9443.989,313.466,
hot_key,1313,2,read,44.202,10088.695,53.333,
hot_key,1314,0,read,47.328,4962.57,260.187,
hot_key,1315,1,read,135.441,8773.197,117.493,
hot_key,1316,2,read,93.082,6958.737,129.836,
hot_key,1317,0,write,129.1,17433.497,28.137,
hot_key,1318,1,write,83.244,16462.759,127.772,
hot_key,1319,2,write,87.953,13566.845,357.858,
hot_key,1320,0,read,94.686,5621.692,136.978,
hot_key,1321,1,read,86.701,5654.493,44.467,
hot_key,1322,2,read,79.467,6281.123,265.206,
hot_key,1323,0,read,85.038,6864.804,125.407,
hot_key,1324,1,read,96.82,4419.886,143.601,
hot_key,1325,2,read,72.294,6497.723,100.081,
hot_key,1326,0,read,56.514,8343.03,410.326,
hot_key,1327,1,write,131.284,13284.803,150.243,
hot_key,1328,2,write,81.571,14613.624,143.902,
hot_key,1329,0,write,195.943,13356.095,208.361,
hot_key,1330,1,read,82.964,4480.838,119.536,
hot_key,1331,2,read,69.007,8369.019,194.015,
hot_key,1332,0,read,49.893,11126.507,106.502,
hot_key,1333,1,read,62.375,35002.434,1875.639,
hot_key,1334,2,read,809.229,29343.373,4952.718,
hot_key,1335,0,read,82.272,9948.895,15916.192,
hot_key,1336,1,read,14.317,8947.361,6003.062,
hot_key,1337,2,write,119.02,40640.135,117.673,
hot_key,1338,0,write,74.158,40056.926,237.665,
hot_key,1339,1,write,71.823,39702.49,55.377,
hot_key,1340,2,read,94.035,15673.448,535.476,
hot_key,1341,0,read,246.997,13868.664,703.949,
hot_key,1342,1,read,65.711,10182.488,326.51,
hot_key,1343,2,read,139.247,8433.598,98.488,
hot_key,1344,0,read,74.598,6449.605,227.987,
hot_key,1345,1,read,60.953,5496.68,86.064,
hot_key,1346,2,read,67.526,7884.423,623.048,
hot_key,1347,0,write,189.561,24485.227,269.424,
hot_key,1348,1,write,722.778,22047.962,470.086,
hot_key,1349,2,write,101.869,17484.292,344.402,
hot_key,1350,0,read,41.026,5346.542,109.357,
hot_key,1351,1,read,1669.522,18259.677,323.554,
hot_key,1352,2,read,53.108,11126.135,684.573,
hot_key,1353,0,read,105.817,3630.223,86.535,
hot_key,1354,1,read,89.676,5139.919,101.453,
hot_key,1355,2,read,87.372,9436.546,225.994,
hot_key,1356,0,read,52.597,8446.823,56.069,
hot_key,1357,1,write,137.173,11641.259,1110.472,
hot_key,1358,2,write,66.243,12881.536,85.323,
hot_key,1359,0,write,67.665,18164.06,123.654,
hot_key,1360,1,read,265.12,8633.007,196.68,
hot_key,1361,2,read,71.973,4927.866,71.618,
hot_key,1362,0,read,92.28,7543.621,95.622,
hot_key,1363,1,read,59.41,4473.485,99.7,
hot_key,1364,2,read,83.175,4322.456,100.881,
hot_key,1365,0,read,87.091,5324.782,95.582,
hot_key,1366,1,read,72.044,4882.472,53.474,
hot_key,1367,2,write,96.87,10072.194,136.678,
hot_key,1368,0,write,50.533,10839.635,87.958,
hot_key,1369,1,write,110.475,15711.708,146.055,
hot_key,1370,2,read,72.425,7186.831,124.936,
hot_key,1371,0,read,92.732,8644.941,107.093,
hot_key,1372,1,read,89.786,6362.493,121.5,
hot_key,1373,2,read,59.279,10494.876,78.08,
hot_key,1374,0,read,75.29,6219.6,104.047,
hot_key,1375,1,read,71.332,6085.37,234.169,
hot_key,1376,2,read,60.221,4422.331,670.737,
hot_key,1377,0,write,101.006,15211.2,146.046,
hot_key,1378,1,write,61.885,18120.119,271.488,
hot_key,1379,2,write,64.99,13717.334,277.62,
hot_key,1380,0,read,62.536,6409.991,88.529,
hot_key,1381,1,read,59.19,7367.936,63.001,
hot_key,1382,2,read,67.025,9150.137,88.689,
hot_key,1383,0,read,76.361,8199.165,717.464,
hot_key,1384,1,read,77.825,6674.512,23.989,
hot_key,1385,2,read,82.854,4039.722,107.123,
hot_key,1386,0,read,105.054,5844.323,101.694,
hot_key,1387,1,write,99.464,17902.044,96.975,
hot_key,1388,2,write,84.166,13803.254,200.456,
hot_key,1389,0,write,90.949,20984.063,377.033,
hot_key,1390,1,read,61.354,7780.019,97.525,
hot_key,1391,2,read,92.371,7489.179,93.038,
hot_key,1392,0,read,75.26,6488.527,488.249,
hot_key,1393,1,read,69.369,9481.77,73.892,
hot_key,1394,2,read,65.792,6524.022,467.551,
hot_key,1395,0,read,112.909,8760.204,117.172,
hot_key,1396,1,read,88.243,7856.06,130.487,
hot_key,1397,2,write,81.28,17514.486,929.868,
hot_key,1398,0,write,272.395,16817.727,664.205,
hot_key,1399,1,write,84.156,20561.399,277.299,
hot_key,1400,2,read,76.131,6616.594,155.152,
hot_key,1401,0,read,51.155,6381.429,84.381,
hot_key,1402,1,read,82.944,6711.35,136.728,
hot_key,1403,2,read,69.589,7632.306,177.704,
hot_key,1404,0,read,81.23,6766.751,193.504,
hot_key,1405,1,read,78.606,9687.011,90.112,
hot_key,1406,2,read,39.414,6206.064,79.702,
hot_key,1407,0,write,289.275,22363.015,256.12,
hot_key,1408,1,write,103.332,21255.116,280.965,
hot_key,1409,2,write,91.84,16480.112,92.366,
hot_key,1410,0,read,125.623,4604.778,358.84,
hot_key,1411,1,read,238.413,8454.699,127.741,
hot_key,1412,2,read,51.274,4884.816,515.07,
hot_key,1413,0,read,77.443,4081.028,150.394,
hot_key,1414,1,read,113.671,8104.008,128.363,
hot_key,1415,2,read,122.919,6544.641,106.071,
hot_key,1416,0,read,89.796,7434.299,98.618,
hot_key,1417,1,write,71.443,13436.545,334.905,
hot_key,1418,2,write,80.489,15802.275,327.242,
hot_key,1419,0,write,421.851,8643.959,60.537,
hot_key,1420,1,read,85.999,6626.633,123.694,
hot_key,1421,2,read,75.23,4429.203,132.641,
hot_key,1422,0,read,232.962,6281.965,112.062,
hot_key,1423,1,read,73.025,8767.628,559.111,
hot_key,1424,2,read,106.388,5609.449,194.004,
hot_key,1425,0,read,58.338,7732.56,171.082,
hot_key,1426,1,read,51.745,12252.432,209.283,
hot_key,1427,2,write,86.601,13725.24,206.457,
hot_key,1428,0,write,87.442,14149.254,1653.698,
hot_key,1429,1,write,288.845,13383.867,722.163,
hot_key,1430,2,read,104.713,5697.983,105.942,
hot_key,1431,0,read,116.585,5693.254,244.168,
hot_key,1432,1,read,77.303,7560.862,284.683,
hot_key,1433,2,read,171.668,7776.892,18.56,
hot_key,1434,0,read,95.267,6956.995,113.485,
hot_key,1435,1,read,60.992,9235.103,380.13,
hot_key,1436,2,read,69.219,5601.845,110.369,
hot_key,1437,0,write,324.582,47440.701,206.838,
hot_key,1438,1,write,155.217,27486.936,445.32,
hot_key,1439,2,write,117.658,35513.371,640.231,
hot_key,1440,0,read,96.299,11435.819,144.823,
hot_key,1441,1,read,54.662,9833.341,89.451,
hot_key,1442,2,read,81.742,6210.952,699.571,
hot_key,1443,0,read,74.529,5623.315,109.628,
hot_key,1444,1,read,82.953,4420.937,128.213,
hot_key,1445,2,read,85.799,6693.357,138.401,
hot_key,1446,0,read,102.028,11892.595,99.029,
hot_key,1447,1,write,76.231,24100.694,230.122,
hot_key,1448,2,write,76.662,20673.358,300.061,
hot_key,1449,0,write,104.725,18273.904,115.869,
hot_key,1450,1,read,69.879,9738.286,152.247,
hot_key,1451,2,read,53.538,5718.75,198.484,
hot_key,1452,0,read,84.747,6100.549,427.256,
hot_key,1453,1,read,63.867,5536.713,180.841,
hot_key,1454,2,read,128.068,6188.552,100.421,
hot_key,1455,0,read,97.09,10290.367,120.068,
hot_key,1456,1,read,104.112,9572.648,230.002,
hot_key,1457,2,write,83.655,12973.107,354.231,
hot_key,1458,0,write,209.928,14402.934,1417.721,
hot_key,1459,1,write,105.024,11006.634,108.286,
hot_key,1460,2,read,49.993,4299.553,232.776,
hot_key,1461,0,read,61.394,9611.912,286.736,
hot_key,1462,1,read,403.468,7922.934,527.412,
hot_key,1463,2,read,46.426,5499.585,86.005,
hot_key,1464,0,read,80.529,6139.821,309.378,
hot_key,1465,1,read,81.581,5641.148,278.721,
hot_key,1466,2,read,59.531,7289.21,88.499,
hot_key,1467,0,write,122.808,20293.513,816.237,
hot_key,1468,1,write,1158.687,16407.648,364.249,
hot_key,1469,2,write,313.471,9950.328,912.185,
hot_key,1470,0,read,94.464,5370.536,104.279,
hot_key,1471,1,read,80.219,3575.502,146.286,
hot_key,1472,2,read,91.059,7261.157,844.309,
hot_key,1473,0,read,116.997,6889.59,75.305,
hot_key,1474,1,read,56.425,4076.159,67.5,
hot_key,1475,2,read,68.658,6506.631,27.396,
hot_key,1476,0,read,57.756,7070.795,40.912,
hot_key,1477,1,write,82.482,13801.45,342.891,
hot_key,1478,2,write,95.687,13221.747,99.47,
hot_key,1479,0,write,106.628,11163.114,944.054,
hot_key,1480,1,read,84.838,4017.661,97.125,
hot_key,1481,2,read,86.871,7551.305,149.352,
hot_key,1482,0,read,88.103,5311.347,98.749,
hot_key,1483,1,read,49.903,3862.654,89.531,
hot_key,1484,2,read,57.908,6333.981,191.099,
hot_key,1485,0,read,70.871,6296.17,184.177,
hot_key,1486,1,read,81.992,10283.485,105.671,
hot_key,1487,2,write,85.198,12698.188,204.193,
hot_key,1488,0,write,76.081,12170.27,208.071,
hot_key,1489,1,write,87.312,9324.619,256.38,
hot_key,1490,2,read,37.96,3536.82,86.836,
hot_key,1491,0,read,99.184,7529.616,142.689,
hot_key,1492,1,read,63.949,6396.586,128.243,
hot_key,1493,2,read,100.195,8043.236,10.896,
hot_key,1494,0,read,89.866,5868.227,142.48,
hot_key,1495,1,read,83.305,6161.402,113.175,
hot_key,1496,2,read,85.678,8248.756,96.435,
hot_key,1497,0,write,93.063,13308.027,293.238,
hot_key,1498,1,write,93.774,15057.457,233.558,
hot_key,1499,2,write,264.85,10509.604,122.673,
hot_key,1500,0,read,39.132,3783.687,3279.56,
hot_key,1501,1,read,62.455,7379.116,601.65,
hot_key,1502,2,read,72.885,10405.632,133.903,
hot_key,1503,0,read,90.718,6266.425,123.164,
hot_key,1504,1,read,119.121,5435.176,122.633,
hot_key,1505,2,read,92.531,5632.842,122.523,
hot_key,1506,0,read,58.77,4707.84,76.667,
hot_key,1507,1,write,135.582,14414.256,141.918,
hot_key,1508,2,write,215.889,12088.598,147.008,
hot_key,1509,0,write,70.871,11373.874,238.608,
hot_key,1510,1,read,105.064,4024.783,124.547,
hot_key,1511,2,read,83.866,5102.12,96.965,
hot_key,1512,0,read,83.345,9121.533,112.043,
hot_key,1513,1,read,80.088,4254.76,504.36,
hot_key,1514,2,read,82.994,4488.202,154.151,
hot_key,1515,0,read,62.526,4876.04,85.755,
hot_key,1516,1,read,66.112,4411.039,307.285,
hot_key,1517,2,write,116.726,16817.917,270.156,
hot_key,1518,0,write,75.36,14781.897,252.623,
hot_key,1519,1,write,94.084,25229.525,126.45,
hot_key,1520,2,read,129.07,11384.495,110.73,
hot_key,1521,0,read,59.89,13520.479,318.656,
hot_key,1522,1,read,63.126,8302.015,2855.244,
hot_key,1523,2,read,58.037,7339.913,320.349,
hot_key,1524,0,read,65.13,8421.857,287.609,
hot_key,1525,1,read,48.771,5337.135,214.192,
hot_key,1526,2,read,66.283,21212.376,437.135,
hot_key,1527,0,write,98.663,38763.339,419.904,
hot_key,1528,1,write,103.612,44046.034,599.977,
hot_key,1529,2,write,2176.01,45154.666,2519.522,
hot_key,1530,0,read,44.462,9533.716,1601.402,
hot_key,1531,1,read,39.443,25790.153,386.342,
hot_key,1532,2,read,74.167,24957.02,3124.593,
hot_key,1533,0,read,51.465,17957.598,845.251,
hot_key,1534,1,read,58.248,14700.385,3614.46,
hot_key,1535,2,read,55.643,14981.806,611.799,
hot_key,1536,0,read,143.686,8480.075,377.064,
hot_key,1537,1,write,126.985,54704.964,440.561,
hot_key,1538,2,write,74.568,48327.812,7896.19,
hot_key,1539,0,write,78.185,38286.466,2385.233,
hot_key,1540,1,read,300.536,23044.578,1751.039,
hot_key,1541,2,read,57.948,12000.235,3637.632,
hot_key,1542,0,read,35.556,7490.022,1.779,
hot_key,1543,1,read,61.684,7157.815,327.172,
hot_key,1544,2,read,53.308,6358.256,89.131,
hot_key,1545,0,read,58.087,8486.656,91.726,
hot_key,1546,1,read,53.5,6165.548,197.842,
hot_key,1547,2,write,122.918,18748.433,321.781,
hot_key,1548,0,write,124.57,19569.193,1937.123,
hot_key,1549,1,write,87.172,22796.159,153.69,
hot_key,1550,2,read,48.339,6786.288,92.377,
hot_key,1551,0,read,59.14,5847.199,154.762,
hot_key,1552,1,read,53.83,13599.256,95.443,
hot_key,1553,2,read,75.7,13233.408,123.725,
hot_key,1554,0,read,53.679,6205.692,90.554,
hot_key,1555,1,read,82.993,10805.822,23.069,
hot_key,1556,2,read,395.272,11429.358,184.427,
hot_key,1557,0,write,121.876,20954.528,682.239,
hot_key,1558,1,write,71.713,19123.827,372.806,
hot_key,1559,2,write,304.625,21903.406,199.274,
hot_key,1560,0,read,52.838,8145.135,419.953,
hot_key,1561,1,read,54.34,11107.972,95.974,
hot_key,1562,2,read,91.51,10666.645,123.594,
hot_key,1563,0,read,722.098,9565.886,93.288,
hot_key,1564,1,read,46.206,5027.03,99.4,
hot_key,1565,2,read,55.513,7132.339,91.385,
hot_key,1566,0,read,361.029,7614.322,145.926,
hot_key,1567,1,write,99.023,17147.917,279.203,
hot_key,1568,2,write,86.18,16226.301,332.251,
hot_key,1569,0,write,88.544,15444.955,119.447,
hot_key,1570,1,read,60.232,10752.754,275.716,
hot_key,1571,2,read,97.25,4993.949,135.797,
hot_key,1572,0,read,63.057,4354.004,220.274,
hot_key,1573,1,read,97.82,7773.186,93.87,
hot_key,1574,2,read,86.46,9485.698,132.311,
hot_key,1575,0,read,150.889,11520.686,204.936,
hot_key,1576,1,read,68.817,8927.364,431.565,
hot_key,1577,2,write,125.642,12661.419,636.184,
hot_key,1578,0,write,86.38,13283.381,87.568,
hot_key,1579,1,write,79.096,20130.151,355.645,
hot_key,1580,2,read,108.301,10065.411,435.522,
hot_key,1581,0,read,125.302,14844.562,84.382,
hot_key,1582,1,read,75.951,8794.197,310.771,
hot_key,1583,2,read,95.587,11159.668,142.099,
hot_key,1584,0,read,69.719,7741.357,271.058,
hot_key,1585,1,read,76.853,9190.801,263.103,
hot_key,1586,2,read,59.07,7658.093,87.928,
hot_key,1587,0,write,110.024,21166.12,296.515,
hot_key,1588,1,write,211.241,22397.27,298.569,
hot_key,1589,2,write,477.395,17398.052,149.292,
hot_key,1590,0,read,68.797,7070.384,372.576,
hot_key,1591,1,read,87.131,9855.993,103.097,
hot_key,1592,2,read,50.223,5426.71,78.341,
hot_key,1593,0,read,180.404,8127.402,5.015,
hot_key,1594,1,read,87.05,5269.919,128.414,
hot_key,1595,2,read,100.297,32644.007,340.466,
hot_key,1596,0,read,61.734,23379.619,794.307,
hot_key,1597,1,write,89.696,36516.499,1203.244,
hot_key,1598,2,write,71.783,36123.722,564.932,
hot_key,1599,0,write,86.0,32423.779,98.127,
hot_key,1600,1,read,52.987,9469.497,100.833,
hot_key,1601,2,read,40.575,10898.043,16.146,
hot_key,1602,0,read,48.519,7195.085,93.239,
hot_key,1603,1,read,75.981,8431.606,127.071,
hot_key,1604,2,read,78.405,10074.557,328.625,
hot_key,1605,0,read,54.842,15667.376,403.863,
hot_key,1606,1,read,272.124,5641.969,756.657,
hot_key,1607,2,write,96.118,30854.583,148.11,
hot_key,1608,0,write,107.038,25864.671,5003.823,
hot_key,1609,1,write,82.082,14444.35,1642.288,
hot_key,1610,2,read,58.83,7145.193,9.433,
hot_key,1611,0,read,55.712,4958.392,78.001,
hot_key,1612,1,read,125.182,4373.561,238.878,
hot_key,1613,2,read,65.242,8874.287,77.348,
hot_key,1614,0,read,40.515,4272.742,88.811,
hot_key,1615,1,read,59.701,5360.889,307.325,
hot_key,1616,2,read,316.717,8179.269,182.914,
hot_key,1617,0,write,61.936,14065.39,414.072,
hot_key,1618,1,write,56.094,16350.572,1278.203,
hot_key,1619,2,write,596.214,19484.946,252.263,
hot_key,1620,0,read,82.483,6682.958,2574.373,
hot_key,1621,1,read,67.796,5136.963,198.083,
hot_key,1622,2,read,74.297,9041.214,146.728,
hot_key,1623,0,read,135.711,8828.611,184.267,
hot_key,1624,1,read,85.468,6332.547,91.516,
hot_key,1625,2,read,119.863,11848.895,90.072,
hot_key,1626,0,read,194.03,8572.315,117.574,
hot_key,1627,1,write,124.761,18727.904,137.911,
hot_key,1628,2,write,109.873,24103.569,119.708,
hot_key,1629,0,write,362.831,21991.387,69.245,
hot_key,1630,1,read,52.586,8695.503,759.864,
hot_key,1631,2,read,172.179,12708.336,572.225,
hot_key,1632,0,read,318.491,5411.543,800.658,
hot_key,1633,1,read,72.654,5394.73,1400.48,
hot_key,1634,2,read,127.386,13877.282,456.601,
hot_key,1635,0,read,157.481,19039.331,347.71,
hot_key,1636,1,read,1169.125,10283.846,77.589,
hot_key,1637,2,write,58.659,16378.984,429.742,
hot_key,1638,0,write,66.493,11196.035,1001.661,
hot_key,1639,1,write,341.703,10129.501,250.76,
hot_key,1640,2,read,326.454,5402.695,74.274,
hot_key,1641,0,read,330.562,10685.029,725.65,
hot_key,1642,1,read,136.293,4266.813,133.743,
hot_key,1643,2,read,76.633,6337.087,346.066,
hot_key,1644,0,read,88.905,5369.824,93.98,
hot_key,1645,1,read,79.727,4382.256,99.44,
hot_key,1646,2,read,90.037,5446.547,119.467,
hot_key,1647,0,write,145.149,16634.778,436.414,
hot_key,1648,1,write,632.402,13160.984,770.553,
hot_key,1649,2,write,100.717,12420.823,174.479,
hot_key,1650,0,read,89.095,4226.738,138.562,
hot_key,1651,1,read,107.9,3898.18,112.414,
hot_key,1652,2,read,91.639,5907.851,96.094,
hot_key,1653,0,read,51.644,4879.166,265.849,
hot_key,1654,1,read,78.716,6999.123,100.542,
hot_key,1655,2,read,90.808,5782.238,91.035,
hot_key,1656,0,read,65.282,4101.647,86.786,
hot_key,1657,1,write,100.656,19433.27,120.91,
hot_key,1658,2,write,100.096,15722.779,376.353,
hot_key,1659,0,write,100.787,12655.879,115.139,
hot_key,1660,1,read,48.44,5870.541,218.922,
hot_key,1661,2,read,82.984,6732.31,121.951,
hot_key,1662,0,read,71.473,4391.213,108.316,
hot_key,1663,1,read,65.18,3920.159,113.006,
hot_key,1664,2,read,54.611,5909.224,84.232,
hot_key,1665,0,read,63.327,5901.991,211.277,
hot_key,1666,1,read,156.53,7269.303,121.952,
hot_key,1667,2,write,103.561,17340.745,98.91,
hot_key,1668,0,write,97.161,14202.664,86.676,
hot_key,1669,1,write,186.065,15625.789,311.763,
hot_key,1670,2,read,59.18,3034.66,88.901,
hot_key,1671,0,read,90.246,3684.633,88.02,
hot_key,1672,1,read,78.826,4187.775,101.074,
hot_key,1673,2,read,71.321,6425.3,257.493,
hot_key,1674,0,read,67.666,5501.99,103.467,
hot_key,1675,1,read,63.868,4363.851,363.61,
hot_key,1676,2,read,78.415,3607.581,106.714,
hot_key,1677,0,write,79.637,9913.25,1332.634,
hot_key,1678,1,write,226.029,13753.641,99.841,
hot_key,1679,2,write,72.173,10797.436,75.626,
hot_key,1680,0,read,53.239,4338.095,81.346,
hot_key,1681,1,read,61.464,6653.102,230.683,
hot_key,1682,2,read,107.9,4523.518,83.04,
hot_key,1683,0,read,118.1,5126.666,169.98,
hot_key,1684,1,read,85.9,9242.958,115.359,
hot_key,1685,2,read,73.317,9150.868,240.16,
hot_key,1686,0,read,119.291,32311.07,584.829,
hot_key,1687,1,write,95.326,54891.098,261.621,
hot_key,1688,2,write,232.239,29458.737,3228.766,
hot_key,1689,0,write,398.518,52666.108,799.166,
hot_key,1690,1,read,45.906,29014.865,201.93,
hot_key,1691,2,read,69.348,29481.058,1866.624,
hot_key,1692,0,read,111.816,25943.677,352.77,
hot_key,1693,1,read,146.15,13240.942,5134.315,
hot_key,1694,2,read,41.267,10320.103,210.305,
hot_key,1695,0,read,151.18,7246.38,71.398,
hot_key,1696,1,read,62.025,7139.383,566.104,
hot_key,1697,2,write,113.81,16734.632,112.044,
hot_key,1698,0,write,64.93,16345.982,88.901,
hot_key,1699,1,write,96.818,17955.843,308.468,
hot_key,1700,2,read,48.149,7090.832,694.222,
hot_key,1701,0,read,70.921,9525.681,107.315,
hot_key,1702,1,read,72.103,6801.526,107.916,
hot_key,1703,2,read,59.18,6066.295,72.861,
hot_key,1704,0,read,86.44,8337.881,116.592,
hot_key,1705,1,read,78.195,5734.912,110.871,
hot_key,1706,2,read,217.443,31244.916,89.151,
hot_key,1707,0,write,77.163,21675.072,386.101,
hot_key,1708,1,write,66.974,18886.327,1448.94,
hot_key,1709,2,write,87.743,22753.45,554.603,
hot_key,1710,0,read,89.416,7095.03,85.284,
hot_key,1711,1,read,49.773,9101.897,83.881,
hot_key,1712,2,read,63.378,30981.338,472.631,
hot_key,1713,0,read,72.023,33679.695,2575.867,
hot_key,1714,1,read,341.763,20670.021,2334.6,
hot_key,1715,2,read,61.403,18258.354,139.315,
hot_key,1716,0,read,222.773,13982.235,1227.69,
hot_key,1717,1,write,75.059,19822.972,411.609,
hot_key,1718,2,write,63.277,22148.569,756.347,
hot_key,1719,0,write,87.062,25885.3,326.571,
hot_key,1720,1,read,57.487,11244.986,228.019,
hot_key,1721,2,read,66.473,9691.288,1146.841,
hot_key,1722,0,read,292.281,7415.744,126.932,
hot_key,1723,1,read,90.597,18134.666,116.472,
hot_key,1724,2,read,54.731,9345.187,394.668,
hot_key,1725,0,read,53.358,7741.477,202.272,
hot_key,1726,1,read,80.649,7277.418,105.572,
hot_key,1727,2,write,97.321,19330.299,108.127,
hot_key,1728,0,write,90.938,17129.834,454.679,
hot_key,1729,1,write,82.593,16373.904,354.744,
hot_key,1730,2,read,76.682,7391.46,98.589,
hot_key,1731,0,read,58.389,6148.307,195.288,
hot_key,1732,1,read,447.368,7184.315,111.904,
hot_key,1733,2,read,49.071,5466.614,207.181,
hot_key,1734,0,read,83.595,6518.944,145.646,
hot_key,1735,1,read,94.215,9692.151,107.906,
hot_key,1736,2,read,64.2,6170.818,113.256,
hot_key,1737,0,write,100.196,15648.101,88.751,
hot_key,1738,1,write,89.606,12430.922,285.856,
hot_key,1739,2,write,109.905,11302.293,176.453,
hot_key,1740,0,read,50.624,6230.388,418.552,
hot_key,1741,1,read,75.319,5163.873,352.029,
hot_key,1742,2,read,65.06,5987.248,415.376,
hot_key,1743,0,read,254.261,8309.719,139.125,
hot_key,1744,1,read,50.093,8417.419,192.103,
hot_key,1745,2,read,54.612,6266.276,178.286,
hot_key,1746,0,read,60.251,4371.196,94.341,
hot_key,1747,1,write,101.929,20772.972,137.471,
hot_key,1748,2,write,64.729,15847.078,595.57,
hot_key,1749,0,write,205.56,14565.696,88.821,
hot_key,1750,1,read,156.189,8319.679,110.421,
hot_key,1751,2,read,194.349,7237.494,66.26,
hot_key,1752,0,read,68.959,7462.341,385.129,
hot_key,1753,1,read,80.84,6148.547,129.767,
hot_key,1754,2,read,93.153,10835.648,558.05,
hot_key,1755,0,read,92.412,5909.955,210.366,
hot_key,1756,1,read,86.871,6493.986,152.219,
hot_key,1757,2,write,330.612,23093.75,92.658,
hot_key,1758,0,write,167.801,18569.822,255.62,
hot_key,1759,1,write,95.768,20944.339,99.17,
hot_key,1760,2,read,40.254,7777.413,96.937,
hot_key,1761,0,read,90.518,18246.023,88.57,
hot_key,1762,1,read,96.107,12292.765,181.764,
hot_key,1763,2,read,52.557,7445.018,48.086,
hot_key,1764,0,read,73.306,7229.469,102.977,
hot_key,1765,1,read,57.337,7965.793,500.213,
hot_key,1766,2,read,64.409,6193.089,503.72,
hot_key,1767,0,write,112.559,14198.506,108.798,
hot_key,1768,1,write,183.039,8307.366,454.578,
hot_key,1769,2,write,93.554,16541.766,201.67,
hot_key,1770,0,read,357.131,3413.201,825.616,
hot_key,1771,1,read,69.029,7361.705,84.322,
hot_key,1772,2,read,77.675,7994.427,105.321,
hot_key,1773,0,read,68.647,6858.902,246.363,
hot_key,1774,1,read,84.927,4631.107,97.407,
hot_key,1775,2,read,97.682,6040.979,133.163,
hot_key,1776,0,read,870.572,7446.872,567.788,
hot_key,1777,1,write,195.152,11479.19,196.871,
hot_key,1778,2,write,480.19,10475.11,472.672,
hot_key,1779,0,write,895.729,6573.855,1209.837,
hot_key,1780,1,read,53.639,4351.879,24.893,
hot_key,1781,2,read,81.631,6566.561,106.354,
hot_key,1782,0,read,296.138,12974.038,126.852,
hot_key,1783,1,read,134.56,10067.525,108.708,
hot_key,1784,2,read,43.471,4939.839,110.631,
hot_key,1785,0,read,63.637,5011.891,404.326,
hot_key,1786,1,read,58.939,8604.676,735.629,
hot_key,1787,2,write,246.275,17483.159,461.111,
hot_key,1788,0,write,80.178,16808.819,117.154,
hot_key,1789,1,write,80.479,13569.561,383.517,
hot_key,1790,2,read,149.457,4733.116,130.789,
hot_key,1791,0,read,371.688,4840.965,84.083,
hot_key,1792,1,read,78.786,7546.707,384.709,
hot_key,1793,2,read,146.692,5123.96,118.506,
hot_key,1794,0,read,67.925,6681.694,271.27,
hot_key,1795,1,read,69.558,6941.465,346.148,
hot_key,1796,2,read,64.659,6609.269,102.157,
hot_key,1797,0,write,93.573,19199.748,296.536,
hot_key,1798,1,write,70.992,18403.323,267.051,
hot_key,1799,2,write,143.265,15418.826,105.011,
hot_key,1800,0,read,42.418,7825.022,78.733,
hot_key,1801,1,read,84.095,14966.427,1149.256,
hot_key,1802,2,read,75.93,7708.085,347.681,
hot_key,1803,0,read,203.717,9082.861,95.274,
hot_key,1804,1,read,84.546,10365.356,112.496,
hot_key,1805,2,read,314.543,14708.361,110.491,
hot_key,1806,0,read,187.728,7270.095,796.632,
hot_key,1807,1,write,85.098,10153.003,204.646,
hot_key,1808,2,write,50.544,23683.491,83.722,
hot_key,1809,0,write,92.131,34026.877,105.352,
hot_key,1810,1,read,47.368,11437.001,617.671,
hot_key,1811,2,read,164.675,14661.082,839.712,
hot_key,1812,0,read,74.959,10699.776,151.287,
hot_key,1813,1,read,51.606,4697.2,1083.884,
hot_key,1814,2,read,65.653,6603.911,261.19,
hot_key,1815,0,read,89.065,8808.282,86.848,
hot_key,1816,1,read,281.692,13122.773,374.31,
hot_key,1817,2,write,99.435,36595.505,606.58,
hot_key,1818,0,write,98.822,35018.814,5151.408,
hot_key,1819,1,write,62.806,19028.892,4022.847,
hot_key,1820,2,read,70.22,7596.108,939.607,
hot_key,1821,0,read,52.818,7631.464,461.992,
hot_key,1822,1,read,47.257,6217.525,85.445,
hot_key,1823,2,read,95.938,5039.382,92.138,
hot_key,1824,0,read,82.473,8265.288,104.941,
hot_key,1825,1,read,56.223,7853.805,258.456,
hot_key,1826,2,read,54.029,5214.868,492.209,
hot_key,1827,0,write,100.798,15018.134,361.666,
hot_key,1828,1,write,84.868,10630.908,103.288,
hot_key,1829,2,write,101.397,20693.644,109.199,
hot_key,1830,0,read,88.184,8469.185,120.66,
hot_key,1831,1,read,49.061,10589.12,32.197,
hot_key,1832,2,read,57.116,5333.729,181.342,
hot_key,1833,0,read,370.636,6640.168,79.574,
hot_key,1834,1,read,95.708,6243.303,102.817,
hot_key,1835,2,read,80.609,14309.682,198.474,
hot_key,1836,0,read,124.58,9935.63,74.275,
hot_key,1837,1,write,79.347,16729.974,187.023,
hot_key,1838,2,write,396.374,18290.183,99.391,
hot_key,1839,0,write,89.996,17834.279,106.865,
hot_key,1840,1,read,45.444,9956.119,45.541,
hot_key,1841,2,read,68.767,5914.644,361.977,
hot_key,1842,0,read,72.374,9906.847,513.588,
hot_key,1843,1,read,69.119,6492.865,377.195,
hot_key,1844,2,read,44.282,6238.334,88.06,
hot_key,1845,0,read,101.028,8117.413,808.424,
hot_key,1846,1,read,64.931,7798.724,557.619,
hot_key,1847,2,write,82.663,26187.068,405.608,
hot_key,1848,0,write,230.748,22727.453,505.963,
hot_key,1849,1,write,334.279,21248.672,26.696,
hot_key,1850,2,read,565.627,9117.065,25.374,
hot_key,1851,0,read,56.194,4463.005,59.006,
hot_key,1852,1,read,61.223,4824.655,148.542,
hot_key,1853,2,read,74.218,7276.827,237.827,
hot_key,1854,0,read,92.662,5573.372,273.583,
hot_key,1855,1,read,82.703,4836.347,177.886,
hot_key,1856,2,read,74.569,6537.689,223.52,
hot_key,1857,0,write,109.833,16933.46,280.246,
hot_key,1858,1,write,77.785,13219.373,221.336,
hot_key,1859,2,write,72.414,18600.879,203.083,
hot_key,1860,0,read,102.509,7331.839,109.059,
hot_key,1861,1,read,188.941,5755.009,108.417,
hot_key,1862,2,read,76.211,4849.892,209.675,
hot_key,1863,0,read,85.238,5521.096,109.429,
hot_key,1864,1,read,451.135,5953.856,483.904,
hot_key,1865,2,read,62.957,5145.179,189.678,
hot_key,1866,0,read,90.277,6103.545,107.205,
hot_key,1867,1,write,102.629,17182.462,225.144,
hot_key,1868,2,write,82.062,14616.991,630.775,
hot_key,1869,0,write,105.396,16367.442,84.804,
hot_key,1870,1,read,73.125,9886.199,142.631,
hot_key,1871,2,read,98.092,4662.625,120.049,
hot_key,1872,0,read,66.854,5445.636,215.005,
hot_key,1873,1,read,61.274,4771.628,81.027,
hot_key,1874,2,read,56.315,5354.257,301.595,
hot_key,1875,0,read,88.484,7431.374,97.116,
hot_key,1876,1,read,51.916,8421.978,93.851,
hot_key,1877,2,write,137.004,15907.26,108.658,
hot_key,1878,0,write,314.181,15686.872,219.474,
hot_key,1879,1,write,83.715,12118.423,331.592,
hot_key,1880,2,read,77.313,6226.57,349.545,
hot_key,1881,0,read,106.927,6583.131,266.471,
hot_key,1882,1,read,64.48,4290.847,177.425,
hot_key,1883,2,read,46.395,7352.657,490.065,
hot_key,1884,0,read,103.743,14067.243,824.594,
hot_key,1885,1,read,86.21,7971.905,89.673,
hot_key,1886,2,read,111.175,7870.386,315.081,
hot_key,1887,0,write,520.845,16559.788,110.622,
hot_key,1888,1,write,84.908,15425.83,799.397,
hot_key,1889,2,write,460.974,12395.287,561.366,
hot_key,1890,0,read,49.601,5203.116,225.966,
hot_key,1891,1,read,129.42,4324.91,272.201,
hot_key,1892,2,read,52.708,8290.394,59.697,
hot_key,1893,0,read,99.865,5347.383,131.17,
hot_key,1894,1,read,78.536,7526.289,91.296,
hot_key,1895,2,read,85.338,7636.503,114.549,
hot_key,1896,0,read,81.381,6298.947,304.25,
hot_key,1897,1,write,117.729,11825.451,101.895,
hot_key,1898,2,write,73.317,7878.02,209.084,
hot_key,1899,0,write,71.743,11439.366,291.617,
hot_key,1900,1,read,50.133,2783.916,96.606,
hot_key,1901,2,read,108.903,6217.145,208.883,
hot_key,1902,0,read,70.019,6102.752,95.294,
hot_key,1903,1,read,87.142,5753.405,104.811,
hot_key,1904,2,read,95.908,3708.318,116.713,
hot_key,1905,0,read,81.892,6300.478,130.749,
hot_key,1906,1,read,80.509,4573.38,108.087,
hot_key,1907,2,write,143.364,13186.31,138.304,
hot_key,1908,0,write,285.569,8885.426,611.389,
hot_key,1909,1,write,79.678,13034.36,39.991,
hot_key,1910,2,read,65.982,7492.536,567.909,
hot_key,1911,0,read,71.082,5484.127,106.594,
hot_key,1912,1,read,58.899,6662.679,76.719,
hot_key,1913,2,read,84.507,3588.606,103.649,
hot_key,1914,0,read,66.554,5395.253,70.457,
hot_key,1915,1,read,68.167,8200.067,167.166,
hot_key,1916,2,read,66.433,6181.629,182.435,
hot_key,1917,0,write,153.243,14411.419,57.063,
hot_key,1918,1,write,221.1,12964.711,57.393,
hot_key,1919,2,write,88.634,14522.887,223.902,
hot_key,1920,0,read,65.601,5854.543,683.563,
hot_key,1921,1,read,83.876,10265.902,189.869,
hot_key,1922,2,read,176.457,5851.688,416.648,
hot_key,1923,0,read,64.288,6662.459,79.064,
hot_key,1924,1,read,69.298,6498.044,309.37,
hot_key,1925,2,read,85.208,4848.7,98.499,
hot_key,1926,0,read,78.826,6707.772,137.993,
hot_key,1927,1,write,110.013,14703.55,102.367,
hot_key,1928,2,write,74.608,10526.365,63.945,
hot_key,1929,0,write,228.704,14651.605,90.034,
hot_key,1930,1,read,77.856,5789.513,130.027,
hot_key,1931,2,read,99.403,5337.354,137.392,
hot_key,1932,0,read,84.667,5631.729,100.724,
hot_key,1933,1,read,166.218,6767.263,99.572,
hot_key,1934,2,read,107.288,4584.11,107.176,
hot_key,1935,0,read,87.482,8644.55,130.198,
hot_key,1936,1,read,80.229,6193.932,95.624,
hot_key,1937,2,write,142.875,8595.699,97.628,
hot_key,1938,0,write,113.32,12226.233,128.355,
hot_key,1939,1,write,65.812,9187.576,510.432,
hot_key,1940,2,read,70.51,4178.73,115.03,
hot_key,1941,0,read,84.136,5772.451,106.004,
hot_key,1942,1,read,94.515,6878.008,98.259,
hot_key,1943,2,read,79.207,6925.176,409.345,
hot_key,1944,0,read,138.387,4723.468,264.036,
hot_key,1945,1,read,90.337,6311.679,89.133,
hot_key,1946,2,read,134.62,5789.583,124.257,
hot_key,1947,0,write,120.584,12809.634,205.207,
hot_key,1948,1,write,191.063,8690.384,108.068,
hot_key,1949,2,write,90.678,14521.905,106.334,
hot_key,1950,0,read,86.43,3862.534,126.371,
hot_key,1951,1,read,98.252,5435.877,99.702,
hot_key,1952,2,read,58.729,5009.107,316.964,
hot_key,1953,0,read,74.217,4698.08,147.471,
hot_key,1954,1,read,55.803,7981.632,213.803,
hot_key,1955,2,read,76.171,7138.991,129.938,
hot_key,1956,0,read,73.366,8894.112,136.64,
hot_key,1957,1,write,94.385,11575.838,290.856,
hot_key,1958,2,write,66.774,10547.374,588.287,
hot_key,1959,0,write,315.864,8838.028,285.166,
hot_key,1960,1,read,101.027,7062.69,121.292,
hot_key,1961,2,read,68.616,4645.183,53.807,
hot_key,1962,0,read,57.066,6680.664,18.621,
hot_key,1963,1,read,65.09,6255.455,204.316,
hot_key,1964,2,read,92.411,4009.806,94.973,
hot_key,1965,0,read,64.619,7303.796,356.358,
hot_key,1966,1,read,101.919,6196.727,388.336,
hot_key,1967,2,write,127.166,10712.24,327.814,
hot_key,1968,0,write,84.757,11929.804,91.156,
hot_key,1969,1,write,117.528,12371.932,183.407,
hot_key,1970,2,read,87.723,3679.314,90.575,
hot_key,1971,0,read,193.849,6170.998,108.859,
hot_key,1972,1,read,60.011,4320.011,83.362,
hot_key,1973,2,read,86.971,7250.067,104.601,
hot_key,1974,0,read,96.058,9734.378,111.083,
hot_key,1975,1,read,117.948,7311.42,134.667,
hot_key,1976,2,read,65.391,7238.405,120.16,
hot_key,1977,0,write,108.993,11399.493,189.868,
hot_key,1978,1,write,63.688,13610.997,209.796,
hot_key,1979,2,write,82.843,18871.26,25.795,
hot_key,1980,0,read,121.454,9506.906,351.118,
hot_key,1981,1,read,58.047,5882.965,332.313,
hot_key,1982,2,read,74.287,7078.729,111.815,
hot_key,1983,0,read,157.051,7892.947,216.138,
hot_key,1984,1,read,95.136,7157.305,100.123,
hot_key,1985,2,read,76.753,6726.689,120.57,
hot_key,1986,0,read,95.086,8808.614,121.222,
hot_key,1987,1,write,100.878,12254.997,213.372,
hot_key,1988,2,write,78.836,12867.921,105.683,
hot_key,1989,0,write,96.579,10037.56,217.029,
hot_key,1990,1,read,102.571,4661.173,138.353,
hot_key,1991,2,read,97.981,7727.391,103.279,
hot_key,1992,0,read,90.478,5601.425,118.356,
hot_key,1993,1,read,115.645,6773.164,106.855,
hot_key,1994,2,read,149.817,4441.004,106.315,
hot_key,1995,0,read,66.142,6546.744,84.484,
hot_key,1996,1,read,91.119,5883.848,112.986,
hot_key,1997,2,write,138.256,13424.862,136.35,
hot_key,1998,0,write,58.308,18716.713,205.308,
hot_key,1999,1,write,77.113,15754.557,196.111,
